ticker,googleTicker,companyName,sector,currentPrice,currentMarketCap,volume,price1D,price1W,price1M,price1Q,price1Y,price2Y,price3Y,price5Y,priceLongest
MMM,MMM,3M,Industrials,"=IFERROR(GOOGLEFINANCE(B2,""price""),"""")","=IFERROR(GOOGLEFINANCE(B2,""marketcap""),"""")","=IFERROR(GOOGLEFINANCE(B2,""volume""),"""")","=IFERROR(INDEX(GOOGLEFINANCE(B2,""close"",WORKDAY(TODAY(),-1),TODAY()),2,2),"""")","=IFERROR(INDEX(GOOGLEFINANCE(B2,""close"",WORKDAY(TODAY(),-5),TODAY()),2,2),"""")","=IFERROR(INDEX(GOOGLEFINANCE(B2,""close"",EDATE(TODAY(),-1),TODAY()),2,2),"""")","=IFERROR(INDEX(GOOGLEFINANCE(B2,""close"",EDATE(TODAY(),-3),TODAY()),2,2),"""")","=IFERROR(INDEX(GOOGLEFINANCE(B2,""close"",EDATE(TODAY(),-12),TODAY()),2,2),"""")","=IFERROR(INDEX(GOOGLEFINANCE(B2,""close"",EDATE(TODAY(),-24),TODAY()),2,2),"""")","=IFERROR(INDEX(GOOGLEFINANCE(B2,""close"",EDATE(TODAY(),-36),TODAY()),2,2),"""")","=IFERROR(INDEX(GOOGLEFINANCE(B2,""close"",EDATE(TODAY(),-60),TODAY()),2,2),"""")","=IFERROR(INDEX(GOOGLEFINANCE(B2,""close"",DATE(1970,1,1),TODAY()),2,2),"""")"
AOS,AOS,A. O. Smith,Industrials,"=IFERROR(GOOGLEFINANCE(B3,""price""),"""")","=IFERROR(GOOGLEFINANCE(B3,""marketcap""),"""")","=IFERROR(GOOGLEFINANCE(B3,""volume""),"""")","=IFERROR(INDEX(GOOGLEFINANCE(B3,""close"",WORKDAY(TODAY(),-1),TODAY()),2,2),"""")","=IFERROR(INDEX(GOOGLEFINANCE(B3,""close"",WORKDAY(TODAY(),-5),TODAY()),2,2),"""")","=IFERROR(INDEX(GOOGLEFINANCE(B3,""close"",EDATE(TODAY(),-1),TODAY()),2,2),"""")","=IFERROR(INDEX(GOOGLEFINANCE(B3,""close"",EDATE(TODAY(),-3),TODAY()),2,2),"""")","=IFERROR(INDEX(GOOGLEFINANCE(B3,""close"",EDATE(TODAY(),-12),TODAY()),2,2),"""")","=IFERROR(INDEX(GOOGLEFINANCE(B3,""close"",EDATE(TODAY(),-24),TODAY()),2,2),"""")","=IFERROR(INDEX(GOOGLEFINANCE(B3,""close"",EDATE(TODAY(),-36),TODAY()),2,2),"""")","=IFERROR(INDEX(GOOGLEFINANCE(B3,""close"",EDATE(TODAY(),-60),TODAY()),2,2),"""")","=IFERROR(INDEX(GOOGLEFINANCE(B3,""close"",DATE(1970,1,1),TODAY()),2,2),"""")"
ABT,ABT,Abbott Laboratories,Health Care,"=IFERROR(GOOGLEFINANCE(B4,""price""),"""")","=IFERROR(GOOGLEFINANCE(B4,""marketcap""),"""")","=IFERROR(GOOGLEFINANCE(B4,""volume""),"""")","=IFERROR(INDEX(GOOGLEFINANCE(B4,""close"",WORKDAY(TODAY(),-1),TODAY()),2,2),"""")","=IFERROR(INDEX(GOOGLEFINANCE(B4,""close"",WORKDAY(TODAY(),-5),TODAY()),2,2),"""")","=IFERROR(INDEX(GOOGLEFINANCE(B4,""close"",EDATE(TODAY(),-1),TODAY()),2,2),"""")","=IFERROR(INDEX(GOOGLEFINANCE(B4,""close"",EDATE(TODAY(),-3),TODAY()),2,2),"""")","=IFERROR(INDEX(GOOGLEFINANCE(B4,""close"",EDATE(TODAY(),-12),TODAY()),2,2),"""")","=IFERROR(INDEX(GOOGLEFINANCE(B4,""close"",EDATE(TODAY(),-24),TODAY()),2,2),"""")","=IFERROR(INDEX(GOOGLEFINANCE(B4,""close"",EDATE(TODAY(),-36),TODAY()),2,2),"""")","=IFERROR(INDEX(GOOGLEFINANCE(B4,""close"",EDATE(TODAY(),-60),TODAY()),2,2),"""")","=IFERROR(INDEX(GOOGLEFINANCE(B4,""close"",DATE(1970,1,1),TODAY()),2,2),"""")"
ABBV,ABBV,AbbVie,Health Care,"=IFERROR(GOOGLEFINANCE(B5,""price""),"""")","=IFERROR(GOOGLEFINANCE(B5,""marketcap""),"""")","=IFERROR(GOOGLEFINANCE(B5,""volume""),"""")","=IFERROR(INDEX(GOOGLEFINANCE(B5,""close"",WORKDAY(TODAY(),-1),TODAY()),2,2),"""")","=IFERROR(INDEX(GOOGLEFINANCE(B5,""close"",WORKDAY(TODAY(),-5),TODAY()),2,2),"""")","=IFERROR(INDEX(GOOGLEFINANCE(B5,""close"",EDATE(TODAY(),-1),TODAY()),2,2),"""")","=IFERROR(INDEX(GOOGLEFINANCE(B5,""close"",EDATE(TODAY(),-3),TODAY()),2,2),"""")","=IFERROR(INDEX(GOOGLEFINANCE(B5,""close"",EDATE(TODAY(),-12),TODAY()),2,2),"""")","=IFERROR(INDEX(GOOGLEFINANCE(B5,""close"",EDATE(TODAY(),-24),TODAY()),2,2),"""")","=IFERROR(INDEX(GOOGLEFINANCE(B5,""close"",EDATE(TODAY(),-36),TODAY()),2,2),"""")","=IFERROR(INDEX(GOOGLEFINANCE(B5,""close"",EDATE(TODAY(),-60),TODAY()),2,2),"""")","=IFERROR(INDEX(GOOGLEFINANCE(B5,""close"",DATE(1970,1,1),TODAY()),2,2),"""")"
ACN,ACN,Accenture,Information Technology,"=IFERROR(GOOGLEFINANCE(B6,""price""),"""")","=IFERROR(GOOGLEFINANCE(B6,""marketcap""),"""")","=IFERROR(GOOGLEFINANCE(B6,""volume""),"""")","=IFERROR(INDEX(GOOGLEFINANCE(B6,""close"",WORKDAY(TODAY(),-1),TODAY()),2,2),"""")","=IFERROR(INDEX(GOOGLEFINANCE(B6,""close"",WORKDAY(TODAY(),-5),TODAY()),2,2),"""")","=IFERROR(INDEX(GOOGLEFINANCE(B6,""close"",EDATE(TODAY(),-1),TODAY()),2,2),"""")","=IFERROR(INDEX(GOOGLEFINANCE(B6,""close"",EDATE(TODAY(),-3),TODAY()),2,2),"""")","=IFERROR(INDEX(GOOGLEFINANCE(B6,""close"",EDATE(TODAY(),-12),TODAY()),2,2),"""")","=IFERROR(INDEX(GOOGLEFINANCE(B6,""close"",EDATE(TODAY(),-24),TODAY()),2,2),"""")","=IFERROR(INDEX(GOOGLEFINANCE(B6,""close"",EDATE(TODAY(),-36),TODAY()),2,2),"""")","=IFERROR(INDEX(GOOGLEFINANCE(B6,""close"",EDATE(TODAY(),-60),TODAY()),2,2),"""")","=IFERROR(INDEX(GOOGLEFINANCE(B6,""close"",DATE(1970,1,1),TODAY()),2,2),"""")"
ADBE,ADBE,Adobe Inc.,Information Technology,"=IFERROR(GOOGLEFINANCE(B7,""price""),"""")","=IFERROR(GOOGLEFINANCE(B7,""marketcap""),"""")","=IFERROR(GOOGLEFINANCE(B7,""volume""),"""")","=IFERROR(INDEX(GOOGLEFINANCE(B7,""close"",WORKDAY(TODAY(),-1),TODAY()),2,2),"""")","=IFERROR(INDEX(GOOGLEFINANCE(B7,""close"",WORKDAY(TODAY(),-5),TODAY()),2,2),"""")","=IFERROR(INDEX(GOOGLEFINANCE(B7,""close"",EDATE(TODAY(),-1),TODAY()),2,2),"""")","=IFERROR(INDEX(GOOGLEFINANCE(B7,""close"",EDATE(TODAY(),-3),TODAY()),2,2),"""")","=IFERROR(INDEX(GOOGLEFINANCE(B7,""close"",EDATE(TODAY(),-12),TODAY()),2,2),"""")","=IFERROR(INDEX(GOOGLEFINANCE(B7,""close"",EDATE(TODAY(),-24),TODAY()),2,2),"""")","=IFERROR(INDEX(GOOGLEFINANCE(B7,""close"",EDATE(TODAY(),-36),TODAY()),2,2),"""")","=IFERROR(INDEX(GOOGLEFINANCE(B7,""close"",EDATE(TODAY(),-60),TODAY()),2,2),"""")","=IFERROR(INDEX(GOOGLEFINANCE(B7,""close"",DATE(1970,1,1),TODAY()),2,2),"""")"
AMD,AMD,Advanced Micro Devices,Information Technology,"=IFERROR(GOOGLEFINANCE(B8,""price""),"""")","=IFERROR(GOOGLEFINANCE(B8,""marketcap""),"""")","=IFERROR(GOOGLEFINANCE(B8,""volume""),"""")","=IFERROR(INDEX(GOOGLEFINANCE(B8,""close"",WORKDAY(TODAY(),-1),TODAY()),2,2),"""")","=IFERROR(INDEX(GOOGLEFINANCE(B8,""close"",WORKDAY(TODAY(),-5),TODAY()),2,2),"""")","=IFERROR(INDEX(GOOGLEFINANCE(B8,""close"",EDATE(TODAY(),-1),TODAY()),2,2),"""")","=IFERROR(INDEX(GOOGLEFINANCE(B8,""close"",EDATE(TODAY(),-3),TODAY()),2,2),"""")","=IFERROR(INDEX(GOOGLEFINANCE(B8,""close"",EDATE(TODAY(),-12),TODAY()),2,2),"""")","=IFERROR(INDEX(GOOGLEFINANCE(B8,""close"",EDATE(TODAY(),-24),TODAY()),2,2),"""")","=IFERROR(INDEX(GOOGLEFINANCE(B8,""close"",EDATE(TODAY(),-36),TODAY()),2,2),"""")","=IFERROR(INDEX(GOOGLEFINANCE(B8,""close"",EDATE(TODAY(),-60),TODAY()),2,2),"""")","=IFERROR(INDEX(GOOGLEFINANCE(B8,""close"",DATE(1970,1,1),TODAY()),2,2),"""")"
AES,AES,AES Corporation,Utilities,"=IFERROR(GOOGLEFINANCE(B9,""price""),"""")","=IFERROR(GOOGLEFINANCE(B9,""marketcap""),"""")","=IFERROR(GOOGLEFINANCE(B9,""volume""),"""")","=IFERROR(INDEX(GOOGLEFINANCE(B9,""close"",WORKDAY(TODAY(),-1),TODAY()),2,2),"""")","=IFERROR(INDEX(GOOGLEFINANCE(B9,""close"",WORKDAY(TODAY(),-5),TODAY()),2,2),"""")","=IFERROR(INDEX(GOOGLEFINANCE(B9,""close"",EDATE(TODAY(),-1),TODAY()),2,2),"""")","=IFERROR(INDEX(GOOGLEFINANCE(B9,""close"",EDATE(TODAY(),-3),TODAY()),2,2),"""")","=IFERROR(INDEX(GOOGLEFINANCE(B9,""close"",EDATE(TODAY(),-12),TODAY()),2,2),"""")","=IFERROR(INDEX(GOOGLEFINANCE(B9,""close"",EDATE(TODAY(),-24),TODAY()),2,2),"""")","=IFERROR(INDEX(GOOGLEFINANCE(B9,""close"",EDATE(TODAY(),-36),TODAY()),2,2),"""")","=IFERROR(INDEX(GOOGLEFINANCE(B9,""close"",EDATE(TODAY(),-60),TODAY()),2,2),"""")","=IFERROR(INDEX(GOOGLEFINANCE(B9,""close"",DATE(1970,1,1),TODAY()),2,2),"""")"
AFL,AFL,Aflac,Financials,"=IFERROR(GOOGLEFINANCE(B10,""price""),"""")","=IFERROR(GOOGLEFINANCE(B10,""marketcap""),"""")","=IFERROR(GOOGLEFINANCE(B10,""volume""),"""")","=IFERROR(INDEX(GOOGLEFINANCE(B10,""close"",WORKDAY(TODAY(),-1),TODAY()),2,2),"""")","=IFERROR(INDEX(GOOGLEFINANCE(B10,""close"",WORKDAY(TODAY(),-5),TODAY()),2,2),"""")","=IFERROR(INDEX(GOOGLEFINANCE(B10,""close"",EDATE(TODAY(),-1),TODAY()),2,2),"""")","=IFERROR(INDEX(GOOGLEFINANCE(B10,""close"",EDATE(TODAY(),-3),TODAY()),2,2),"""")","=IFERROR(INDEX(GOOGLEFINANCE(B10,""close"",EDATE(TODAY(),-12),TODAY()),2,2),"""")","=IFERROR(INDEX(GOOGLEFINANCE(B10,""close"",EDATE(TODAY(),-24),TODAY()),2,2),"""")","=IFERROR(INDEX(GOOGLEFINANCE(B10,""close"",EDATE(TODAY(),-36),TODAY()),2,2),"""")","=IFERROR(INDEX(GOOGLEFINANCE(B10,""close"",EDATE(TODAY(),-60),TODAY()),2,2),"""")","=IFERROR(INDEX(GOOGLEFINANCE(B10,""close"",DATE(1970,1,1),TODAY()),2,2),"""")"
A,A,Agilent Technologies,Health Care,"=IFERROR(GOOGLEFINANCE(B11,""price""),"""")","=IFERROR(GOOGLEFINANCE(B11,""marketcap""),"""")","=IFERROR(GOOGLEFINANCE(B11,""volume""),"""")","=IFERROR(INDEX(GOOGLEFINANCE(B11,""close"",WORKDAY(TODAY(),-1),TODAY()),2,2),"""")","=IFERROR(INDEX(GOOGLEFINANCE(B11,""close"",WORKDAY(TODAY(),-5),TODAY()),2,2),"""")","=IFERROR(INDEX(GOOGLEFINANCE(B11,""close"",EDATE(TODAY(),-1),TODAY()),2,2),"""")","=IFERROR(INDEX(GOOGLEFINANCE(B11,""close"",EDATE(TODAY(),-3),TODAY()),2,2),"""")","=IFERROR(INDEX(GOOGLEFINANCE(B11,""close"",EDATE(TODAY(),-12),TODAY()),2,2),"""")","=IFERROR(INDEX(GOOGLEFINANCE(B11,""close"",EDATE(TODAY(),-24),TODAY()),2,2),"""")","=IFERROR(INDEX(GOOGLEFINANCE(B11,""close"",EDATE(TODAY(),-36),TODAY()),2,2),"""")","=IFERROR(INDEX(GOOGLEFINANCE(B11,""close"",EDATE(TODAY(),-60),TODAY()),2,2),"""")","=IFERROR(INDEX(GOOGLEFINANCE(B11,""close"",DATE(1970,1,1),TODAY()),2,2),"""")"
APD,APD,Air Products,Materials,"=IFERROR(GOOGLEFINANCE(B12,""price""),"""")","=IFERROR(GOOGLEFINANCE(B12,""marketcap""),"""")","=IFERROR(GOOGLEFINANCE(B12,""volume""),"""")","=IFERROR(INDEX(GOOGLEFINANCE(B12,""close"",WORKDAY(TODAY(),-1),TODAY()),2,2),"""")","=IFERROR(INDEX(GOOGLEFINANCE(B12,""close"",WORKDAY(TODAY(),-5),TODAY()),2,2),"""")","=IFERROR(INDEX(GOOGLEFINANCE(B12,""close"",EDATE(TODAY(),-1),TODAY()),2,2),"""")","=IFERROR(INDEX(GOOGLEFINANCE(B12,""close"",EDATE(TODAY(),-3),TODAY()),2,2),"""")","=IFERROR(INDEX(GOOGLEFINANCE(B12,""close"",EDATE(TODAY(),-12),TODAY()),2,2),"""")","=IFERROR(INDEX(GOOGLEFINANCE(B12,""close"",EDATE(TODAY(),-24),TODAY()),2,2),"""")","=IFERROR(INDEX(GOOGLEFINANCE(B12,""close"",EDATE(TODAY(),-36),TODAY()),2,2),"""")","=IFERROR(INDEX(GOOGLEFINANCE(B12,""close"",EDATE(TODAY(),-60),TODAY()),2,2),"""")","=IFERROR(INDEX(GOOGLEFINANCE(B12,""close"",DATE(1970,1,1),TODAY()),2,2),"""")"
ABNB,ABNB,Airbnb,Consumer Discretionary,"=IFERROR(GOOGLEFINANCE(B13,""price""),"""")","=IFERROR(GOOGLEFINANCE(B13,""marketcap""),"""")","=IFERROR(GOOGLEFINANCE(B13,""volume""),"""")","=IFERROR(INDEX(GOOGLEFINANCE(B13,""close"",WORKDAY(TODAY(),-1),TODAY()),2,2),"""")","=IFERROR(INDEX(GOOGLEFINANCE(B13,""close"",WORKDAY(TODAY(),-5),TODAY()),2,2),"""")","=IFERROR(INDEX(GOOGLEFINANCE(B13,""close"",EDATE(TODAY(),-1),TODAY()),2,2),"""")","=IFERROR(INDEX(GOOGLEFINANCE(B13,""close"",EDATE(TODAY(),-3),TODAY()),2,2),"""")","=IFERROR(INDEX(GOOGLEFINANCE(B13,""close"",EDATE(TODAY(),-12),TODAY()),2,2),"""")","=IFERROR(INDEX(GOOGLEFINANCE(B13,""close"",EDATE(TODAY(),-24),TODAY()),2,2),"""")","=IFERROR(INDEX(GOOGLEFINANCE(B13,""close"",EDATE(TODAY(),-36),TODAY()),2,2),"""")","=IFERROR(INDEX(GOOGLEFINANCE(B13,""close"",EDATE(TODAY(),-60),TODAY()),2,2),"""")","=IFERROR(INDEX(GOOGLEFINANCE(B13,""close"",DATE(1970,1,1),TODAY()),2,2),"""")"
AKAM,AKAM,Akamai Technologies,Information Technology,"=IFERROR(GOOGLEFINANCE(B14,""price""),"""")","=IFERROR(GOOGLEFINANCE(B14,""marketcap""),"""")","=IFERROR(GOOGLEFINANCE(B14,""volume""),"""")","=IFERROR(INDEX(GOOGLEFINANCE(B14,""close"",WORKDAY(TODAY(),-1),TODAY()),2,2),"""")","=IFERROR(INDEX(GOOGLEFINANCE(B14,""close"",WORKDAY(TODAY(),-5),TODAY()),2,2),"""")","=IFERROR(INDEX(GOOGLEFINANCE(B14,""close"",EDATE(TODAY(),-1),TODAY()),2,2),"""")","=IFERROR(INDEX(GOOGLEFINANCE(B14,""close"",EDATE(TODAY(),-3),TODAY()),2,2),"""")","=IFERROR(INDEX(GOOGLEFINANCE(B14,""close"",EDATE(TODAY(),-12),TODAY()),2,2),"""")","=IFERROR(INDEX(GOOGLEFINANCE(B14,""close"",EDATE(TODAY(),-24),TODAY()),2,2),"""")","=IFERROR(INDEX(GOOGLEFINANCE(B14,""close"",EDATE(TODAY(),-36),TODAY()),2,2),"""")","=IFERROR(INDEX(GOOGLEFINANCE(B14,""close"",EDATE(TODAY(),-60),TODAY()),2,2),"""")","=IFERROR(INDEX(GOOGLEFINANCE(B14,""close"",DATE(1970,1,1),TODAY()),2,2),"""")"
ALB,ALB,Albemarle Corporation,Materials,"=IFERROR(GOOGLEFINANCE(B15,""price""),"""")","=IFERROR(GOOGLEFINANCE(B15,""marketcap""),"""")","=IFERROR(GOOGLEFINANCE(B15,""volume""),"""")","=IFERROR(INDEX(GOOGLEFINANCE(B15,""close"",WORKDAY(TODAY(),-1),TODAY()),2,2),"""")","=IFERROR(INDEX(GOOGLEFINANCE(B15,""close"",WORKDAY(TODAY(),-5),TODAY()),2,2),"""")","=IFERROR(INDEX(GOOGLEFINANCE(B15,""close"",EDATE(TODAY(),-1),TODAY()),2,2),"""")","=IFERROR(INDEX(GOOGLEFINANCE(B15,""close"",EDATE(TODAY(),-3),TODAY()),2,2),"""")","=IFERROR(INDEX(GOOGLEFINANCE(B15,""close"",EDATE(TODAY(),-12),TODAY()),2,2),"""")","=IFERROR(INDEX(GOOGLEFINANCE(B15,""close"",EDATE(TODAY(),-24),TODAY()),2,2),"""")","=IFERROR(INDEX(GOOGLEFINANCE(B15,""close"",EDATE(TODAY(),-36),TODAY()),2,2),"""")","=IFERROR(INDEX(GOOGLEFINANCE(B15,""close"",EDATE(TODAY(),-60),TODAY()),2,2),"""")","=IFERROR(INDEX(GOOGLEFINANCE(B15,""close"",DATE(1970,1,1),TODAY()),2,2),"""")"
ARE,ARE,Alexandria Real Estate Equities,Real Estate,"=IFERROR(GOOGLEFINANCE(B16,""price""),"""")","=IFERROR(GOOGLEFINANCE(B16,""marketcap""),"""")","=IFERROR(GOOGLEFINANCE(B16,""volume""),"""")","=IFERROR(INDEX(GOOGLEFINANCE(B16,""close"",WORKDAY(TODAY(),-1),TODAY()),2,2),"""")","=IFERROR(INDEX(GOOGLEFINANCE(B16,""close"",WORKDAY(TODAY(),-5),TODAY()),2,2),"""")","=IFERROR(INDEX(GOOGLEFINANCE(B16,""close"",EDATE(TODAY(),-1),TODAY()),2,2),"""")","=IFERROR(INDEX(GOOGLEFINANCE(B16,""close"",EDATE(TODAY(),-3),TODAY()),2,2),"""")","=IFERROR(INDEX(GOOGLEFINANCE(B16,""close"",EDATE(TODAY(),-12),TODAY()),2,2),"""")","=IFERROR(INDEX(GOOGLEFINANCE(B16,""close"",EDATE(TODAY(),-24),TODAY()),2,2),"""")","=IFERROR(INDEX(GOOGLEFINANCE(B16,""close"",EDATE(TODAY(),-36),TODAY()),2,2),"""")","=IFERROR(INDEX(GOOGLEFINANCE(B16,""close"",EDATE(TODAY(),-60),TODAY()),2,2),"""")","=IFERROR(INDEX(GOOGLEFINANCE(B16,""close"",DATE(1970,1,1),TODAY()),2,2),"""")"
ALGN,ALGN,Align Technology,Health Care,"=IFERROR(GOOGLEFINANCE(B17,""price""),"""")","=IFERROR(GOOGLEFINANCE(B17,""marketcap""),"""")","=IFERROR(GOOGLEFINANCE(B17,""volume""),"""")","=IFERROR(INDEX(GOOGLEFINANCE(B17,""close"",WORKDAY(TODAY(),-1),TODAY()),2,2),"""")","=IFERROR(INDEX(GOOGLEFINANCE(B17,""close"",WORKDAY(TODAY(),-5),TODAY()),2,2),"""")","=IFERROR(INDEX(GOOGLEFINANCE(B17,""close"",EDATE(TODAY(),-1),TODAY()),2,2),"""")","=IFERROR(INDEX(GOOGLEFINANCE(B17,""close"",EDATE(TODAY(),-3),TODAY()),2,2),"""")","=IFERROR(INDEX(GOOGLEFINANCE(B17,""close"",EDATE(TODAY(),-12),TODAY()),2,2),"""")","=IFERROR(INDEX(GOOGLEFINANCE(B17,""close"",EDATE(TODAY(),-24),TODAY()),2,2),"""")","=IFERROR(INDEX(GOOGLEFINANCE(B17,""close"",EDATE(TODAY(),-36),TODAY()),2,2),"""")","=IFERROR(INDEX(GOOGLEFINANCE(B17,""close"",EDATE(TODAY(),-60),TODAY()),2,2),"""")","=IFERROR(INDEX(GOOGLEFINANCE(B17,""close"",DATE(1970,1,1),TODAY()),2,2),"""")"
ALLE,ALLE,Allegion,Industrials,"=IFERROR(GOOGLEFINANCE(B18,""price""),"""")","=IFERROR(GOOGLEFINANCE(B18,""marketcap""),"""")","=IFERROR(GOOGLEFINANCE(B18,""volume""),"""")","=IFERROR(INDEX(GOOGLEFINANCE(B18,""close"",WORKDAY(TODAY(),-1),TODAY()),2,2),"""")","=IFERROR(INDEX(GOOGLEFINANCE(B18,""close"",WORKDAY(TODAY(),-5),TODAY()),2,2),"""")","=IFERROR(INDEX(GOOGLEFINANCE(B18,""close"",EDATE(TODAY(),-1),TODAY()),2,2),"""")","=IFERROR(INDEX(GOOGLEFINANCE(B18,""close"",EDATE(TODAY(),-3),TODAY()),2,2),"""")","=IFERROR(INDEX(GOOGLEFINANCE(B18,""close"",EDATE(TODAY(),-12),TODAY()),2,2),"""")","=IFERROR(INDEX(GOOGLEFINANCE(B18,""close"",EDATE(TODAY(),-24),TODAY()),2,2),"""")","=IFERROR(INDEX(GOOGLEFINANCE(B18,""close"",EDATE(TODAY(),-36),TODAY()),2,2),"""")","=IFERROR(INDEX(GOOGLEFINANCE(B18,""close"",EDATE(TODAY(),-60),TODAY()),2,2),"""")","=IFERROR(INDEX(GOOGLEFINANCE(B18,""close"",DATE(1970,1,1),TODAY()),2,2),"""")"
LNT,LNT,Alliant Energy,Utilities,"=IFERROR(GOOGLEFINANCE(B19,""price""),"""")","=IFERROR(GOOGLEFINANCE(B19,""marketcap""),"""")","=IFERROR(GOOGLEFINANCE(B19,""volume""),"""")","=IFERROR(INDEX(GOOGLEFINANCE(B19,""close"",WORKDAY(TODAY(),-1),TODAY()),2,2),"""")","=IFERROR(INDEX(GOOGLEFINANCE(B19,""close"",WORKDAY(TODAY(),-5),TODAY()),2,2),"""")","=IFERROR(INDEX(GOOGLEFINANCE(B19,""close"",EDATE(TODAY(),-1),TODAY()),2,2),"""")","=IFERROR(INDEX(GOOGLEFINANCE(B19,""close"",EDATE(TODAY(),-3),TODAY()),2,2),"""")","=IFERROR(INDEX(GOOGLEFINANCE(B19,""close"",EDATE(TODAY(),-12),TODAY()),2,2),"""")","=IFERROR(INDEX(GOOGLEFINANCE(B19,""close"",EDATE(TODAY(),-24),TODAY()),2,2),"""")","=IFERROR(INDEX(GOOGLEFINANCE(B19,""close"",EDATE(TODAY(),-36),TODAY()),2,2),"""")","=IFERROR(INDEX(GOOGLEFINANCE(B19,""close"",EDATE(TODAY(),-60),TODAY()),2,2),"""")","=IFERROR(INDEX(GOOGLEFINANCE(B19,""close"",DATE(1970,1,1),TODAY()),2,2),"""")"
ALL,ALL,Allstate,Financials,"=IFERROR(GOOGLEFINANCE(B20,""price""),"""")","=IFERROR(GOOGLEFINANCE(B20,""marketcap""),"""")","=IFERROR(GOOGLEFINANCE(B20,""volume""),"""")","=IFERROR(INDEX(GOOGLEFINANCE(B20,""close"",WORKDAY(TODAY(),-1),TODAY()),2,2),"""")","=IFERROR(INDEX(GOOGLEFINANCE(B20,""close"",WORKDAY(TODAY(),-5),TODAY()),2,2),"""")","=IFERROR(INDEX(GOOGLEFINANCE(B20,""close"",EDATE(TODAY(),-1),TODAY()),2,2),"""")","=IFERROR(INDEX(GOOGLEFINANCE(B20,""close"",EDATE(TODAY(),-3),TODAY()),2,2),"""")","=IFERROR(INDEX(GOOGLEFINANCE(B20,""close"",EDATE(TODAY(),-12),TODAY()),2,2),"""")","=IFERROR(INDEX(GOOGLEFINANCE(B20,""close"",EDATE(TODAY(),-24),TODAY()),2,2),"""")","=IFERROR(INDEX(GOOGLEFINANCE(B20,""close"",EDATE(TODAY(),-36),TODAY()),2,2),"""")","=IFERROR(INDEX(GOOGLEFINANCE(B20,""close"",EDATE(TODAY(),-60),TODAY()),2,2),"""")","=IFERROR(INDEX(GOOGLEFINANCE(B20,""close"",DATE(1970,1,1),TODAY()),2,2),"""")"
GOOGL,GOOGL,Alphabet Inc. (Class A),Communication Services,"=IFERROR(GOOGLEFINANCE(B21,""price""),"""")","=IFERROR(GOOGLEFINANCE(B21,""marketcap""),"""")","=IFERROR(GOOGLEFINANCE(B21,""volume""),"""")","=IFERROR(INDEX(GOOGLEFINANCE(B21,""close"",WORKDAY(TODAY(),-1),TODAY()),2,2),"""")","=IFERROR(INDEX(GOOGLEFINANCE(B21,""close"",WORKDAY(TODAY(),-5),TODAY()),2,2),"""")","=IFERROR(INDEX(GOOGLEFINANCE(B21,""close"",EDATE(TODAY(),-1),TODAY()),2,2),"""")","=IFERROR(INDEX(GOOGLEFINANCE(B21,""close"",EDATE(TODAY(),-3),TODAY()),2,2),"""")","=IFERROR(INDEX(GOOGLEFINANCE(B21,""close"",EDATE(TODAY(),-12),TODAY()),2,2),"""")","=IFERROR(INDEX(GOOGLEFINANCE(B21,""close"",EDATE(TODAY(),-24),TODAY()),2,2),"""")","=IFERROR(INDEX(GOOGLEFINANCE(B21,""close"",EDATE(TODAY(),-36),TODAY()),2,2),"""")","=IFERROR(INDEX(GOOGLEFINANCE(B21,""close"",EDATE(TODAY(),-60),TODAY()),2,2),"""")","=IFERROR(INDEX(GOOGLEFINANCE(B21,""close"",DATE(1970,1,1),TODAY()),2,2),"""")"
GOOG,GOOG,Alphabet Inc. (Class C),Communication Services,"=IFERROR(GOOGLEFINANCE(B22,""price""),"""")","=IFERROR(GOOGLEFINANCE(B22,""marketcap""),"""")","=IFERROR(GOOGLEFINANCE(B22,""volume""),"""")","=IFERROR(INDEX(GOOGLEFINANCE(B22,""close"",WORKDAY(TODAY(),-1),TODAY()),2,2),"""")","=IFERROR(INDEX(GOOGLEFINANCE(B22,""close"",WORKDAY(TODAY(),-5),TODAY()),2,2),"""")","=IFERROR(INDEX(GOOGLEFINANCE(B22,""close"",EDATE(TODAY(),-1),TODAY()),2,2),"""")","=IFERROR(INDEX(GOOGLEFINANCE(B22,""close"",EDATE(TODAY(),-3),TODAY()),2,2),"""")","=IFERROR(INDEX(GOOGLEFINANCE(B22,""close"",EDATE(TODAY(),-12),TODAY()),2,2),"""")","=IFERROR(INDEX(GOOGLEFINANCE(B22,""close"",EDATE(TODAY(),-24),TODAY()),2,2),"""")","=IFERROR(INDEX(GOOGLEFINANCE(B22,""close"",EDATE(TODAY(),-36),TODAY()),2,2),"""")","=IFERROR(INDEX(GOOGLEFINANCE(B22,""close"",EDATE(TODAY(),-60),TODAY()),2,2),"""")","=IFERROR(INDEX(GOOGLEFINANCE(B22,""close"",DATE(1970,1,1),TODAY()),2,2),"""")"
MO,MO,Altria,Consumer Staples,"=IFERROR(GOOGLEFINANCE(B23,""price""),"""")","=IFERROR(GOOGLEFINANCE(B23,""marketcap""),"""")","=IFERROR(GOOGLEFINANCE(B23,""volume""),"""")","=IFERROR(INDEX(GOOGLEFINANCE(B23,""close"",WORKDAY(TODAY(),-1),TODAY()),2,2),"""")","=IFERROR(INDEX(GOOGLEFINANCE(B23,""close"",WORKDAY(TODAY(),-5),TODAY()),2,2),"""")","=IFERROR(INDEX(GOOGLEFINANCE(B23,""close"",EDATE(TODAY(),-1),TODAY()),2,2),"""")","=IFERROR(INDEX(GOOGLEFINANCE(B23,""close"",EDATE(TODAY(),-3),TODAY()),2,2),"""")","=IFERROR(INDEX(GOOGLEFINANCE(B23,""close"",EDATE(TODAY(),-12),TODAY()),2,2),"""")","=IFERROR(INDEX(GOOGLEFINANCE(B23,""close"",EDATE(TODAY(),-24),TODAY()),2,2),"""")","=IFERROR(INDEX(GOOGLEFINANCE(B23,""close"",EDATE(TODAY(),-36),TODAY()),2,2),"""")","=IFERROR(INDEX(GOOGLEFINANCE(B23,""close"",EDATE(TODAY(),-60),TODAY()),2,2),"""")","=IFERROR(INDEX(GOOGLEFINANCE(B23,""close"",DATE(1970,1,1),TODAY()),2,2),"""")"
AMZN,AMZN,Amazon,Consumer Discretionary,"=IFERROR(GOOGLEFINANCE(B24,""price""),"""")","=IFERROR(GOOGLEFINANCE(B24,""marketcap""),"""")","=IFERROR(GOOGLEFINANCE(B24,""volume""),"""")","=IFERROR(INDEX(GOOGLEFINANCE(B24,""close"",WORKDAY(TODAY(),-1),TODAY()),2,2),"""")","=IFERROR(INDEX(GOOGLEFINANCE(B24,""close"",WORKDAY(TODAY(),-5),TODAY()),2,2),"""")","=IFERROR(INDEX(GOOGLEFINANCE(B24,""close"",EDATE(TODAY(),-1),TODAY()),2,2),"""")","=IFERROR(INDEX(GOOGLEFINANCE(B24,""close"",EDATE(TODAY(),-3),TODAY()),2,2),"""")","=IFERROR(INDEX(GOOGLEFINANCE(B24,""close"",EDATE(TODAY(),-12),TODAY()),2,2),"""")","=IFERROR(INDEX(GOOGLEFINANCE(B24,""close"",EDATE(TODAY(),-24),TODAY()),2,2),"""")","=IFERROR(INDEX(GOOGLEFINANCE(B24,""close"",EDATE(TODAY(),-36),TODAY()),2,2),"""")","=IFERROR(INDEX(GOOGLEFINANCE(B24,""close"",EDATE(TODAY(),-60),TODAY()),2,2),"""")","=IFERROR(INDEX(GOOGLEFINANCE(B24,""close"",DATE(1970,1,1),TODAY()),2,2),"""")"
AMCR,AMCR,Amcor,Materials,"=IFERROR(GOOGLEFINANCE(B25,""price""),"""")","=IFERROR(GOOGLEFINANCE(B25,""marketcap""),"""")","=IFERROR(GOOGLEFINANCE(B25,""volume""),"""")","=IFERROR(INDEX(GOOGLEFINANCE(B25,""close"",WORKDAY(TODAY(),-1),TODAY()),2,2),"""")","=IFERROR(INDEX(GOOGLEFINANCE(B25,""close"",WORKDAY(TODAY(),-5),TODAY()),2,2),"""")","=IFERROR(INDEX(GOOGLEFINANCE(B25,""close"",EDATE(TODAY(),-1),TODAY()),2,2),"""")","=IFERROR(INDEX(GOOGLEFINANCE(B25,""close"",EDATE(TODAY(),-3),TODAY()),2,2),"""")","=IFERROR(INDEX(GOOGLEFINANCE(B25,""close"",EDATE(TODAY(),-12),TODAY()),2,2),"""")","=IFERROR(INDEX(GOOGLEFINANCE(B25,""close"",EDATE(TODAY(),-24),TODAY()),2,2),"""")","=IFERROR(INDEX(GOOGLEFINANCE(B25,""close"",EDATE(TODAY(),-36),TODAY()),2,2),"""")","=IFERROR(INDEX(GOOGLEFINANCE(B25,""close"",EDATE(TODAY(),-60),TODAY()),2,2),"""")","=IFERROR(INDEX(GOOGLEFINANCE(B25,""close"",DATE(1970,1,1),TODAY()),2,2),"""")"
AEE,AEE,Ameren,Utilities,"=IFERROR(GOOGLEFINANCE(B26,""price""),"""")","=IFERROR(GOOGLEFINANCE(B26,""marketcap""),"""")","=IFERROR(GOOGLEFINANCE(B26,""volume""),"""")","=IFERROR(INDEX(GOOGLEFINANCE(B26,""close"",WORKDAY(TODAY(),-1),TODAY()),2,2),"""")","=IFERROR(INDEX(GOOGLEFINANCE(B26,""close"",WORKDAY(TODAY(),-5),TODAY()),2,2),"""")","=IFERROR(INDEX(GOOGLEFINANCE(B26,""close"",EDATE(TODAY(),-1),TODAY()),2,2),"""")","=IFERROR(INDEX(GOOGLEFINANCE(B26,""close"",EDATE(TODAY(),-3),TODAY()),2,2),"""")","=IFERROR(INDEX(GOOGLEFINANCE(B26,""close"",EDATE(TODAY(),-12),TODAY()),2,2),"""")","=IFERROR(INDEX(GOOGLEFINANCE(B26,""close"",EDATE(TODAY(),-24),TODAY()),2,2),"""")","=IFERROR(INDEX(GOOGLEFINANCE(B26,""close"",EDATE(TODAY(),-36),TODAY()),2,2),"""")","=IFERROR(INDEX(GOOGLEFINANCE(B26,""close"",EDATE(TODAY(),-60),TODAY()),2,2),"""")","=IFERROR(INDEX(GOOGLEFINANCE(B26,""close"",DATE(1970,1,1),TODAY()),2,2),"""")"
AEP,AEP,American Electric Power,Utilities,"=IFERROR(GOOGLEFINANCE(B27,""price""),"""")","=IFERROR(GOOGLEFINANCE(B27,""marketcap""),"""")","=IFERROR(GOOGLEFINANCE(B27,""volume""),"""")","=IFERROR(INDEX(GOOGLEFINANCE(B27,""close"",WORKDAY(TODAY(),-1),TODAY()),2,2),"""")","=IFERROR(INDEX(GOOGLEFINANCE(B27,""close"",WORKDAY(TODAY(),-5),TODAY()),2,2),"""")","=IFERROR(INDEX(GOOGLEFINANCE(B27,""close"",EDATE(TODAY(),-1),TODAY()),2,2),"""")","=IFERROR(INDEX(GOOGLEFINANCE(B27,""close"",EDATE(TODAY(),-3),TODAY()),2,2),"""")","=IFERROR(INDEX(GOOGLEFINANCE(B27,""close"",EDATE(TODAY(),-12),TODAY()),2,2),"""")","=IFERROR(INDEX(GOOGLEFINANCE(B27,""close"",EDATE(TODAY(),-24),TODAY()),2,2),"""")","=IFERROR(INDEX(GOOGLEFINANCE(B27,""close"",EDATE(TODAY(),-36),TODAY()),2,2),"""")","=IFERROR(INDEX(GOOGLEFINANCE(B27,""close"",EDATE(TODAY(),-60),TODAY()),2,2),"""")","=IFERROR(INDEX(GOOGLEFINANCE(B27,""close"",DATE(1970,1,1),TODAY()),2,2),"""")"
AXP,AXP,American Express,Financials,"=IFERROR(GOOGLEFINANCE(B28,""price""),"""")","=IFERROR(GOOGLEFINANCE(B28,""marketcap""),"""")","=IFERROR(GOOGLEFINANCE(B28,""volume""),"""")","=IFERROR(INDEX(GOOGLEFINANCE(B28,""close"",WORKDAY(TODAY(),-1),TODAY()),2,2),"""")","=IFERROR(INDEX(GOOGLEFINANCE(B28,""close"",WORKDAY(TODAY(),-5),TODAY()),2,2),"""")","=IFERROR(INDEX(GOOGLEFINANCE(B28,""close"",EDATE(TODAY(),-1),TODAY()),2,2),"""")","=IFERROR(INDEX(GOOGLEFINANCE(B28,""close"",EDATE(TODAY(),-3),TODAY()),2,2),"""")","=IFERROR(INDEX(GOOGLEFINANCE(B28,""close"",EDATE(TODAY(),-12),TODAY()),2,2),"""")","=IFERROR(INDEX(GOOGLEFINANCE(B28,""close"",EDATE(TODAY(),-24),TODAY()),2,2),"""")","=IFERROR(INDEX(GOOGLEFINANCE(B28,""close"",EDATE(TODAY(),-36),TODAY()),2,2),"""")","=IFERROR(INDEX(GOOGLEFINANCE(B28,""close"",EDATE(TODAY(),-60),TODAY()),2,2),"""")","=IFERROR(INDEX(GOOGLEFINANCE(B28,""close"",DATE(1970,1,1),TODAY()),2,2),"""")"
AIG,AIG,American International Group,Financials,"=IFERROR(GOOGLEFINANCE(B29,""price""),"""")","=IFERROR(GOOGLEFINANCE(B29,""marketcap""),"""")","=IFERROR(GOOGLEFINANCE(B29,""volume""),"""")","=IFERROR(INDEX(GOOGLEFINANCE(B29,""close"",WORKDAY(TODAY(),-1),TODAY()),2,2),"""")","=IFERROR(INDEX(GOOGLEFINANCE(B29,""close"",WORKDAY(TODAY(),-5),TODAY()),2,2),"""")","=IFERROR(INDEX(GOOGLEFINANCE(B29,""close"",EDATE(TODAY(),-1),TODAY()),2,2),"""")","=IFERROR(INDEX(GOOGLEFINANCE(B29,""close"",EDATE(TODAY(),-3),TODAY()),2,2),"""")","=IFERROR(INDEX(GOOGLEFINANCE(B29,""close"",EDATE(TODAY(),-12),TODAY()),2,2),"""")","=IFERROR(INDEX(GOOGLEFINANCE(B29,""close"",EDATE(TODAY(),-24),TODAY()),2,2),"""")","=IFERROR(INDEX(GOOGLEFINANCE(B29,""close"",EDATE(TODAY(),-36),TODAY()),2,2),"""")","=IFERROR(INDEX(GOOGLEFINANCE(B29,""close"",EDATE(TODAY(),-60),TODAY()),2,2),"""")","=IFERROR(INDEX(GOOGLEFINANCE(B29,""close"",DATE(1970,1,1),TODAY()),2,2),"""")"
AMT,AMT,American Tower,Real Estate,"=IFERROR(GOOGLEFINANCE(B30,""price""),"""")","=IFERROR(GOOGLEFINANCE(B30,""marketcap""),"""")","=IFERROR(GOOGLEFINANCE(B30,""volume""),"""")","=IFERROR(INDEX(GOOGLEFINANCE(B30,""close"",WORKDAY(TODAY(),-1),TODAY()),2,2),"""")","=IFERROR(INDEX(GOOGLEFINANCE(B30,""close"",WORKDAY(TODAY(),-5),TODAY()),2,2),"""")","=IFERROR(INDEX(GOOGLEFINANCE(B30,""close"",EDATE(TODAY(),-1),TODAY()),2,2),"""")","=IFERROR(INDEX(GOOGLEFINANCE(B30,""close"",EDATE(TODAY(),-3),TODAY()),2,2),"""")","=IFERROR(INDEX(GOOGLEFINANCE(B30,""close"",EDATE(TODAY(),-12),TODAY()),2,2),"""")","=IFERROR(INDEX(GOOGLEFINANCE(B30,""close"",EDATE(TODAY(),-24),TODAY()),2,2),"""")","=IFERROR(INDEX(GOOGLEFINANCE(B30,""close"",EDATE(TODAY(),-36),TODAY()),2,2),"""")","=IFERROR(INDEX(GOOGLEFINANCE(B30,""close"",EDATE(TODAY(),-60),TODAY()),2,2),"""")","=IFERROR(INDEX(GOOGLEFINANCE(B30,""close"",DATE(1970,1,1),TODAY()),2,2),"""")"
AWK,AWK,American Water Works,Utilities,"=IFERROR(GOOGLEFINANCE(B31,""price""),"""")","=IFERROR(GOOGLEFINANCE(B31,""marketcap""),"""")","=IFERROR(GOOGLEFINANCE(B31,""volume""),"""")","=IFERROR(INDEX(GOOGLEFINANCE(B31,""close"",WORKDAY(TODAY(),-1),TODAY()),2,2),"""")","=IFERROR(INDEX(GOOGLEFINANCE(B31,""close"",WORKDAY(TODAY(),-5),TODAY()),2,2),"""")","=IFERROR(INDEX(GOOGLEFINANCE(B31,""close"",EDATE(TODAY(),-1),TODAY()),2,2),"""")","=IFERROR(INDEX(GOOGLEFINANCE(B31,""close"",EDATE(TODAY(),-3),TODAY()),2,2),"""")","=IFERROR(INDEX(GOOGLEFINANCE(B31,""close"",EDATE(TODAY(),-12),TODAY()),2,2),"""")","=IFERROR(INDEX(GOOGLEFINANCE(B31,""close"",EDATE(TODAY(),-24),TODAY()),2,2),"""")","=IFERROR(INDEX(GOOGLEFINANCE(B31,""close"",EDATE(TODAY(),-36),TODAY()),2,2),"""")","=IFERROR(INDEX(GOOGLEFINANCE(B31,""close"",EDATE(TODAY(),-60),TODAY()),2,2),"""")","=IFERROR(INDEX(GOOGLEFINANCE(B31,""close"",DATE(1970,1,1),TODAY()),2,2),"""")"
AMP,AMP,Ameriprise Financial,Financials,"=IFERROR(GOOGLEFINANCE(B32,""price""),"""")","=IFERROR(GOOGLEFINANCE(B32,""marketcap""),"""")","=IFERROR(GOOGLEFINANCE(B32,""volume""),"""")","=IFERROR(INDEX(GOOGLEFINANCE(B32,""close"",WORKDAY(TODAY(),-1),TODAY()),2,2),"""")","=IFERROR(INDEX(GOOGLEFINANCE(B32,""close"",WORKDAY(TODAY(),-5),TODAY()),2,2),"""")","=IFERROR(INDEX(GOOGLEFINANCE(B32,""close"",EDATE(TODAY(),-1),TODAY()),2,2),"""")","=IFERROR(INDEX(GOOGLEFINANCE(B32,""close"",EDATE(TODAY(),-3),TODAY()),2,2),"""")","=IFERROR(INDEX(GOOGLEFINANCE(B32,""close"",EDATE(TODAY(),-12),TODAY()),2,2),"""")","=IFERROR(INDEX(GOOGLEFINANCE(B32,""close"",EDATE(TODAY(),-24),TODAY()),2,2),"""")","=IFERROR(INDEX(GOOGLEFINANCE(B32,""close"",EDATE(TODAY(),-36),TODAY()),2,2),"""")","=IFERROR(INDEX(GOOGLEFINANCE(B32,""close"",EDATE(TODAY(),-60),TODAY()),2,2),"""")","=IFERROR(INDEX(GOOGLEFINANCE(B32,""close"",DATE(1970,1,1),TODAY()),2,2),"""")"
AME,AME,Ametek,Industrials,"=IFERROR(GOOGLEFINANCE(B33,""price""),"""")","=IFERROR(GOOGLEFINANCE(B33,""marketcap""),"""")","=IFERROR(GOOGLEFINANCE(B33,""volume""),"""")","=IFERROR(INDEX(GOOGLEFINANCE(B33,""close"",WORKDAY(TODAY(),-1),TODAY()),2,2),"""")","=IFERROR(INDEX(GOOGLEFINANCE(B33,""close"",WORKDAY(TODAY(),-5),TODAY()),2,2),"""")","=IFERROR(INDEX(GOOGLEFINANCE(B33,""close"",EDATE(TODAY(),-1),TODAY()),2,2),"""")","=IFERROR(INDEX(GOOGLEFINANCE(B33,""close"",EDATE(TODAY(),-3),TODAY()),2,2),"""")","=IFERROR(INDEX(GOOGLEFINANCE(B33,""close"",EDATE(TODAY(),-12),TODAY()),2,2),"""")","=IFERROR(INDEX(GOOGLEFINANCE(B33,""close"",EDATE(TODAY(),-24),TODAY()),2,2),"""")","=IFERROR(INDEX(GOOGLEFINANCE(B33,""close"",EDATE(TODAY(),-36),TODAY()),2,2),"""")","=IFERROR(INDEX(GOOGLEFINANCE(B33,""close"",EDATE(TODAY(),-60),TODAY()),2,2),"""")","=IFERROR(INDEX(GOOGLEFINANCE(B33,""close"",DATE(1970,1,1),TODAY()),2,2),"""")"
AMGN,AMGN,Amgen,Health Care,"=IFERROR(GOOGLEFINANCE(B34,""price""),"""")","=IFERROR(GOOGLEFINANCE(B34,""marketcap""),"""")","=IFERROR(GOOGLEFINANCE(B34,""volume""),"""")","=IFERROR(INDEX(GOOGLEFINANCE(B34,""close"",WORKDAY(TODAY(),-1),TODAY()),2,2),"""")","=IFERROR(INDEX(GOOGLEFINANCE(B34,""close"",WORKDAY(TODAY(),-5),TODAY()),2,2),"""")","=IFERROR(INDEX(GOOGLEFINANCE(B34,""close"",EDATE(TODAY(),-1),TODAY()),2,2),"""")","=IFERROR(INDEX(GOOGLEFINANCE(B34,""close"",EDATE(TODAY(),-3),TODAY()),2,2),"""")","=IFERROR(INDEX(GOOGLEFINANCE(B34,""close"",EDATE(TODAY(),-12),TODAY()),2,2),"""")","=IFERROR(INDEX(GOOGLEFINANCE(B34,""close"",EDATE(TODAY(),-24),TODAY()),2,2),"""")","=IFERROR(INDEX(GOOGLEFINANCE(B34,""close"",EDATE(TODAY(),-36),TODAY()),2,2),"""")","=IFERROR(INDEX(GOOGLEFINANCE(B34,""close"",EDATE(TODAY(),-60),TODAY()),2,2),"""")","=IFERROR(INDEX(GOOGLEFINANCE(B34,""close"",DATE(1970,1,1),TODAY()),2,2),"""")"
APH,APH,Amphenol,Information Technology,"=IFERROR(GOOGLEFINANCE(B35,""price""),"""")","=IFERROR(GOOGLEFINANCE(B35,""marketcap""),"""")","=IFERROR(GOOGLEFINANCE(B35,""volume""),"""")","=IFERROR(INDEX(GOOGLEFINANCE(B35,""close"",WORKDAY(TODAY(),-1),TODAY()),2,2),"""")","=IFERROR(INDEX(GOOGLEFINANCE(B35,""close"",WORKDAY(TODAY(),-5),TODAY()),2,2),"""")","=IFERROR(INDEX(GOOGLEFINANCE(B35,""close"",EDATE(TODAY(),-1),TODAY()),2,2),"""")","=IFERROR(INDEX(GOOGLEFINANCE(B35,""close"",EDATE(TODAY(),-3),TODAY()),2,2),"""")","=IFERROR(INDEX(GOOGLEFINANCE(B35,""close"",EDATE(TODAY(),-12),TODAY()),2,2),"""")","=IFERROR(INDEX(GOOGLEFINANCE(B35,""close"",EDATE(TODAY(),-24),TODAY()),2,2),"""")","=IFERROR(INDEX(GOOGLEFINANCE(B35,""close"",EDATE(TODAY(),-36),TODAY()),2,2),"""")","=IFERROR(INDEX(GOOGLEFINANCE(B35,""close"",EDATE(TODAY(),-60),TODAY()),2,2),"""")","=IFERROR(INDEX(GOOGLEFINANCE(B35,""close"",DATE(1970,1,1),TODAY()),2,2),"""")"
ADI,ADI,Analog Devices,Information Technology,"=IFERROR(GOOGLEFINANCE(B36,""price""),"""")","=IFERROR(GOOGLEFINANCE(B36,""marketcap""),"""")","=IFERROR(GOOGLEFINANCE(B36,""volume""),"""")","=IFERROR(INDEX(GOOGLEFINANCE(B36,""close"",WORKDAY(TODAY(),-1),TODAY()),2,2),"""")","=IFERROR(INDEX(GOOGLEFINANCE(B36,""close"",WORKDAY(TODAY(),-5),TODAY()),2,2),"""")","=IFERROR(INDEX(GOOGLEFINANCE(B36,""close"",EDATE(TODAY(),-1),TODAY()),2,2),"""")","=IFERROR(INDEX(GOOGLEFINANCE(B36,""close"",EDATE(TODAY(),-3),TODAY()),2,2),"""")","=IFERROR(INDEX(GOOGLEFINANCE(B36,""close"",EDATE(TODAY(),-12),TODAY()),2,2),"""")","=IFERROR(INDEX(GOOGLEFINANCE(B36,""close"",EDATE(TODAY(),-24),TODAY()),2,2),"""")","=IFERROR(INDEX(GOOGLEFINANCE(B36,""close"",EDATE(TODAY(),-36),TODAY()),2,2),"""")","=IFERROR(INDEX(GOOGLEFINANCE(B36,""close"",EDATE(TODAY(),-60),TODAY()),2,2),"""")","=IFERROR(INDEX(GOOGLEFINANCE(B36,""close"",DATE(1970,1,1),TODAY()),2,2),"""")"
AON,AON,Aon plc,Financials,"=IFERROR(GOOGLEFINANCE(B37,""price""),"""")","=IFERROR(GOOGLEFINANCE(B37,""marketcap""),"""")","=IFERROR(GOOGLEFINANCE(B37,""volume""),"""")","=IFERROR(INDEX(GOOGLEFINANCE(B37,""close"",WORKDAY(TODAY(),-1),TODAY()),2,2),"""")","=IFERROR(INDEX(GOOGLEFINANCE(B37,""close"",WORKDAY(TODAY(),-5),TODAY()),2,2),"""")","=IFERROR(INDEX(GOOGLEFINANCE(B37,""close"",EDATE(TODAY(),-1),TODAY()),2,2),"""")","=IFERROR(INDEX(GOOGLEFINANCE(B37,""close"",EDATE(TODAY(),-3),TODAY()),2,2),"""")","=IFERROR(INDEX(GOOGLEFINANCE(B37,""close"",EDATE(TODAY(),-12),TODAY()),2,2),"""")","=IFERROR(INDEX(GOOGLEFINANCE(B37,""close"",EDATE(TODAY(),-24),TODAY()),2,2),"""")","=IFERROR(INDEX(GOOGLEFINANCE(B37,""close"",EDATE(TODAY(),-36),TODAY()),2,2),"""")","=IFERROR(INDEX(GOOGLEFINANCE(B37,""close"",EDATE(TODAY(),-60),TODAY()),2,2),"""")","=IFERROR(INDEX(GOOGLEFINANCE(B37,""close"",DATE(1970,1,1),TODAY()),2,2),"""")"
APA,APA,APA Corporation,Energy,"=IFERROR(GOOGLEFINANCE(B38,""price""),"""")","=IFERROR(GOOGLEFINANCE(B38,""marketcap""),"""")","=IFERROR(GOOGLEFINANCE(B38,""volume""),"""")","=IFERROR(INDEX(GOOGLEFINANCE(B38,""close"",WORKDAY(TODAY(),-1),TODAY()),2,2),"""")","=IFERROR(INDEX(GOOGLEFINANCE(B38,""close"",WORKDAY(TODAY(),-5),TODAY()),2,2),"""")","=IFERROR(INDEX(GOOGLEFINANCE(B38,""close"",EDATE(TODAY(),-1),TODAY()),2,2),"""")","=IFERROR(INDEX(GOOGLEFINANCE(B38,""close"",EDATE(TODAY(),-3),TODAY()),2,2),"""")","=IFERROR(INDEX(GOOGLEFINANCE(B38,""close"",EDATE(TODAY(),-12),TODAY()),2,2),"""")","=IFERROR(INDEX(GOOGLEFINANCE(B38,""close"",EDATE(TODAY(),-24),TODAY()),2,2),"""")","=IFERROR(INDEX(GOOGLEFINANCE(B38,""close"",EDATE(TODAY(),-36),TODAY()),2,2),"""")","=IFERROR(INDEX(GOOGLEFINANCE(B38,""close"",EDATE(TODAY(),-60),TODAY()),2,2),"""")","=IFERROR(INDEX(GOOGLEFINANCE(B38,""close"",DATE(1970,1,1),TODAY()),2,2),"""")"
APO,APO,Apollo Global Management,Financials,"=IFERROR(GOOGLEFINANCE(B39,""price""),"""")","=IFERROR(GOOGLEFINANCE(B39,""marketcap""),"""")","=IFERROR(GOOGLEFINANCE(B39,""volume""),"""")","=IFERROR(INDEX(GOOGLEFINANCE(B39,""close"",WORKDAY(TODAY(),-1),TODAY()),2,2),"""")","=IFERROR(INDEX(GOOGLEFINANCE(B39,""close"",WORKDAY(TODAY(),-5),TODAY()),2,2),"""")","=IFERROR(INDEX(GOOGLEFINANCE(B39,""close"",EDATE(TODAY(),-1),TODAY()),2,2),"""")","=IFERROR(INDEX(GOOGLEFINANCE(B39,""close"",EDATE(TODAY(),-3),TODAY()),2,2),"""")","=IFERROR(INDEX(GOOGLEFINANCE(B39,""close"",EDATE(TODAY(),-12),TODAY()),2,2),"""")","=IFERROR(INDEX(GOOGLEFINANCE(B39,""close"",EDATE(TODAY(),-24),TODAY()),2,2),"""")","=IFERROR(INDEX(GOOGLEFINANCE(B39,""close"",EDATE(TODAY(),-36),TODAY()),2,2),"""")","=IFERROR(INDEX(GOOGLEFINANCE(B39,""close"",EDATE(TODAY(),-60),TODAY()),2,2),"""")","=IFERROR(INDEX(GOOGLEFINANCE(B39,""close"",DATE(1970,1,1),TODAY()),2,2),"""")"
AAPL,AAPL,Apple Inc.,Information Technology,"=IFERROR(GOOGLEFINANCE(B40,""price""),"""")","=IFERROR(GOOGLEFINANCE(B40,""marketcap""),"""")","=IFERROR(GOOGLEFINANCE(B40,""volume""),"""")","=IFERROR(INDEX(GOOGLEFINANCE(B40,""close"",WORKDAY(TODAY(),-1),TODAY()),2,2),"""")","=IFERROR(INDEX(GOOGLEFINANCE(B40,""close"",WORKDAY(TODAY(),-5),TODAY()),2,2),"""")","=IFERROR(INDEX(GOOGLEFINANCE(B40,""close"",EDATE(TODAY(),-1),TODAY()),2,2),"""")","=IFERROR(INDEX(GOOGLEFINANCE(B40,""close"",EDATE(TODAY(),-3),TODAY()),2,2),"""")","=IFERROR(INDEX(GOOGLEFINANCE(B40,""close"",EDATE(TODAY(),-12),TODAY()),2,2),"""")","=IFERROR(INDEX(GOOGLEFINANCE(B40,""close"",EDATE(TODAY(),-24),TODAY()),2,2),"""")","=IFERROR(INDEX(GOOGLEFINANCE(B40,""close"",EDATE(TODAY(),-36),TODAY()),2,2),"""")","=IFERROR(INDEX(GOOGLEFINANCE(B40,""close"",EDATE(TODAY(),-60),TODAY()),2,2),"""")","=IFERROR(INDEX(GOOGLEFINANCE(B40,""close"",DATE(1970,1,1),TODAY()),2,2),"""")"
AMAT,AMAT,Applied Materials,Information Technology,"=IFERROR(GOOGLEFINANCE(B41,""price""),"""")","=IFERROR(GOOGLEFINANCE(B41,""marketcap""),"""")","=IFERROR(GOOGLEFINANCE(B41,""volume""),"""")","=IFERROR(INDEX(GOOGLEFINANCE(B41,""close"",WORKDAY(TODAY(),-1),TODAY()),2,2),"""")","=IFERROR(INDEX(GOOGLEFINANCE(B41,""close"",WORKDAY(TODAY(),-5),TODAY()),2,2),"""")","=IFERROR(INDEX(GOOGLEFINANCE(B41,""close"",EDATE(TODAY(),-1),TODAY()),2,2),"""")","=IFERROR(INDEX(GOOGLEFINANCE(B41,""close"",EDATE(TODAY(),-3),TODAY()),2,2),"""")","=IFERROR(INDEX(GOOGLEFINANCE(B41,""close"",EDATE(TODAY(),-12),TODAY()),2,2),"""")","=IFERROR(INDEX(GOOGLEFINANCE(B41,""close"",EDATE(TODAY(),-24),TODAY()),2,2),"""")","=IFERROR(INDEX(GOOGLEFINANCE(B41,""close"",EDATE(TODAY(),-36),TODAY()),2,2),"""")","=IFERROR(INDEX(GOOGLEFINANCE(B41,""close"",EDATE(TODAY(),-60),TODAY()),2,2),"""")","=IFERROR(INDEX(GOOGLEFINANCE(B41,""close"",DATE(1970,1,1),TODAY()),2,2),"""")"
APP,APP,AppLovin,Information Technology,"=IFERROR(GOOGLEFINANCE(B42,""price""),"""")","=IFERROR(GOOGLEFINANCE(B42,""marketcap""),"""")","=IFERROR(GOOGLEFINANCE(B42,""volume""),"""")","=IFERROR(INDEX(GOOGLEFINANCE(B42,""close"",WORKDAY(TODAY(),-1),TODAY()),2,2),"""")","=IFERROR(INDEX(GOOGLEFINANCE(B42,""close"",WORKDAY(TODAY(),-5),TODAY()),2,2),"""")","=IFERROR(INDEX(GOOGLEFINANCE(B42,""close"",EDATE(TODAY(),-1),TODAY()),2,2),"""")","=IFERROR(INDEX(GOOGLEFINANCE(B42,""close"",EDATE(TODAY(),-3),TODAY()),2,2),"""")","=IFERROR(INDEX(GOOGLEFINANCE(B42,""close"",EDATE(TODAY(),-12),TODAY()),2,2),"""")","=IFERROR(INDEX(GOOGLEFINANCE(B42,""close"",EDATE(TODAY(),-24),TODAY()),2,2),"""")","=IFERROR(INDEX(GOOGLEFINANCE(B42,""close"",EDATE(TODAY(),-36),TODAY()),2,2),"""")","=IFERROR(INDEX(GOOGLEFINANCE(B42,""close"",EDATE(TODAY(),-60),TODAY()),2,2),"""")","=IFERROR(INDEX(GOOGLEFINANCE(B42,""close"",DATE(1970,1,1),TODAY()),2,2),"""")"
APTV,APTV,Aptiv,Consumer Discretionary,"=IFERROR(GOOGLEFINANCE(B43,""price""),"""")","=IFERROR(GOOGLEFINANCE(B43,""marketcap""),"""")","=IFERROR(GOOGLEFINANCE(B43,""volume""),"""")","=IFERROR(INDEX(GOOGLEFINANCE(B43,""close"",WORKDAY(TODAY(),-1),TODAY()),2,2),"""")","=IFERROR(INDEX(GOOGLEFINANCE(B43,""close"",WORKDAY(TODAY(),-5),TODAY()),2,2),"""")","=IFERROR(INDEX(GOOGLEFINANCE(B43,""close"",EDATE(TODAY(),-1),TODAY()),2,2),"""")","=IFERROR(INDEX(GOOGLEFINANCE(B43,""close"",EDATE(TODAY(),-3),TODAY()),2,2),"""")","=IFERROR(INDEX(GOOGLEFINANCE(B43,""close"",EDATE(TODAY(),-12),TODAY()),2,2),"""")","=IFERROR(INDEX(GOOGLEFINANCE(B43,""close"",EDATE(TODAY(),-24),TODAY()),2,2),"""")","=IFERROR(INDEX(GOOGLEFINANCE(B43,""close"",EDATE(TODAY(),-36),TODAY()),2,2),"""")","=IFERROR(INDEX(GOOGLEFINANCE(B43,""close"",EDATE(TODAY(),-60),TODAY()),2,2),"""")","=IFERROR(INDEX(GOOGLEFINANCE(B43,""close"",DATE(1970,1,1),TODAY()),2,2),"""")"
ACGL,ACGL,Arch Capital Group,Financials,"=IFERROR(GOOGLEFINANCE(B44,""price""),"""")","=IFERROR(GOOGLEFINANCE(B44,""marketcap""),"""")","=IFERROR(GOOGLEFINANCE(B44,""volume""),"""")","=IFERROR(INDEX(GOOGLEFINANCE(B44,""close"",WORKDAY(TODAY(),-1),TODAY()),2,2),"""")","=IFERROR(INDEX(GOOGLEFINANCE(B44,""close"",WORKDAY(TODAY(),-5),TODAY()),2,2),"""")","=IFERROR(INDEX(GOOGLEFINANCE(B44,""close"",EDATE(TODAY(),-1),TODAY()),2,2),"""")","=IFERROR(INDEX(GOOGLEFINANCE(B44,""close"",EDATE(TODAY(),-3),TODAY()),2,2),"""")","=IFERROR(INDEX(GOOGLEFINANCE(B44,""close"",EDATE(TODAY(),-12),TODAY()),2,2),"""")","=IFERROR(INDEX(GOOGLEFINANCE(B44,""close"",EDATE(TODAY(),-24),TODAY()),2,2),"""")","=IFERROR(INDEX(GOOGLEFINANCE(B44,""close"",EDATE(TODAY(),-36),TODAY()),2,2),"""")","=IFERROR(INDEX(GOOGLEFINANCE(B44,""close"",EDATE(TODAY(),-60),TODAY()),2,2),"""")","=IFERROR(INDEX(GOOGLEFINANCE(B44,""close"",DATE(1970,1,1),TODAY()),2,2),"""")"
ADM,ADM,Archer Daniels Midland,Consumer Staples,"=IFERROR(GOOGLEFINANCE(B45,""price""),"""")","=IFERROR(GOOGLEFINANCE(B45,""marketcap""),"""")","=IFERROR(GOOGLEFINANCE(B45,""volume""),"""")","=IFERROR(INDEX(GOOGLEFINANCE(B45,""close"",WORKDAY(TODAY(),-1),TODAY()),2,2),"""")","=IFERROR(INDEX(GOOGLEFINANCE(B45,""close"",WORKDAY(TODAY(),-5),TODAY()),2,2),"""")","=IFERROR(INDEX(GOOGLEFINANCE(B45,""close"",EDATE(TODAY(),-1),TODAY()),2,2),"""")","=IFERROR(INDEX(GOOGLEFINANCE(B45,""close"",EDATE(TODAY(),-3),TODAY()),2,2),"""")","=IFERROR(INDEX(GOOGLEFINANCE(B45,""close"",EDATE(TODAY(),-12),TODAY()),2,2),"""")","=IFERROR(INDEX(GOOGLEFINANCE(B45,""close"",EDATE(TODAY(),-24),TODAY()),2,2),"""")","=IFERROR(INDEX(GOOGLEFINANCE(B45,""close"",EDATE(TODAY(),-36),TODAY()),2,2),"""")","=IFERROR(INDEX(GOOGLEFINANCE(B45,""close"",EDATE(TODAY(),-60),TODAY()),2,2),"""")","=IFERROR(INDEX(GOOGLEFINANCE(B45,""close"",DATE(1970,1,1),TODAY()),2,2),"""")"
ARES,ARES,Ares Management,Financials,"=IFERROR(GOOGLEFINANCE(B46,""price""),"""")","=IFERROR(GOOGLEFINANCE(B46,""marketcap""),"""")","=IFERROR(GOOGLEFINANCE(B46,""volume""),"""")","=IFERROR(INDEX(GOOGLEFINANCE(B46,""close"",WORKDAY(TODAY(),-1),TODAY()),2,2),"""")","=IFERROR(INDEX(GOOGLEFINANCE(B46,""close"",WORKDAY(TODAY(),-5),TODAY()),2,2),"""")","=IFERROR(INDEX(GOOGLEFINANCE(B46,""close"",EDATE(TODAY(),-1),TODAY()),2,2),"""")","=IFERROR(INDEX(GOOGLEFINANCE(B46,""close"",EDATE(TODAY(),-3),TODAY()),2,2),"""")","=IFERROR(INDEX(GOOGLEFINANCE(B46,""close"",EDATE(TODAY(),-12),TODAY()),2,2),"""")","=IFERROR(INDEX(GOOGLEFINANCE(B46,""close"",EDATE(TODAY(),-24),TODAY()),2,2),"""")","=IFERROR(INDEX(GOOGLEFINANCE(B46,""close"",EDATE(TODAY(),-36),TODAY()),2,2),"""")","=IFERROR(INDEX(GOOGLEFINANCE(B46,""close"",EDATE(TODAY(),-60),TODAY()),2,2),"""")","=IFERROR(INDEX(GOOGLEFINANCE(B46,""close"",DATE(1970,1,1),TODAY()),2,2),"""")"
ANET,ANET,Arista Networks,Information Technology,"=IFERROR(GOOGLEFINANCE(B47,""price""),"""")","=IFERROR(GOOGLEFINANCE(B47,""marketcap""),"""")","=IFERROR(GOOGLEFINANCE(B47,""volume""),"""")","=IFERROR(INDEX(GOOGLEFINANCE(B47,""close"",WORKDAY(TODAY(),-1),TODAY()),2,2),"""")","=IFERROR(INDEX(GOOGLEFINANCE(B47,""close"",WORKDAY(TODAY(),-5),TODAY()),2,2),"""")","=IFERROR(INDEX(GOOGLEFINANCE(B47,""close"",EDATE(TODAY(),-1),TODAY()),2,2),"""")","=IFERROR(INDEX(GOOGLEFINANCE(B47,""close"",EDATE(TODAY(),-3),TODAY()),2,2),"""")","=IFERROR(INDEX(GOOGLEFINANCE(B47,""close"",EDATE(TODAY(),-12),TODAY()),2,2),"""")","=IFERROR(INDEX(GOOGLEFINANCE(B47,""close"",EDATE(TODAY(),-24),TODAY()),2,2),"""")","=IFERROR(INDEX(GOOGLEFINANCE(B47,""close"",EDATE(TODAY(),-36),TODAY()),2,2),"""")","=IFERROR(INDEX(GOOGLEFINANCE(B47,""close"",EDATE(TODAY(),-60),TODAY()),2,2),"""")","=IFERROR(INDEX(GOOGLEFINANCE(B47,""close"",DATE(1970,1,1),TODAY()),2,2),"""")"
AJG,AJG,Arthur J. Gallagher & Co.,Financials,"=IFERROR(GOOGLEFINANCE(B48,""price""),"""")","=IFERROR(GOOGLEFINANCE(B48,""marketcap""),"""")","=IFERROR(GOOGLEFINANCE(B48,""volume""),"""")","=IFERROR(INDEX(GOOGLEFINANCE(B48,""close"",WORKDAY(TODAY(),-1),TODAY()),2,2),"""")","=IFERROR(INDEX(GOOGLEFINANCE(B48,""close"",WORKDAY(TODAY(),-5),TODAY()),2,2),"""")","=IFERROR(INDEX(GOOGLEFINANCE(B48,""close"",EDATE(TODAY(),-1),TODAY()),2,2),"""")","=IFERROR(INDEX(GOOGLEFINANCE(B48,""close"",EDATE(TODAY(),-3),TODAY()),2,2),"""")","=IFERROR(INDEX(GOOGLEFINANCE(B48,""close"",EDATE(TODAY(),-12),TODAY()),2,2),"""")","=IFERROR(INDEX(GOOGLEFINANCE(B48,""close"",EDATE(TODAY(),-24),TODAY()),2,2),"""")","=IFERROR(INDEX(GOOGLEFINANCE(B48,""close"",EDATE(TODAY(),-36),TODAY()),2,2),"""")","=IFERROR(INDEX(GOOGLEFINANCE(B48,""close"",EDATE(TODAY(),-60),TODAY()),2,2),"""")","=IFERROR(INDEX(GOOGLEFINANCE(B48,""close"",DATE(1970,1,1),TODAY()),2,2),"""")"
AIZ,AIZ,Assurant,Financials,"=IFERROR(GOOGLEFINANCE(B49,""price""),"""")","=IFERROR(GOOGLEFINANCE(B49,""marketcap""),"""")","=IFERROR(GOOGLEFINANCE(B49,""volume""),"""")","=IFERROR(INDEX(GOOGLEFINANCE(B49,""close"",WORKDAY(TODAY(),-1),TODAY()),2,2),"""")","=IFERROR(INDEX(GOOGLEFINANCE(B49,""close"",WORKDAY(TODAY(),-5),TODAY()),2,2),"""")","=IFERROR(INDEX(GOOGLEFINANCE(B49,""close"",EDATE(TODAY(),-1),TODAY()),2,2),"""")","=IFERROR(INDEX(GOOGLEFINANCE(B49,""close"",EDATE(TODAY(),-3),TODAY()),2,2),"""")","=IFERROR(INDEX(GOOGLEFINANCE(B49,""close"",EDATE(TODAY(),-12),TODAY()),2,2),"""")","=IFERROR(INDEX(GOOGLEFINANCE(B49,""close"",EDATE(TODAY(),-24),TODAY()),2,2),"""")","=IFERROR(INDEX(GOOGLEFINANCE(B49,""close"",EDATE(TODAY(),-36),TODAY()),2,2),"""")","=IFERROR(INDEX(GOOGLEFINANCE(B49,""close"",EDATE(TODAY(),-60),TODAY()),2,2),"""")","=IFERROR(INDEX(GOOGLEFINANCE(B49,""close"",DATE(1970,1,1),TODAY()),2,2),"""")"
T,T,AT&T,Communication Services,"=IFERROR(GOOGLEFINANCE(B50,""price""),"""")","=IFERROR(GOOGLEFINANCE(B50,""marketcap""),"""")","=IFERROR(GOOGLEFINANCE(B50,""volume""),"""")","=IFERROR(INDEX(GOOGLEFINANCE(B50,""close"",WORKDAY(TODAY(),-1),TODAY()),2,2),"""")","=IFERROR(INDEX(GOOGLEFINANCE(B50,""close"",WORKDAY(TODAY(),-5),TODAY()),2,2),"""")","=IFERROR(INDEX(GOOGLEFINANCE(B50,""close"",EDATE(TODAY(),-1),TODAY()),2,2),"""")","=IFERROR(INDEX(GOOGLEFINANCE(B50,""close"",EDATE(TODAY(),-3),TODAY()),2,2),"""")","=IFERROR(INDEX(GOOGLEFINANCE(B50,""close"",EDATE(TODAY(),-12),TODAY()),2,2),"""")","=IFERROR(INDEX(GOOGLEFINANCE(B50,""close"",EDATE(TODAY(),-24),TODAY()),2,2),"""")","=IFERROR(INDEX(GOOGLEFINANCE(B50,""close"",EDATE(TODAY(),-36),TODAY()),2,2),"""")","=IFERROR(INDEX(GOOGLEFINANCE(B50,""close"",EDATE(TODAY(),-60),TODAY()),2,2),"""")","=IFERROR(INDEX(GOOGLEFINANCE(B50,""close"",DATE(1970,1,1),TODAY()),2,2),"""")"
ATO,ATO,Atmos Energy,Utilities,"=IFERROR(GOOGLEFINANCE(B51,""price""),"""")","=IFERROR(GOOGLEFINANCE(B51,""marketcap""),"""")","=IFERROR(GOOGLEFINANCE(B51,""volume""),"""")","=IFERROR(INDEX(GOOGLEFINANCE(B51,""close"",WORKDAY(TODAY(),-1),TODAY()),2,2),"""")","=IFERROR(INDEX(GOOGLEFINANCE(B51,""close"",WORKDAY(TODAY(),-5),TODAY()),2,2),"""")","=IFERROR(INDEX(GOOGLEFINANCE(B51,""close"",EDATE(TODAY(),-1),TODAY()),2,2),"""")","=IFERROR(INDEX(GOOGLEFINANCE(B51,""close"",EDATE(TODAY(),-3),TODAY()),2,2),"""")","=IFERROR(INDEX(GOOGLEFINANCE(B51,""close"",EDATE(TODAY(),-12),TODAY()),2,2),"""")","=IFERROR(INDEX(GOOGLEFINANCE(B51,""close"",EDATE(TODAY(),-24),TODAY()),2,2),"""")","=IFERROR(INDEX(GOOGLEFINANCE(B51,""close"",EDATE(TODAY(),-36),TODAY()),2,2),"""")","=IFERROR(INDEX(GOOGLEFINANCE(B51,""close"",EDATE(TODAY(),-60),TODAY()),2,2),"""")","=IFERROR(INDEX(GOOGLEFINANCE(B51,""close"",DATE(1970,1,1),TODAY()),2,2),"""")"
ADSK,ADSK,Autodesk,Information Technology,"=IFERROR(GOOGLEFINANCE(B52,""price""),"""")","=IFERROR(GOOGLEFINANCE(B52,""marketcap""),"""")","=IFERROR(GOOGLEFINANCE(B52,""volume""),"""")","=IFERROR(INDEX(GOOGLEFINANCE(B52,""close"",WORKDAY(TODAY(),-1),TODAY()),2,2),"""")","=IFERROR(INDEX(GOOGLEFINANCE(B52,""close"",WORKDAY(TODAY(),-5),TODAY()),2,2),"""")","=IFERROR(INDEX(GOOGLEFINANCE(B52,""close"",EDATE(TODAY(),-1),TODAY()),2,2),"""")","=IFERROR(INDEX(GOOGLEFINANCE(B52,""close"",EDATE(TODAY(),-3),TODAY()),2,2),"""")","=IFERROR(INDEX(GOOGLEFINANCE(B52,""close"",EDATE(TODAY(),-12),TODAY()),2,2),"""")","=IFERROR(INDEX(GOOGLEFINANCE(B52,""close"",EDATE(TODAY(),-24),TODAY()),2,2),"""")","=IFERROR(INDEX(GOOGLEFINANCE(B52,""close"",EDATE(TODAY(),-36),TODAY()),2,2),"""")","=IFERROR(INDEX(GOOGLEFINANCE(B52,""close"",EDATE(TODAY(),-60),TODAY()),2,2),"""")","=IFERROR(INDEX(GOOGLEFINANCE(B52,""close"",DATE(1970,1,1),TODAY()),2,2),"""")"
ADP,ADP,Automatic Data Processing,Industrials,"=IFERROR(GOOGLEFINANCE(B53,""price""),"""")","=IFERROR(GOOGLEFINANCE(B53,""marketcap""),"""")","=IFERROR(GOOGLEFINANCE(B53,""volume""),"""")","=IFERROR(INDEX(GOOGLEFINANCE(B53,""close"",WORKDAY(TODAY(),-1),TODAY()),2,2),"""")","=IFERROR(INDEX(GOOGLEFINANCE(B53,""close"",WORKDAY(TODAY(),-5),TODAY()),2,2),"""")","=IFERROR(INDEX(GOOGLEFINANCE(B53,""close"",EDATE(TODAY(),-1),TODAY()),2,2),"""")","=IFERROR(INDEX(GOOGLEFINANCE(B53,""close"",EDATE(TODAY(),-3),TODAY()),2,2),"""")","=IFERROR(INDEX(GOOGLEFINANCE(B53,""close"",EDATE(TODAY(),-12),TODAY()),2,2),"""")","=IFERROR(INDEX(GOOGLEFINANCE(B53,""close"",EDATE(TODAY(),-24),TODAY()),2,2),"""")","=IFERROR(INDEX(GOOGLEFINANCE(B53,""close"",EDATE(TODAY(),-36),TODAY()),2,2),"""")","=IFERROR(INDEX(GOOGLEFINANCE(B53,""close"",EDATE(TODAY(),-60),TODAY()),2,2),"""")","=IFERROR(INDEX(GOOGLEFINANCE(B53,""close"",DATE(1970,1,1),TODAY()),2,2),"""")"
AZO,AZO,AutoZone,Consumer Discretionary,"=IFERROR(GOOGLEFINANCE(B54,""price""),"""")","=IFERROR(GOOGLEFINANCE(B54,""marketcap""),"""")","=IFERROR(GOOGLEFINANCE(B54,""volume""),"""")","=IFERROR(INDEX(GOOGLEFINANCE(B54,""close"",WORKDAY(TODAY(),-1),TODAY()),2,2),"""")","=IFERROR(INDEX(GOOGLEFINANCE(B54,""close"",WORKDAY(TODAY(),-5),TODAY()),2,2),"""")","=IFERROR(INDEX(GOOGLEFINANCE(B54,""close"",EDATE(TODAY(),-1),TODAY()),2,2),"""")","=IFERROR(INDEX(GOOGLEFINANCE(B54,""close"",EDATE(TODAY(),-3),TODAY()),2,2),"""")","=IFERROR(INDEX(GOOGLEFINANCE(B54,""close"",EDATE(TODAY(),-12),TODAY()),2,2),"""")","=IFERROR(INDEX(GOOGLEFINANCE(B54,""close"",EDATE(TODAY(),-24),TODAY()),2,2),"""")","=IFERROR(INDEX(GOOGLEFINANCE(B54,""close"",EDATE(TODAY(),-36),TODAY()),2,2),"""")","=IFERROR(INDEX(GOOGLEFINANCE(B54,""close"",EDATE(TODAY(),-60),TODAY()),2,2),"""")","=IFERROR(INDEX(GOOGLEFINANCE(B54,""close"",DATE(1970,1,1),TODAY()),2,2),"""")"
AVB,AVB,AvalonBay Communities,Real Estate,"=IFERROR(GOOGLEFINANCE(B55,""price""),"""")","=IFERROR(GOOGLEFINANCE(B55,""marketcap""),"""")","=IFERROR(GOOGLEFINANCE(B55,""volume""),"""")","=IFERROR(INDEX(GOOGLEFINANCE(B55,""close"",WORKDAY(TODAY(),-1),TODAY()),2,2),"""")","=IFERROR(INDEX(GOOGLEFINANCE(B55,""close"",WORKDAY(TODAY(),-5),TODAY()),2,2),"""")","=IFERROR(INDEX(GOOGLEFINANCE(B55,""close"",EDATE(TODAY(),-1),TODAY()),2,2),"""")","=IFERROR(INDEX(GOOGLEFINANCE(B55,""close"",EDATE(TODAY(),-3),TODAY()),2,2),"""")","=IFERROR(INDEX(GOOGLEFINANCE(B55,""close"",EDATE(TODAY(),-12),TODAY()),2,2),"""")","=IFERROR(INDEX(GOOGLEFINANCE(B55,""close"",EDATE(TODAY(),-24),TODAY()),2,2),"""")","=IFERROR(INDEX(GOOGLEFINANCE(B55,""close"",EDATE(TODAY(),-36),TODAY()),2,2),"""")","=IFERROR(INDEX(GOOGLEFINANCE(B55,""close"",EDATE(TODAY(),-60),TODAY()),2,2),"""")","=IFERROR(INDEX(GOOGLEFINANCE(B55,""close"",DATE(1970,1,1),TODAY()),2,2),"""")"
AVY,AVY,Avery Dennison,Materials,"=IFERROR(GOOGLEFINANCE(B56,""price""),"""")","=IFERROR(GOOGLEFINANCE(B56,""marketcap""),"""")","=IFERROR(GOOGLEFINANCE(B56,""volume""),"""")","=IFERROR(INDEX(GOOGLEFINANCE(B56,""close"",WORKDAY(TODAY(),-1),TODAY()),2,2),"""")","=IFERROR(INDEX(GOOGLEFINANCE(B56,""close"",WORKDAY(TODAY(),-5),TODAY()),2,2),"""")","=IFERROR(INDEX(GOOGLEFINANCE(B56,""close"",EDATE(TODAY(),-1),TODAY()),2,2),"""")","=IFERROR(INDEX(GOOGLEFINANCE(B56,""close"",EDATE(TODAY(),-3),TODAY()),2,2),"""")","=IFERROR(INDEX(GOOGLEFINANCE(B56,""close"",EDATE(TODAY(),-12),TODAY()),2,2),"""")","=IFERROR(INDEX(GOOGLEFINANCE(B56,""close"",EDATE(TODAY(),-24),TODAY()),2,2),"""")","=IFERROR(INDEX(GOOGLEFINANCE(B56,""close"",EDATE(TODAY(),-36),TODAY()),2,2),"""")","=IFERROR(INDEX(GOOGLEFINANCE(B56,""close"",EDATE(TODAY(),-60),TODAY()),2,2),"""")","=IFERROR(INDEX(GOOGLEFINANCE(B56,""close"",DATE(1970,1,1),TODAY()),2,2),"""")"
AXON,AXON,Axon Enterprise,Industrials,"=IFERROR(GOOGLEFINANCE(B57,""price""),"""")","=IFERROR(GOOGLEFINANCE(B57,""marketcap""),"""")","=IFERROR(GOOGLEFINANCE(B57,""volume""),"""")","=IFERROR(INDEX(GOOGLEFINANCE(B57,""close"",WORKDAY(TODAY(),-1),TODAY()),2,2),"""")","=IFERROR(INDEX(GOOGLEFINANCE(B57,""close"",WORKDAY(TODAY(),-5),TODAY()),2,2),"""")","=IFERROR(INDEX(GOOGLEFINANCE(B57,""close"",EDATE(TODAY(),-1),TODAY()),2,2),"""")","=IFERROR(INDEX(GOOGLEFINANCE(B57,""close"",EDATE(TODAY(),-3),TODAY()),2,2),"""")","=IFERROR(INDEX(GOOGLEFINANCE(B57,""close"",EDATE(TODAY(),-12),TODAY()),2,2),"""")","=IFERROR(INDEX(GOOGLEFINANCE(B57,""close"",EDATE(TODAY(),-24),TODAY()),2,2),"""")","=IFERROR(INDEX(GOOGLEFINANCE(B57,""close"",EDATE(TODAY(),-36),TODAY()),2,2),"""")","=IFERROR(INDEX(GOOGLEFINANCE(B57,""close"",EDATE(TODAY(),-60),TODAY()),2,2),"""")","=IFERROR(INDEX(GOOGLEFINANCE(B57,""close"",DATE(1970,1,1),TODAY()),2,2),"""")"
BKR,BKR,Baker Hughes,Energy,"=IFERROR(GOOGLEFINANCE(B58,""price""),"""")","=IFERROR(GOOGLEFINANCE(B58,""marketcap""),"""")","=IFERROR(GOOGLEFINANCE(B58,""volume""),"""")","=IFERROR(INDEX(GOOGLEFINANCE(B58,""close"",WORKDAY(TODAY(),-1),TODAY()),2,2),"""")","=IFERROR(INDEX(GOOGLEFINANCE(B58,""close"",WORKDAY(TODAY(),-5),TODAY()),2,2),"""")","=IFERROR(INDEX(GOOGLEFINANCE(B58,""close"",EDATE(TODAY(),-1),TODAY()),2,2),"""")","=IFERROR(INDEX(GOOGLEFINANCE(B58,""close"",EDATE(TODAY(),-3),TODAY()),2,2),"""")","=IFERROR(INDEX(GOOGLEFINANCE(B58,""close"",EDATE(TODAY(),-12),TODAY()),2,2),"""")","=IFERROR(INDEX(GOOGLEFINANCE(B58,""close"",EDATE(TODAY(),-24),TODAY()),2,2),"""")","=IFERROR(INDEX(GOOGLEFINANCE(B58,""close"",EDATE(TODAY(),-36),TODAY()),2,2),"""")","=IFERROR(INDEX(GOOGLEFINANCE(B58,""close"",EDATE(TODAY(),-60),TODAY()),2,2),"""")","=IFERROR(INDEX(GOOGLEFINANCE(B58,""close"",DATE(1970,1,1),TODAY()),2,2),"""")"
BALL,BALL,Ball Corporation,Materials,"=IFERROR(GOOGLEFINANCE(B59,""price""),"""")","=IFERROR(GOOGLEFINANCE(B59,""marketcap""),"""")","=IFERROR(GOOGLEFINANCE(B59,""volume""),"""")","=IFERROR(INDEX(GOOGLEFINANCE(B59,""close"",WORKDAY(TODAY(),-1),TODAY()),2,2),"""")","=IFERROR(INDEX(GOOGLEFINANCE(B59,""close"",WORKDAY(TODAY(),-5),TODAY()),2,2),"""")","=IFERROR(INDEX(GOOGLEFINANCE(B59,""close"",EDATE(TODAY(),-1),TODAY()),2,2),"""")","=IFERROR(INDEX(GOOGLEFINANCE(B59,""close"",EDATE(TODAY(),-3),TODAY()),2,2),"""")","=IFERROR(INDEX(GOOGLEFINANCE(B59,""close"",EDATE(TODAY(),-12),TODAY()),2,2),"""")","=IFERROR(INDEX(GOOGLEFINANCE(B59,""close"",EDATE(TODAY(),-24),TODAY()),2,2),"""")","=IFERROR(INDEX(GOOGLEFINANCE(B59,""close"",EDATE(TODAY(),-36),TODAY()),2,2),"""")","=IFERROR(INDEX(GOOGLEFINANCE(B59,""close"",EDATE(TODAY(),-60),TODAY()),2,2),"""")","=IFERROR(INDEX(GOOGLEFINANCE(B59,""close"",DATE(1970,1,1),TODAY()),2,2),"""")"
BAC,BAC,Bank of America,Financials,"=IFERROR(GOOGLEFINANCE(B60,""price""),"""")","=IFERROR(GOOGLEFINANCE(B60,""marketcap""),"""")","=IFERROR(GOOGLEFINANCE(B60,""volume""),"""")","=IFERROR(INDEX(GOOGLEFINANCE(B60,""close"",WORKDAY(TODAY(),-1),TODAY()),2,2),"""")","=IFERROR(INDEX(GOOGLEFINANCE(B60,""close"",WORKDAY(TODAY(),-5),TODAY()),2,2),"""")","=IFERROR(INDEX(GOOGLEFINANCE(B60,""close"",EDATE(TODAY(),-1),TODAY()),2,2),"""")","=IFERROR(INDEX(GOOGLEFINANCE(B60,""close"",EDATE(TODAY(),-3),TODAY()),2,2),"""")","=IFERROR(INDEX(GOOGLEFINANCE(B60,""close"",EDATE(TODAY(),-12),TODAY()),2,2),"""")","=IFERROR(INDEX(GOOGLEFINANCE(B60,""close"",EDATE(TODAY(),-24),TODAY()),2,2),"""")","=IFERROR(INDEX(GOOGLEFINANCE(B60,""close"",EDATE(TODAY(),-36),TODAY()),2,2),"""")","=IFERROR(INDEX(GOOGLEFINANCE(B60,""close"",EDATE(TODAY(),-60),TODAY()),2,2),"""")","=IFERROR(INDEX(GOOGLEFINANCE(B60,""close"",DATE(1970,1,1),TODAY()),2,2),"""")"
BAX,BAX,Baxter International,Health Care,"=IFERROR(GOOGLEFINANCE(B61,""price""),"""")","=IFERROR(GOOGLEFINANCE(B61,""marketcap""),"""")","=IFERROR(GOOGLEFINANCE(B61,""volume""),"""")","=IFERROR(INDEX(GOOGLEFINANCE(B61,""close"",WORKDAY(TODAY(),-1),TODAY()),2,2),"""")","=IFERROR(INDEX(GOOGLEFINANCE(B61,""close"",WORKDAY(TODAY(),-5),TODAY()),2,2),"""")","=IFERROR(INDEX(GOOGLEFINANCE(B61,""close"",EDATE(TODAY(),-1),TODAY()),2,2),"""")","=IFERROR(INDEX(GOOGLEFINANCE(B61,""close"",EDATE(TODAY(),-3),TODAY()),2,2),"""")","=IFERROR(INDEX(GOOGLEFINANCE(B61,""close"",EDATE(TODAY(),-12),TODAY()),2,2),"""")","=IFERROR(INDEX(GOOGLEFINANCE(B61,""close"",EDATE(TODAY(),-24),TODAY()),2,2),"""")","=IFERROR(INDEX(GOOGLEFINANCE(B61,""close"",EDATE(TODAY(),-36),TODAY()),2,2),"""")","=IFERROR(INDEX(GOOGLEFINANCE(B61,""close"",EDATE(TODAY(),-60),TODAY()),2,2),"""")","=IFERROR(INDEX(GOOGLEFINANCE(B61,""close"",DATE(1970,1,1),TODAY()),2,2),"""")"
BDX,BDX,Becton Dickinson,Health Care,"=IFERROR(GOOGLEFINANCE(B62,""price""),"""")","=IFERROR(GOOGLEFINANCE(B62,""marketcap""),"""")","=IFERROR(GOOGLEFINANCE(B62,""volume""),"""")","=IFERROR(INDEX(GOOGLEFINANCE(B62,""close"",WORKDAY(TODAY(),-1),TODAY()),2,2),"""")","=IFERROR(INDEX(GOOGLEFINANCE(B62,""close"",WORKDAY(TODAY(),-5),TODAY()),2,2),"""")","=IFERROR(INDEX(GOOGLEFINANCE(B62,""close"",EDATE(TODAY(),-1),TODAY()),2,2),"""")","=IFERROR(INDEX(GOOGLEFINANCE(B62,""close"",EDATE(TODAY(),-3),TODAY()),2,2),"""")","=IFERROR(INDEX(GOOGLEFINANCE(B62,""close"",EDATE(TODAY(),-12),TODAY()),2,2),"""")","=IFERROR(INDEX(GOOGLEFINANCE(B62,""close"",EDATE(TODAY(),-24),TODAY()),2,2),"""")","=IFERROR(INDEX(GOOGLEFINANCE(B62,""close"",EDATE(TODAY(),-36),TODAY()),2,2),"""")","=IFERROR(INDEX(GOOGLEFINANCE(B62,""close"",EDATE(TODAY(),-60),TODAY()),2,2),"""")","=IFERROR(INDEX(GOOGLEFINANCE(B62,""close"",DATE(1970,1,1),TODAY()),2,2),"""")"
BRK.B,BRK.B,Berkshire Hathaway,Financials,"=IFERROR(GOOGLEFINANCE(B63,""price""),"""")","=IFERROR(GOOGLEFINANCE(B63,""marketcap""),"""")","=IFERROR(GOOGLEFINANCE(B63,""volume""),"""")","=IFERROR(INDEX(GOOGLEFINANCE(B63,""close"",WORKDAY(TODAY(),-1),TODAY()),2,2),"""")","=IFERROR(INDEX(GOOGLEFINANCE(B63,""close"",WORKDAY(TODAY(),-5),TODAY()),2,2),"""")","=IFERROR(INDEX(GOOGLEFINANCE(B63,""close"",EDATE(TODAY(),-1),TODAY()),2,2),"""")","=IFERROR(INDEX(GOOGLEFINANCE(B63,""close"",EDATE(TODAY(),-3),TODAY()),2,2),"""")","=IFERROR(INDEX(GOOGLEFINANCE(B63,""close"",EDATE(TODAY(),-12),TODAY()),2,2),"""")","=IFERROR(INDEX(GOOGLEFINANCE(B63,""close"",EDATE(TODAY(),-24),TODAY()),2,2),"""")","=IFERROR(INDEX(GOOGLEFINANCE(B63,""close"",EDATE(TODAY(),-36),TODAY()),2,2),"""")","=IFERROR(INDEX(GOOGLEFINANCE(B63,""close"",EDATE(TODAY(),-60),TODAY()),2,2),"""")","=IFERROR(INDEX(GOOGLEFINANCE(B63,""close"",DATE(1970,1,1),TODAY()),2,2),"""")"
BBY,BBY,Best Buy,Consumer Discretionary,"=IFERROR(GOOGLEFINANCE(B64,""price""),"""")","=IFERROR(GOOGLEFINANCE(B64,""marketcap""),"""")","=IFERROR(GOOGLEFINANCE(B64,""volume""),"""")","=IFERROR(INDEX(GOOGLEFINANCE(B64,""close"",WORKDAY(TODAY(),-1),TODAY()),2,2),"""")","=IFERROR(INDEX(GOOGLEFINANCE(B64,""close"",WORKDAY(TODAY(),-5),TODAY()),2,2),"""")","=IFERROR(INDEX(GOOGLEFINANCE(B64,""close"",EDATE(TODAY(),-1),TODAY()),2,2),"""")","=IFERROR(INDEX(GOOGLEFINANCE(B64,""close"",EDATE(TODAY(),-3),TODAY()),2,2),"""")","=IFERROR(INDEX(GOOGLEFINANCE(B64,""close"",EDATE(TODAY(),-12),TODAY()),2,2),"""")","=IFERROR(INDEX(GOOGLEFINANCE(B64,""close"",EDATE(TODAY(),-24),TODAY()),2,2),"""")","=IFERROR(INDEX(GOOGLEFINANCE(B64,""close"",EDATE(TODAY(),-36),TODAY()),2,2),"""")","=IFERROR(INDEX(GOOGLEFINANCE(B64,""close"",EDATE(TODAY(),-60),TODAY()),2,2),"""")","=IFERROR(INDEX(GOOGLEFINANCE(B64,""close"",DATE(1970,1,1),TODAY()),2,2),"""")"
TECH,TECH,Bio-Techne,Health Care,"=IFERROR(GOOGLEFINANCE(B65,""price""),"""")","=IFERROR(GOOGLEFINANCE(B65,""marketcap""),"""")","=IFERROR(GOOGLEFINANCE(B65,""volume""),"""")","=IFERROR(INDEX(GOOGLEFINANCE(B65,""close"",WORKDAY(TODAY(),-1),TODAY()),2,2),"""")","=IFERROR(INDEX(GOOGLEFINANCE(B65,""close"",WORKDAY(TODAY(),-5),TODAY()),2,2),"""")","=IFERROR(INDEX(GOOGLEFINANCE(B65,""close"",EDATE(TODAY(),-1),TODAY()),2,2),"""")","=IFERROR(INDEX(GOOGLEFINANCE(B65,""close"",EDATE(TODAY(),-3),TODAY()),2,2),"""")","=IFERROR(INDEX(GOOGLEFINANCE(B65,""close"",EDATE(TODAY(),-12),TODAY()),2,2),"""")","=IFERROR(INDEX(GOOGLEFINANCE(B65,""close"",EDATE(TODAY(),-24),TODAY()),2,2),"""")","=IFERROR(INDEX(GOOGLEFINANCE(B65,""close"",EDATE(TODAY(),-36),TODAY()),2,2),"""")","=IFERROR(INDEX(GOOGLEFINANCE(B65,""close"",EDATE(TODAY(),-60),TODAY()),2,2),"""")","=IFERROR(INDEX(GOOGLEFINANCE(B65,""close"",DATE(1970,1,1),TODAY()),2,2),"""")"
BIIB,BIIB,Biogen,Health Care,"=IFERROR(GOOGLEFINANCE(B66,""price""),"""")","=IFERROR(GOOGLEFINANCE(B66,""marketcap""),"""")","=IFERROR(GOOGLEFINANCE(B66,""volume""),"""")","=IFERROR(INDEX(GOOGLEFINANCE(B66,""close"",WORKDAY(TODAY(),-1),TODAY()),2,2),"""")","=IFERROR(INDEX(GOOGLEFINANCE(B66,""close"",WORKDAY(TODAY(),-5),TODAY()),2,2),"""")","=IFERROR(INDEX(GOOGLEFINANCE(B66,""close"",EDATE(TODAY(),-1),TODAY()),2,2),"""")","=IFERROR(INDEX(GOOGLEFINANCE(B66,""close"",EDATE(TODAY(),-3),TODAY()),2,2),"""")","=IFERROR(INDEX(GOOGLEFINANCE(B66,""close"",EDATE(TODAY(),-12),TODAY()),2,2),"""")","=IFERROR(INDEX(GOOGLEFINANCE(B66,""close"",EDATE(TODAY(),-24),TODAY()),2,2),"""")","=IFERROR(INDEX(GOOGLEFINANCE(B66,""close"",EDATE(TODAY(),-36),TODAY()),2,2),"""")","=IFERROR(INDEX(GOOGLEFINANCE(B66,""close"",EDATE(TODAY(),-60),TODAY()),2,2),"""")","=IFERROR(INDEX(GOOGLEFINANCE(B66,""close"",DATE(1970,1,1),TODAY()),2,2),"""")"
BLK,BLK,BlackRock,Financials,"=IFERROR(GOOGLEFINANCE(B67,""price""),"""")","=IFERROR(GOOGLEFINANCE(B67,""marketcap""),"""")","=IFERROR(GOOGLEFINANCE(B67,""volume""),"""")","=IFERROR(INDEX(GOOGLEFINANCE(B67,""close"",WORKDAY(TODAY(),-1),TODAY()),2,2),"""")","=IFERROR(INDEX(GOOGLEFINANCE(B67,""close"",WORKDAY(TODAY(),-5),TODAY()),2,2),"""")","=IFERROR(INDEX(GOOGLEFINANCE(B67,""close"",EDATE(TODAY(),-1),TODAY()),2,2),"""")","=IFERROR(INDEX(GOOGLEFINANCE(B67,""close"",EDATE(TODAY(),-3),TODAY()),2,2),"""")","=IFERROR(INDEX(GOOGLEFINANCE(B67,""close"",EDATE(TODAY(),-12),TODAY()),2,2),"""")","=IFERROR(INDEX(GOOGLEFINANCE(B67,""close"",EDATE(TODAY(),-24),TODAY()),2,2),"""")","=IFERROR(INDEX(GOOGLEFINANCE(B67,""close"",EDATE(TODAY(),-36),TODAY()),2,2),"""")","=IFERROR(INDEX(GOOGLEFINANCE(B67,""close"",EDATE(TODAY(),-60),TODAY()),2,2),"""")","=IFERROR(INDEX(GOOGLEFINANCE(B67,""close"",DATE(1970,1,1),TODAY()),2,2),"""")"
BX,BX,Blackstone Inc.,Financials,"=IFERROR(GOOGLEFINANCE(B68,""price""),"""")","=IFERROR(GOOGLEFINANCE(B68,""marketcap""),"""")","=IFERROR(GOOGLEFINANCE(B68,""volume""),"""")","=IFERROR(INDEX(GOOGLEFINANCE(B68,""close"",WORKDAY(TODAY(),-1),TODAY()),2,2),"""")","=IFERROR(INDEX(GOOGLEFINANCE(B68,""close"",WORKDAY(TODAY(),-5),TODAY()),2,2),"""")","=IFERROR(INDEX(GOOGLEFINANCE(B68,""close"",EDATE(TODAY(),-1),TODAY()),2,2),"""")","=IFERROR(INDEX(GOOGLEFINANCE(B68,""close"",EDATE(TODAY(),-3),TODAY()),2,2),"""")","=IFERROR(INDEX(GOOGLEFINANCE(B68,""close"",EDATE(TODAY(),-12),TODAY()),2,2),"""")","=IFERROR(INDEX(GOOGLEFINANCE(B68,""close"",EDATE(TODAY(),-24),TODAY()),2,2),"""")","=IFERROR(INDEX(GOOGLEFINANCE(B68,""close"",EDATE(TODAY(),-36),TODAY()),2,2),"""")","=IFERROR(INDEX(GOOGLEFINANCE(B68,""close"",EDATE(TODAY(),-60),TODAY()),2,2),"""")","=IFERROR(INDEX(GOOGLEFINANCE(B68,""close"",DATE(1970,1,1),TODAY()),2,2),"""")"
XYZ,XYZ,"Block, Inc.",Financials,"=IFERROR(GOOGLEFINANCE(B69,""price""),"""")","=IFERROR(GOOGLEFINANCE(B69,""marketcap""),"""")","=IFERROR(GOOGLEFINANCE(B69,""volume""),"""")","=IFERROR(INDEX(GOOGLEFINANCE(B69,""close"",WORKDAY(TODAY(),-1),TODAY()),2,2),"""")","=IFERROR(INDEX(GOOGLEFINANCE(B69,""close"",WORKDAY(TODAY(),-5),TODAY()),2,2),"""")","=IFERROR(INDEX(GOOGLEFINANCE(B69,""close"",EDATE(TODAY(),-1),TODAY()),2,2),"""")","=IFERROR(INDEX(GOOGLEFINANCE(B69,""close"",EDATE(TODAY(),-3),TODAY()),2,2),"""")","=IFERROR(INDEX(GOOGLEFINANCE(B69,""close"",EDATE(TODAY(),-12),TODAY()),2,2),"""")","=IFERROR(INDEX(GOOGLEFINANCE(B69,""close"",EDATE(TODAY(),-24),TODAY()),2,2),"""")","=IFERROR(INDEX(GOOGLEFINANCE(B69,""close"",EDATE(TODAY(),-36),TODAY()),2,2),"""")","=IFERROR(INDEX(GOOGLEFINANCE(B69,""close"",EDATE(TODAY(),-60),TODAY()),2,2),"""")","=IFERROR(INDEX(GOOGLEFINANCE(B69,""close"",DATE(1970,1,1),TODAY()),2,2),"""")"
BNY,BNY,BNY Mellon,Financials,"=IFERROR(GOOGLEFINANCE(B70,""price""),"""")","=IFERROR(GOOGLEFINANCE(B70,""marketcap""),"""")","=IFERROR(GOOGLEFINANCE(B70,""volume""),"""")","=IFERROR(INDEX(GOOGLEFINANCE(B70,""close"",WORKDAY(TODAY(),-1),TODAY()),2,2),"""")","=IFERROR(INDEX(GOOGLEFINANCE(B70,""close"",WORKDAY(TODAY(),-5),TODAY()),2,2),"""")","=IFERROR(INDEX(GOOGLEFINANCE(B70,""close"",EDATE(TODAY(),-1),TODAY()),2,2),"""")","=IFERROR(INDEX(GOOGLEFINANCE(B70,""close"",EDATE(TODAY(),-3),TODAY()),2,2),"""")","=IFERROR(INDEX(GOOGLEFINANCE(B70,""close"",EDATE(TODAY(),-12),TODAY()),2,2),"""")","=IFERROR(INDEX(GOOGLEFINANCE(B70,""close"",EDATE(TODAY(),-24),TODAY()),2,2),"""")","=IFERROR(INDEX(GOOGLEFINANCE(B70,""close"",EDATE(TODAY(),-36),TODAY()),2,2),"""")","=IFERROR(INDEX(GOOGLEFINANCE(B70,""close"",EDATE(TODAY(),-60),TODAY()),2,2),"""")","=IFERROR(INDEX(GOOGLEFINANCE(B70,""close"",DATE(1970,1,1),TODAY()),2,2),"""")"
BA,BA,Boeing,Industrials,"=IFERROR(GOOGLEFINANCE(B71,""price""),"""")","=IFERROR(GOOGLEFINANCE(B71,""marketcap""),"""")","=IFERROR(GOOGLEFINANCE(B71,""volume""),"""")","=IFERROR(INDEX(GOOGLEFINANCE(B71,""close"",WORKDAY(TODAY(),-1),TODAY()),2,2),"""")","=IFERROR(INDEX(GOOGLEFINANCE(B71,""close"",WORKDAY(TODAY(),-5),TODAY()),2,2),"""")","=IFERROR(INDEX(GOOGLEFINANCE(B71,""close"",EDATE(TODAY(),-1),TODAY()),2,2),"""")","=IFERROR(INDEX(GOOGLEFINANCE(B71,""close"",EDATE(TODAY(),-3),TODAY()),2,2),"""")","=IFERROR(INDEX(GOOGLEFINANCE(B71,""close"",EDATE(TODAY(),-12),TODAY()),2,2),"""")","=IFERROR(INDEX(GOOGLEFINANCE(B71,""close"",EDATE(TODAY(),-24),TODAY()),2,2),"""")","=IFERROR(INDEX(GOOGLEFINANCE(B71,""close"",EDATE(TODAY(),-36),TODAY()),2,2),"""")","=IFERROR(INDEX(GOOGLEFINANCE(B71,""close"",EDATE(TODAY(),-60),TODAY()),2,2),"""")","=IFERROR(INDEX(GOOGLEFINANCE(B71,""close"",DATE(1970,1,1),TODAY()),2,2),"""")"
BKNG,BKNG,Booking Holdings,Consumer Discretionary,"=IFERROR(GOOGLEFINANCE(B72,""price""),"""")","=IFERROR(GOOGLEFINANCE(B72,""marketcap""),"""")","=IFERROR(GOOGLEFINANCE(B72,""volume""),"""")","=IFERROR(INDEX(GOOGLEFINANCE(B72,""close"",WORKDAY(TODAY(),-1),TODAY()),2,2),"""")","=IFERROR(INDEX(GOOGLEFINANCE(B72,""close"",WORKDAY(TODAY(),-5),TODAY()),2,2),"""")","=IFERROR(INDEX(GOOGLEFINANCE(B72,""close"",EDATE(TODAY(),-1),TODAY()),2,2),"""")","=IFERROR(INDEX(GOOGLEFINANCE(B72,""close"",EDATE(TODAY(),-3),TODAY()),2,2),"""")","=IFERROR(INDEX(GOOGLEFINANCE(B72,""close"",EDATE(TODAY(),-12),TODAY()),2,2),"""")","=IFERROR(INDEX(GOOGLEFINANCE(B72,""close"",EDATE(TODAY(),-24),TODAY()),2,2),"""")","=IFERROR(INDEX(GOOGLEFINANCE(B72,""close"",EDATE(TODAY(),-36),TODAY()),2,2),"""")","=IFERROR(INDEX(GOOGLEFINANCE(B72,""close"",EDATE(TODAY(),-60),TODAY()),2,2),"""")","=IFERROR(INDEX(GOOGLEFINANCE(B72,""close"",DATE(1970,1,1),TODAY()),2,2),"""")"
BSX,BSX,Boston Scientific,Health Care,"=IFERROR(GOOGLEFINANCE(B73,""price""),"""")","=IFERROR(GOOGLEFINANCE(B73,""marketcap""),"""")","=IFERROR(GOOGLEFINANCE(B73,""volume""),"""")","=IFERROR(INDEX(GOOGLEFINANCE(B73,""close"",WORKDAY(TODAY(),-1),TODAY()),2,2),"""")","=IFERROR(INDEX(GOOGLEFINANCE(B73,""close"",WORKDAY(TODAY(),-5),TODAY()),2,2),"""")","=IFERROR(INDEX(GOOGLEFINANCE(B73,""close"",EDATE(TODAY(),-1),TODAY()),2,2),"""")","=IFERROR(INDEX(GOOGLEFINANCE(B73,""close"",EDATE(TODAY(),-3),TODAY()),2,2),"""")","=IFERROR(INDEX(GOOGLEFINANCE(B73,""close"",EDATE(TODAY(),-12),TODAY()),2,2),"""")","=IFERROR(INDEX(GOOGLEFINANCE(B73,""close"",EDATE(TODAY(),-24),TODAY()),2,2),"""")","=IFERROR(INDEX(GOOGLEFINANCE(B73,""close"",EDATE(TODAY(),-36),TODAY()),2,2),"""")","=IFERROR(INDEX(GOOGLEFINANCE(B73,""close"",EDATE(TODAY(),-60),TODAY()),2,2),"""")","=IFERROR(INDEX(GOOGLEFINANCE(B73,""close"",DATE(1970,1,1),TODAY()),2,2),"""")"
BMY,BMY,Bristol Myers Squibb,Health Care,"=IFERROR(GOOGLEFINANCE(B74,""price""),"""")","=IFERROR(GOOGLEFINANCE(B74,""marketcap""),"""")","=IFERROR(GOOGLEFINANCE(B74,""volume""),"""")","=IFERROR(INDEX(GOOGLEFINANCE(B74,""close"",WORKDAY(TODAY(),-1),TODAY()),2,2),"""")","=IFERROR(INDEX(GOOGLEFINANCE(B74,""close"",WORKDAY(TODAY(),-5),TODAY()),2,2),"""")","=IFERROR(INDEX(GOOGLEFINANCE(B74,""close"",EDATE(TODAY(),-1),TODAY()),2,2),"""")","=IFERROR(INDEX(GOOGLEFINANCE(B74,""close"",EDATE(TODAY(),-3),TODAY()),2,2),"""")","=IFERROR(INDEX(GOOGLEFINANCE(B74,""close"",EDATE(TODAY(),-12),TODAY()),2,2),"""")","=IFERROR(INDEX(GOOGLEFINANCE(B74,""close"",EDATE(TODAY(),-24),TODAY()),2,2),"""")","=IFERROR(INDEX(GOOGLEFINANCE(B74,""close"",EDATE(TODAY(),-36),TODAY()),2,2),"""")","=IFERROR(INDEX(GOOGLEFINANCE(B74,""close"",EDATE(TODAY(),-60),TODAY()),2,2),"""")","=IFERROR(INDEX(GOOGLEFINANCE(B74,""close"",DATE(1970,1,1),TODAY()),2,2),"""")"
AVGO,AVGO,Broadcom,Information Technology,"=IFERROR(GOOGLEFINANCE(B75,""price""),"""")","=IFERROR(GOOGLEFINANCE(B75,""marketcap""),"""")","=IFERROR(GOOGLEFINANCE(B75,""volume""),"""")","=IFERROR(INDEX(GOOGLEFINANCE(B75,""close"",WORKDAY(TODAY(),-1),TODAY()),2,2),"""")","=IFERROR(INDEX(GOOGLEFINANCE(B75,""close"",WORKDAY(TODAY(),-5),TODAY()),2,2),"""")","=IFERROR(INDEX(GOOGLEFINANCE(B75,""close"",EDATE(TODAY(),-1),TODAY()),2,2),"""")","=IFERROR(INDEX(GOOGLEFINANCE(B75,""close"",EDATE(TODAY(),-3),TODAY()),2,2),"""")","=IFERROR(INDEX(GOOGLEFINANCE(B75,""close"",EDATE(TODAY(),-12),TODAY()),2,2),"""")","=IFERROR(INDEX(GOOGLEFINANCE(B75,""close"",EDATE(TODAY(),-24),TODAY()),2,2),"""")","=IFERROR(INDEX(GOOGLEFINANCE(B75,""close"",EDATE(TODAY(),-36),TODAY()),2,2),"""")","=IFERROR(INDEX(GOOGLEFINANCE(B75,""close"",EDATE(TODAY(),-60),TODAY()),2,2),"""")","=IFERROR(INDEX(GOOGLEFINANCE(B75,""close"",DATE(1970,1,1),TODAY()),2,2),"""")"
BR,BR,Broadridge Financial Solutions,Industrials,"=IFERROR(GOOGLEFINANCE(B76,""price""),"""")","=IFERROR(GOOGLEFINANCE(B76,""marketcap""),"""")","=IFERROR(GOOGLEFINANCE(B76,""volume""),"""")","=IFERROR(INDEX(GOOGLEFINANCE(B76,""close"",WORKDAY(TODAY(),-1),TODAY()),2,2),"""")","=IFERROR(INDEX(GOOGLEFINANCE(B76,""close"",WORKDAY(TODAY(),-5),TODAY()),2,2),"""")","=IFERROR(INDEX(GOOGLEFINANCE(B76,""close"",EDATE(TODAY(),-1),TODAY()),2,2),"""")","=IFERROR(INDEX(GOOGLEFINANCE(B76,""close"",EDATE(TODAY(),-3),TODAY()),2,2),"""")","=IFERROR(INDEX(GOOGLEFINANCE(B76,""close"",EDATE(TODAY(),-12),TODAY()),2,2),"""")","=IFERROR(INDEX(GOOGLEFINANCE(B76,""close"",EDATE(TODAY(),-24),TODAY()),2,2),"""")","=IFERROR(INDEX(GOOGLEFINANCE(B76,""close"",EDATE(TODAY(),-36),TODAY()),2,2),"""")","=IFERROR(INDEX(GOOGLEFINANCE(B76,""close"",EDATE(TODAY(),-60),TODAY()),2,2),"""")","=IFERROR(INDEX(GOOGLEFINANCE(B76,""close"",DATE(1970,1,1),TODAY()),2,2),"""")"
BRO,BRO,Brown & Brown,Financials,"=IFERROR(GOOGLEFINANCE(B77,""price""),"""")","=IFERROR(GOOGLEFINANCE(B77,""marketcap""),"""")","=IFERROR(GOOGLEFINANCE(B77,""volume""),"""")","=IFERROR(INDEX(GOOGLEFINANCE(B77,""close"",WORKDAY(TODAY(),-1),TODAY()),2,2),"""")","=IFERROR(INDEX(GOOGLEFINANCE(B77,""close"",WORKDAY(TODAY(),-5),TODAY()),2,2),"""")","=IFERROR(INDEX(GOOGLEFINANCE(B77,""close"",EDATE(TODAY(),-1),TODAY()),2,2),"""")","=IFERROR(INDEX(GOOGLEFINANCE(B77,""close"",EDATE(TODAY(),-3),TODAY()),2,2),"""")","=IFERROR(INDEX(GOOGLEFINANCE(B77,""close"",EDATE(TODAY(),-12),TODAY()),2,2),"""")","=IFERROR(INDEX(GOOGLEFINANCE(B77,""close"",EDATE(TODAY(),-24),TODAY()),2,2),"""")","=IFERROR(INDEX(GOOGLEFINANCE(B77,""close"",EDATE(TODAY(),-36),TODAY()),2,2),"""")","=IFERROR(INDEX(GOOGLEFINANCE(B77,""close"",EDATE(TODAY(),-60),TODAY()),2,2),"""")","=IFERROR(INDEX(GOOGLEFINANCE(B77,""close"",DATE(1970,1,1),TODAY()),2,2),"""")"
BF.B,BF.B,Brown–Forman,Consumer Staples,"=IFERROR(GOOGLEFINANCE(B78,""price""),"""")","=IFERROR(GOOGLEFINANCE(B78,""marketcap""),"""")","=IFERROR(GOOGLEFINANCE(B78,""volume""),"""")","=IFERROR(INDEX(GOOGLEFINANCE(B78,""close"",WORKDAY(TODAY(),-1),TODAY()),2,2),"""")","=IFERROR(INDEX(GOOGLEFINANCE(B78,""close"",WORKDAY(TODAY(),-5),TODAY()),2,2),"""")","=IFERROR(INDEX(GOOGLEFINANCE(B78,""close"",EDATE(TODAY(),-1),TODAY()),2,2),"""")","=IFERROR(INDEX(GOOGLEFINANCE(B78,""close"",EDATE(TODAY(),-3),TODAY()),2,2),"""")","=IFERROR(INDEX(GOOGLEFINANCE(B78,""close"",EDATE(TODAY(),-12),TODAY()),2,2),"""")","=IFERROR(INDEX(GOOGLEFINANCE(B78,""close"",EDATE(TODAY(),-24),TODAY()),2,2),"""")","=IFERROR(INDEX(GOOGLEFINANCE(B78,""close"",EDATE(TODAY(),-36),TODAY()),2,2),"""")","=IFERROR(INDEX(GOOGLEFINANCE(B78,""close"",EDATE(TODAY(),-60),TODAY()),2,2),"""")","=IFERROR(INDEX(GOOGLEFINANCE(B78,""close"",DATE(1970,1,1),TODAY()),2,2),"""")"
BLDR,BLDR,Builders FirstSource,Industrials,"=IFERROR(GOOGLEFINANCE(B79,""price""),"""")","=IFERROR(GOOGLEFINANCE(B79,""marketcap""),"""")","=IFERROR(GOOGLEFINANCE(B79,""volume""),"""")","=IFERROR(INDEX(GOOGLEFINANCE(B79,""close"",WORKDAY(TODAY(),-1),TODAY()),2,2),"""")","=IFERROR(INDEX(GOOGLEFINANCE(B79,""close"",WORKDAY(TODAY(),-5),TODAY()),2,2),"""")","=IFERROR(INDEX(GOOGLEFINANCE(B79,""close"",EDATE(TODAY(),-1),TODAY()),2,2),"""")","=IFERROR(INDEX(GOOGLEFINANCE(B79,""close"",EDATE(TODAY(),-3),TODAY()),2,2),"""")","=IFERROR(INDEX(GOOGLEFINANCE(B79,""close"",EDATE(TODAY(),-12),TODAY()),2,2),"""")","=IFERROR(INDEX(GOOGLEFINANCE(B79,""close"",EDATE(TODAY(),-24),TODAY()),2,2),"""")","=IFERROR(INDEX(GOOGLEFINANCE(B79,""close"",EDATE(TODAY(),-36),TODAY()),2,2),"""")","=IFERROR(INDEX(GOOGLEFINANCE(B79,""close"",EDATE(TODAY(),-60),TODAY()),2,2),"""")","=IFERROR(INDEX(GOOGLEFINANCE(B79,""close"",DATE(1970,1,1),TODAY()),2,2),"""")"
BG,BG,Bunge Global,Consumer Staples,"=IFERROR(GOOGLEFINANCE(B80,""price""),"""")","=IFERROR(GOOGLEFINANCE(B80,""marketcap""),"""")","=IFERROR(GOOGLEFINANCE(B80,""volume""),"""")","=IFERROR(INDEX(GOOGLEFINANCE(B80,""close"",WORKDAY(TODAY(),-1),TODAY()),2,2),"""")","=IFERROR(INDEX(GOOGLEFINANCE(B80,""close"",WORKDAY(TODAY(),-5),TODAY()),2,2),"""")","=IFERROR(INDEX(GOOGLEFINANCE(B80,""close"",EDATE(TODAY(),-1),TODAY()),2,2),"""")","=IFERROR(INDEX(GOOGLEFINANCE(B80,""close"",EDATE(TODAY(),-3),TODAY()),2,2),"""")","=IFERROR(INDEX(GOOGLEFINANCE(B80,""close"",EDATE(TODAY(),-12),TODAY()),2,2),"""")","=IFERROR(INDEX(GOOGLEFINANCE(B80,""close"",EDATE(TODAY(),-24),TODAY()),2,2),"""")","=IFERROR(INDEX(GOOGLEFINANCE(B80,""close"",EDATE(TODAY(),-36),TODAY()),2,2),"""")","=IFERROR(INDEX(GOOGLEFINANCE(B80,""close"",EDATE(TODAY(),-60),TODAY()),2,2),"""")","=IFERROR(INDEX(GOOGLEFINANCE(B80,""close"",DATE(1970,1,1),TODAY()),2,2),"""")"
BXP,BXP,"BXP, Inc.",Real Estate,"=IFERROR(GOOGLEFINANCE(B81,""price""),"""")","=IFERROR(GOOGLEFINANCE(B81,""marketcap""),"""")","=IFERROR(GOOGLEFINANCE(B81,""volume""),"""")","=IFERROR(INDEX(GOOGLEFINANCE(B81,""close"",WORKDAY(TODAY(),-1),TODAY()),2,2),"""")","=IFERROR(INDEX(GOOGLEFINANCE(B81,""close"",WORKDAY(TODAY(),-5),TODAY()),2,2),"""")","=IFERROR(INDEX(GOOGLEFINANCE(B81,""close"",EDATE(TODAY(),-1),TODAY()),2,2),"""")","=IFERROR(INDEX(GOOGLEFINANCE(B81,""close"",EDATE(TODAY(),-3),TODAY()),2,2),"""")","=IFERROR(INDEX(GOOGLEFINANCE(B81,""close"",EDATE(TODAY(),-12),TODAY()),2,2),"""")","=IFERROR(INDEX(GOOGLEFINANCE(B81,""close"",EDATE(TODAY(),-24),TODAY()),2,2),"""")","=IFERROR(INDEX(GOOGLEFINANCE(B81,""close"",EDATE(TODAY(),-36),TODAY()),2,2),"""")","=IFERROR(INDEX(GOOGLEFINANCE(B81,""close"",EDATE(TODAY(),-60),TODAY()),2,2),"""")","=IFERROR(INDEX(GOOGLEFINANCE(B81,""close"",DATE(1970,1,1),TODAY()),2,2),"""")"
CHRW,CHRW,C.H. Robinson,Industrials,"=IFERROR(GOOGLEFINANCE(B82,""price""),"""")","=IFERROR(GOOGLEFINANCE(B82,""marketcap""),"""")","=IFERROR(GOOGLEFINANCE(B82,""volume""),"""")","=IFERROR(INDEX(GOOGLEFINANCE(B82,""close"",WORKDAY(TODAY(),-1),TODAY()),2,2),"""")","=IFERROR(INDEX(GOOGLEFINANCE(B82,""close"",WORKDAY(TODAY(),-5),TODAY()),2,2),"""")","=IFERROR(INDEX(GOOGLEFINANCE(B82,""close"",EDATE(TODAY(),-1),TODAY()),2,2),"""")","=IFERROR(INDEX(GOOGLEFINANCE(B82,""close"",EDATE(TODAY(),-3),TODAY()),2,2),"""")","=IFERROR(INDEX(GOOGLEFINANCE(B82,""close"",EDATE(TODAY(),-12),TODAY()),2,2),"""")","=IFERROR(INDEX(GOOGLEFINANCE(B82,""close"",EDATE(TODAY(),-24),TODAY()),2,2),"""")","=IFERROR(INDEX(GOOGLEFINANCE(B82,""close"",EDATE(TODAY(),-36),TODAY()),2,2),"""")","=IFERROR(INDEX(GOOGLEFINANCE(B82,""close"",EDATE(TODAY(),-60),TODAY()),2,2),"""")","=IFERROR(INDEX(GOOGLEFINANCE(B82,""close"",DATE(1970,1,1),TODAY()),2,2),"""")"
CDNS,CDNS,Cadence Design Systems,Information Technology,"=IFERROR(GOOGLEFINANCE(B83,""price""),"""")","=IFERROR(GOOGLEFINANCE(B83,""marketcap""),"""")","=IFERROR(GOOGLEFINANCE(B83,""volume""),"""")","=IFERROR(INDEX(GOOGLEFINANCE(B83,""close"",WORKDAY(TODAY(),-1),TODAY()),2,2),"""")","=IFERROR(INDEX(GOOGLEFINANCE(B83,""close"",WORKDAY(TODAY(),-5),TODAY()),2,2),"""")","=IFERROR(INDEX(GOOGLEFINANCE(B83,""close"",EDATE(TODAY(),-1),TODAY()),2,2),"""")","=IFERROR(INDEX(GOOGLEFINANCE(B83,""close"",EDATE(TODAY(),-3),TODAY()),2,2),"""")","=IFERROR(INDEX(GOOGLEFINANCE(B83,""close"",EDATE(TODAY(),-12),TODAY()),2,2),"""")","=IFERROR(INDEX(GOOGLEFINANCE(B83,""close"",EDATE(TODAY(),-24),TODAY()),2,2),"""")","=IFERROR(INDEX(GOOGLEFINANCE(B83,""close"",EDATE(TODAY(),-36),TODAY()),2,2),"""")","=IFERROR(INDEX(GOOGLEFINANCE(B83,""close"",EDATE(TODAY(),-60),TODAY()),2,2),"""")","=IFERROR(INDEX(GOOGLEFINANCE(B83,""close"",DATE(1970,1,1),TODAY()),2,2),"""")"
CPT,CPT,Camden Property Trust,Real Estate,"=IFERROR(GOOGLEFINANCE(B84,""price""),"""")","=IFERROR(GOOGLEFINANCE(B84,""marketcap""),"""")","=IFERROR(GOOGLEFINANCE(B84,""volume""),"""")","=IFERROR(INDEX(GOOGLEFINANCE(B84,""close"",WORKDAY(TODAY(),-1),TODAY()),2,2),"""")","=IFERROR(INDEX(GOOGLEFINANCE(B84,""close"",WORKDAY(TODAY(),-5),TODAY()),2,2),"""")","=IFERROR(INDEX(GOOGLEFINANCE(B84,""close"",EDATE(TODAY(),-1),TODAY()),2,2),"""")","=IFERROR(INDEX(GOOGLEFINANCE(B84,""close"",EDATE(TODAY(),-3),TODAY()),2,2),"""")","=IFERROR(INDEX(GOOGLEFINANCE(B84,""close"",EDATE(TODAY(),-12),TODAY()),2,2),"""")","=IFERROR(INDEX(GOOGLEFINANCE(B84,""close"",EDATE(TODAY(),-24),TODAY()),2,2),"""")","=IFERROR(INDEX(GOOGLEFINANCE(B84,""close"",EDATE(TODAY(),-36),TODAY()),2,2),"""")","=IFERROR(INDEX(GOOGLEFINANCE(B84,""close"",EDATE(TODAY(),-60),TODAY()),2,2),"""")","=IFERROR(INDEX(GOOGLEFINANCE(B84,""close"",DATE(1970,1,1),TODAY()),2,2),"""")"
CPB,CPB,Campbell's Company (The),Consumer Staples,"=IFERROR(GOOGLEFINANCE(B85,""price""),"""")","=IFERROR(GOOGLEFINANCE(B85,""marketcap""),"""")","=IFERROR(GOOGLEFINANCE(B85,""volume""),"""")","=IFERROR(INDEX(GOOGLEFINANCE(B85,""close"",WORKDAY(TODAY(),-1),TODAY()),2,2),"""")","=IFERROR(INDEX(GOOGLEFINANCE(B85,""close"",WORKDAY(TODAY(),-5),TODAY()),2,2),"""")","=IFERROR(INDEX(GOOGLEFINANCE(B85,""close"",EDATE(TODAY(),-1),TODAY()),2,2),"""")","=IFERROR(INDEX(GOOGLEFINANCE(B85,""close"",EDATE(TODAY(),-3),TODAY()),2,2),"""")","=IFERROR(INDEX(GOOGLEFINANCE(B85,""close"",EDATE(TODAY(),-12),TODAY()),2,2),"""")","=IFERROR(INDEX(GOOGLEFINANCE(B85,""close"",EDATE(TODAY(),-24),TODAY()),2,2),"""")","=IFERROR(INDEX(GOOGLEFINANCE(B85,""close"",EDATE(TODAY(),-36),TODAY()),2,2),"""")","=IFERROR(INDEX(GOOGLEFINANCE(B85,""close"",EDATE(TODAY(),-60),TODAY()),2,2),"""")","=IFERROR(INDEX(GOOGLEFINANCE(B85,""close"",DATE(1970,1,1),TODAY()),2,2),"""")"
COF,COF,Capital One,Financials,"=IFERROR(GOOGLEFINANCE(B86,""price""),"""")","=IFERROR(GOOGLEFINANCE(B86,""marketcap""),"""")","=IFERROR(GOOGLEFINANCE(B86,""volume""),"""")","=IFERROR(INDEX(GOOGLEFINANCE(B86,""close"",WORKDAY(TODAY(),-1),TODAY()),2,2),"""")","=IFERROR(INDEX(GOOGLEFINANCE(B86,""close"",WORKDAY(TODAY(),-5),TODAY()),2,2),"""")","=IFERROR(INDEX(GOOGLEFINANCE(B86,""close"",EDATE(TODAY(),-1),TODAY()),2,2),"""")","=IFERROR(INDEX(GOOGLEFINANCE(B86,""close"",EDATE(TODAY(),-3),TODAY()),2,2),"""")","=IFERROR(INDEX(GOOGLEFINANCE(B86,""close"",EDATE(TODAY(),-12),TODAY()),2,2),"""")","=IFERROR(INDEX(GOOGLEFINANCE(B86,""close"",EDATE(TODAY(),-24),TODAY()),2,2),"""")","=IFERROR(INDEX(GOOGLEFINANCE(B86,""close"",EDATE(TODAY(),-36),TODAY()),2,2),"""")","=IFERROR(INDEX(GOOGLEFINANCE(B86,""close"",EDATE(TODAY(),-60),TODAY()),2,2),"""")","=IFERROR(INDEX(GOOGLEFINANCE(B86,""close"",DATE(1970,1,1),TODAY()),2,2),"""")"
CAH,CAH,Cardinal Health,Health Care,"=IFERROR(GOOGLEFINANCE(B87,""price""),"""")","=IFERROR(GOOGLEFINANCE(B87,""marketcap""),"""")","=IFERROR(GOOGLEFINANCE(B87,""volume""),"""")","=IFERROR(INDEX(GOOGLEFINANCE(B87,""close"",WORKDAY(TODAY(),-1),TODAY()),2,2),"""")","=IFERROR(INDEX(GOOGLEFINANCE(B87,""close"",WORKDAY(TODAY(),-5),TODAY()),2,2),"""")","=IFERROR(INDEX(GOOGLEFINANCE(B87,""close"",EDATE(TODAY(),-1),TODAY()),2,2),"""")","=IFERROR(INDEX(GOOGLEFINANCE(B87,""close"",EDATE(TODAY(),-3),TODAY()),2,2),"""")","=IFERROR(INDEX(GOOGLEFINANCE(B87,""close"",EDATE(TODAY(),-12),TODAY()),2,2),"""")","=IFERROR(INDEX(GOOGLEFINANCE(B87,""close"",EDATE(TODAY(),-24),TODAY()),2,2),"""")","=IFERROR(INDEX(GOOGLEFINANCE(B87,""close"",EDATE(TODAY(),-36),TODAY()),2,2),"""")","=IFERROR(INDEX(GOOGLEFINANCE(B87,""close"",EDATE(TODAY(),-60),TODAY()),2,2),"""")","=IFERROR(INDEX(GOOGLEFINANCE(B87,""close"",DATE(1970,1,1),TODAY()),2,2),"""")"
CCL,CCL,Carnival Corporation,Consumer Discretionary,"=IFERROR(GOOGLEFINANCE(B88,""price""),"""")","=IFERROR(GOOGLEFINANCE(B88,""marketcap""),"""")","=IFERROR(GOOGLEFINANCE(B88,""volume""),"""")","=IFERROR(INDEX(GOOGLEFINANCE(B88,""close"",WORKDAY(TODAY(),-1),TODAY()),2,2),"""")","=IFERROR(INDEX(GOOGLEFINANCE(B88,""close"",WORKDAY(TODAY(),-5),TODAY()),2,2),"""")","=IFERROR(INDEX(GOOGLEFINANCE(B88,""close"",EDATE(TODAY(),-1),TODAY()),2,2),"""")","=IFERROR(INDEX(GOOGLEFINANCE(B88,""close"",EDATE(TODAY(),-3),TODAY()),2,2),"""")","=IFERROR(INDEX(GOOGLEFINANCE(B88,""close"",EDATE(TODAY(),-12),TODAY()),2,2),"""")","=IFERROR(INDEX(GOOGLEFINANCE(B88,""close"",EDATE(TODAY(),-24),TODAY()),2,2),"""")","=IFERROR(INDEX(GOOGLEFINANCE(B88,""close"",EDATE(TODAY(),-36),TODAY()),2,2),"""")","=IFERROR(INDEX(GOOGLEFINANCE(B88,""close"",EDATE(TODAY(),-60),TODAY()),2,2),"""")","=IFERROR(INDEX(GOOGLEFINANCE(B88,""close"",DATE(1970,1,1),TODAY()),2,2),"""")"
CARR,CARR,Carrier Global,Industrials,"=IFERROR(GOOGLEFINANCE(B89,""price""),"""")","=IFERROR(GOOGLEFINANCE(B89,""marketcap""),"""")","=IFERROR(GOOGLEFINANCE(B89,""volume""),"""")","=IFERROR(INDEX(GOOGLEFINANCE(B89,""close"",WORKDAY(TODAY(),-1),TODAY()),2,2),"""")","=IFERROR(INDEX(GOOGLEFINANCE(B89,""close"",WORKDAY(TODAY(),-5),TODAY()),2,2),"""")","=IFERROR(INDEX(GOOGLEFINANCE(B89,""close"",EDATE(TODAY(),-1),TODAY()),2,2),"""")","=IFERROR(INDEX(GOOGLEFINANCE(B89,""close"",EDATE(TODAY(),-3),TODAY()),2,2),"""")","=IFERROR(INDEX(GOOGLEFINANCE(B89,""close"",EDATE(TODAY(),-12),TODAY()),2,2),"""")","=IFERROR(INDEX(GOOGLEFINANCE(B89,""close"",EDATE(TODAY(),-24),TODAY()),2,2),"""")","=IFERROR(INDEX(GOOGLEFINANCE(B89,""close"",EDATE(TODAY(),-36),TODAY()),2,2),"""")","=IFERROR(INDEX(GOOGLEFINANCE(B89,""close"",EDATE(TODAY(),-60),TODAY()),2,2),"""")","=IFERROR(INDEX(GOOGLEFINANCE(B89,""close"",DATE(1970,1,1),TODAY()),2,2),"""")"
CVNA,CVNA,Carvana,Consumer Discretionary,"=IFERROR(GOOGLEFINANCE(B90,""price""),"""")","=IFERROR(GOOGLEFINANCE(B90,""marketcap""),"""")","=IFERROR(GOOGLEFINANCE(B90,""volume""),"""")","=IFERROR(INDEX(GOOGLEFINANCE(B90,""close"",WORKDAY(TODAY(),-1),TODAY()),2,2),"""")","=IFERROR(INDEX(GOOGLEFINANCE(B90,""close"",WORKDAY(TODAY(),-5),TODAY()),2,2),"""")","=IFERROR(INDEX(GOOGLEFINANCE(B90,""close"",EDATE(TODAY(),-1),TODAY()),2,2),"""")","=IFERROR(INDEX(GOOGLEFINANCE(B90,""close"",EDATE(TODAY(),-3),TODAY()),2,2),"""")","=IFERROR(INDEX(GOOGLEFINANCE(B90,""close"",EDATE(TODAY(),-12),TODAY()),2,2),"""")","=IFERROR(INDEX(GOOGLEFINANCE(B90,""close"",EDATE(TODAY(),-24),TODAY()),2,2),"""")","=IFERROR(INDEX(GOOGLEFINANCE(B90,""close"",EDATE(TODAY(),-36),TODAY()),2,2),"""")","=IFERROR(INDEX(GOOGLEFINANCE(B90,""close"",EDATE(TODAY(),-60),TODAY()),2,2),"""")","=IFERROR(INDEX(GOOGLEFINANCE(B90,""close"",DATE(1970,1,1),TODAY()),2,2),"""")"
CASY,CASY,Casey's,Consumer Staples,"=IFERROR(GOOGLEFINANCE(B91,""price""),"""")","=IFERROR(GOOGLEFINANCE(B91,""marketcap""),"""")","=IFERROR(GOOGLEFINANCE(B91,""volume""),"""")","=IFERROR(INDEX(GOOGLEFINANCE(B91,""close"",WORKDAY(TODAY(),-1),TODAY()),2,2),"""")","=IFERROR(INDEX(GOOGLEFINANCE(B91,""close"",WORKDAY(TODAY(),-5),TODAY()),2,2),"""")","=IFERROR(INDEX(GOOGLEFINANCE(B91,""close"",EDATE(TODAY(),-1),TODAY()),2,2),"""")","=IFERROR(INDEX(GOOGLEFINANCE(B91,""close"",EDATE(TODAY(),-3),TODAY()),2,2),"""")","=IFERROR(INDEX(GOOGLEFINANCE(B91,""close"",EDATE(TODAY(),-12),TODAY()),2,2),"""")","=IFERROR(INDEX(GOOGLEFINANCE(B91,""close"",EDATE(TODAY(),-24),TODAY()),2,2),"""")","=IFERROR(INDEX(GOOGLEFINANCE(B91,""close"",EDATE(TODAY(),-36),TODAY()),2,2),"""")","=IFERROR(INDEX(GOOGLEFINANCE(B91,""close"",EDATE(TODAY(),-60),TODAY()),2,2),"""")","=IFERROR(INDEX(GOOGLEFINANCE(B91,""close"",DATE(1970,1,1),TODAY()),2,2),"""")"
CAT,CAT,Caterpillar Inc.,Industrials,"=IFERROR(GOOGLEFINANCE(B92,""price""),"""")","=IFERROR(GOOGLEFINANCE(B92,""marketcap""),"""")","=IFERROR(GOOGLEFINANCE(B92,""volume""),"""")","=IFERROR(INDEX(GOOGLEFINANCE(B92,""close"",WORKDAY(TODAY(),-1),TODAY()),2,2),"""")","=IFERROR(INDEX(GOOGLEFINANCE(B92,""close"",WORKDAY(TODAY(),-5),TODAY()),2,2),"""")","=IFERROR(INDEX(GOOGLEFINANCE(B92,""close"",EDATE(TODAY(),-1),TODAY()),2,2),"""")","=IFERROR(INDEX(GOOGLEFINANCE(B92,""close"",EDATE(TODAY(),-3),TODAY()),2,2),"""")","=IFERROR(INDEX(GOOGLEFINANCE(B92,""close"",EDATE(TODAY(),-12),TODAY()),2,2),"""")","=IFERROR(INDEX(GOOGLEFINANCE(B92,""close"",EDATE(TODAY(),-24),TODAY()),2,2),"""")","=IFERROR(INDEX(GOOGLEFINANCE(B92,""close"",EDATE(TODAY(),-36),TODAY()),2,2),"""")","=IFERROR(INDEX(GOOGLEFINANCE(B92,""close"",EDATE(TODAY(),-60),TODAY()),2,2),"""")","=IFERROR(INDEX(GOOGLEFINANCE(B92,""close"",DATE(1970,1,1),TODAY()),2,2),"""")"
CBOE,CBOE,Cboe Global Markets,Financials,"=IFERROR(GOOGLEFINANCE(B93,""price""),"""")","=IFERROR(GOOGLEFINANCE(B93,""marketcap""),"""")","=IFERROR(GOOGLEFINANCE(B93,""volume""),"""")","=IFERROR(INDEX(GOOGLEFINANCE(B93,""close"",WORKDAY(TODAY(),-1),TODAY()),2,2),"""")","=IFERROR(INDEX(GOOGLEFINANCE(B93,""close"",WORKDAY(TODAY(),-5),TODAY()),2,2),"""")","=IFERROR(INDEX(GOOGLEFINANCE(B93,""close"",EDATE(TODAY(),-1),TODAY()),2,2),"""")","=IFERROR(INDEX(GOOGLEFINANCE(B93,""close"",EDATE(TODAY(),-3),TODAY()),2,2),"""")","=IFERROR(INDEX(GOOGLEFINANCE(B93,""close"",EDATE(TODAY(),-12),TODAY()),2,2),"""")","=IFERROR(INDEX(GOOGLEFINANCE(B93,""close"",EDATE(TODAY(),-24),TODAY()),2,2),"""")","=IFERROR(INDEX(GOOGLEFINANCE(B93,""close"",EDATE(TODAY(),-36),TODAY()),2,2),"""")","=IFERROR(INDEX(GOOGLEFINANCE(B93,""close"",EDATE(TODAY(),-60),TODAY()),2,2),"""")","=IFERROR(INDEX(GOOGLEFINANCE(B93,""close"",DATE(1970,1,1),TODAY()),2,2),"""")"
CBRE,CBRE,CBRE Group,Real Estate,"=IFERROR(GOOGLEFINANCE(B94,""price""),"""")","=IFERROR(GOOGLEFINANCE(B94,""marketcap""),"""")","=IFERROR(GOOGLEFINANCE(B94,""volume""),"""")","=IFERROR(INDEX(GOOGLEFINANCE(B94,""close"",WORKDAY(TODAY(),-1),TODAY()),2,2),"""")","=IFERROR(INDEX(GOOGLEFINANCE(B94,""close"",WORKDAY(TODAY(),-5),TODAY()),2,2),"""")","=IFERROR(INDEX(GOOGLEFINANCE(B94,""close"",EDATE(TODAY(),-1),TODAY()),2,2),"""")","=IFERROR(INDEX(GOOGLEFINANCE(B94,""close"",EDATE(TODAY(),-3),TODAY()),2,2),"""")","=IFERROR(INDEX(GOOGLEFINANCE(B94,""close"",EDATE(TODAY(),-12),TODAY()),2,2),"""")","=IFERROR(INDEX(GOOGLEFINANCE(B94,""close"",EDATE(TODAY(),-24),TODAY()),2,2),"""")","=IFERROR(INDEX(GOOGLEFINANCE(B94,""close"",EDATE(TODAY(),-36),TODAY()),2,2),"""")","=IFERROR(INDEX(GOOGLEFINANCE(B94,""close"",EDATE(TODAY(),-60),TODAY()),2,2),"""")","=IFERROR(INDEX(GOOGLEFINANCE(B94,""close"",DATE(1970,1,1),TODAY()),2,2),"""")"
CDW,CDW,CDW Corporation,Information Technology,"=IFERROR(GOOGLEFINANCE(B95,""price""),"""")","=IFERROR(GOOGLEFINANCE(B95,""marketcap""),"""")","=IFERROR(GOOGLEFINANCE(B95,""volume""),"""")","=IFERROR(INDEX(GOOGLEFINANCE(B95,""close"",WORKDAY(TODAY(),-1),TODAY()),2,2),"""")","=IFERROR(INDEX(GOOGLEFINANCE(B95,""close"",WORKDAY(TODAY(),-5),TODAY()),2,2),"""")","=IFERROR(INDEX(GOOGLEFINANCE(B95,""close"",EDATE(TODAY(),-1),TODAY()),2,2),"""")","=IFERROR(INDEX(GOOGLEFINANCE(B95,""close"",EDATE(TODAY(),-3),TODAY()),2,2),"""")","=IFERROR(INDEX(GOOGLEFINANCE(B95,""close"",EDATE(TODAY(),-12),TODAY()),2,2),"""")","=IFERROR(INDEX(GOOGLEFINANCE(B95,""close"",EDATE(TODAY(),-24),TODAY()),2,2),"""")","=IFERROR(INDEX(GOOGLEFINANCE(B95,""close"",EDATE(TODAY(),-36),TODAY()),2,2),"""")","=IFERROR(INDEX(GOOGLEFINANCE(B95,""close"",EDATE(TODAY(),-60),TODAY()),2,2),"""")","=IFERROR(INDEX(GOOGLEFINANCE(B95,""close"",DATE(1970,1,1),TODAY()),2,2),"""")"
COR,COR,Cencora,Health Care,"=IFERROR(GOOGLEFINANCE(B96,""price""),"""")","=IFERROR(GOOGLEFINANCE(B96,""marketcap""),"""")","=IFERROR(GOOGLEFINANCE(B96,""volume""),"""")","=IFERROR(INDEX(GOOGLEFINANCE(B96,""close"",WORKDAY(TODAY(),-1),TODAY()),2,2),"""")","=IFERROR(INDEX(GOOGLEFINANCE(B96,""close"",WORKDAY(TODAY(),-5),TODAY()),2,2),"""")","=IFERROR(INDEX(GOOGLEFINANCE(B96,""close"",EDATE(TODAY(),-1),TODAY()),2,2),"""")","=IFERROR(INDEX(GOOGLEFINANCE(B96,""close"",EDATE(TODAY(),-3),TODAY()),2,2),"""")","=IFERROR(INDEX(GOOGLEFINANCE(B96,""close"",EDATE(TODAY(),-12),TODAY()),2,2),"""")","=IFERROR(INDEX(GOOGLEFINANCE(B96,""close"",EDATE(TODAY(),-24),TODAY()),2,2),"""")","=IFERROR(INDEX(GOOGLEFINANCE(B96,""close"",EDATE(TODAY(),-36),TODAY()),2,2),"""")","=IFERROR(INDEX(GOOGLEFINANCE(B96,""close"",EDATE(TODAY(),-60),TODAY()),2,2),"""")","=IFERROR(INDEX(GOOGLEFINANCE(B96,""close"",DATE(1970,1,1),TODAY()),2,2),"""")"
CNC,CNC,Centene Corporation,Health Care,"=IFERROR(GOOGLEFINANCE(B97,""price""),"""")","=IFERROR(GOOGLEFINANCE(B97,""marketcap""),"""")","=IFERROR(GOOGLEFINANCE(B97,""volume""),"""")","=IFERROR(INDEX(GOOGLEFINANCE(B97,""close"",WORKDAY(TODAY(),-1),TODAY()),2,2),"""")","=IFERROR(INDEX(GOOGLEFINANCE(B97,""close"",WORKDAY(TODAY(),-5),TODAY()),2,2),"""")","=IFERROR(INDEX(GOOGLEFINANCE(B97,""close"",EDATE(TODAY(),-1),TODAY()),2,2),"""")","=IFERROR(INDEX(GOOGLEFINANCE(B97,""close"",EDATE(TODAY(),-3),TODAY()),2,2),"""")","=IFERROR(INDEX(GOOGLEFINANCE(B97,""close"",EDATE(TODAY(),-12),TODAY()),2,2),"""")","=IFERROR(INDEX(GOOGLEFINANCE(B97,""close"",EDATE(TODAY(),-24),TODAY()),2,2),"""")","=IFERROR(INDEX(GOOGLEFINANCE(B97,""close"",EDATE(TODAY(),-36),TODAY()),2,2),"""")","=IFERROR(INDEX(GOOGLEFINANCE(B97,""close"",EDATE(TODAY(),-60),TODAY()),2,2),"""")","=IFERROR(INDEX(GOOGLEFINANCE(B97,""close"",DATE(1970,1,1),TODAY()),2,2),"""")"
CNP,CNP,CenterPoint Energy,Utilities,"=IFERROR(GOOGLEFINANCE(B98,""price""),"""")","=IFERROR(GOOGLEFINANCE(B98,""marketcap""),"""")","=IFERROR(GOOGLEFINANCE(B98,""volume""),"""")","=IFERROR(INDEX(GOOGLEFINANCE(B98,""close"",WORKDAY(TODAY(),-1),TODAY()),2,2),"""")","=IFERROR(INDEX(GOOGLEFINANCE(B98,""close"",WORKDAY(TODAY(),-5),TODAY()),2,2),"""")","=IFERROR(INDEX(GOOGLEFINANCE(B98,""close"",EDATE(TODAY(),-1),TODAY()),2,2),"""")","=IFERROR(INDEX(GOOGLEFINANCE(B98,""close"",EDATE(TODAY(),-3),TODAY()),2,2),"""")","=IFERROR(INDEX(GOOGLEFINANCE(B98,""close"",EDATE(TODAY(),-12),TODAY()),2,2),"""")","=IFERROR(INDEX(GOOGLEFINANCE(B98,""close"",EDATE(TODAY(),-24),TODAY()),2,2),"""")","=IFERROR(INDEX(GOOGLEFINANCE(B98,""close"",EDATE(TODAY(),-36),TODAY()),2,2),"""")","=IFERROR(INDEX(GOOGLEFINANCE(B98,""close"",EDATE(TODAY(),-60),TODAY()),2,2),"""")","=IFERROR(INDEX(GOOGLEFINANCE(B98,""close"",DATE(1970,1,1),TODAY()),2,2),"""")"
CF,CF,CF Industries,Materials,"=IFERROR(GOOGLEFINANCE(B99,""price""),"""")","=IFERROR(GOOGLEFINANCE(B99,""marketcap""),"""")","=IFERROR(GOOGLEFINANCE(B99,""volume""),"""")","=IFERROR(INDEX(GOOGLEFINANCE(B99,""close"",WORKDAY(TODAY(),-1),TODAY()),2,2),"""")","=IFERROR(INDEX(GOOGLEFINANCE(B99,""close"",WORKDAY(TODAY(),-5),TODAY()),2,2),"""")","=IFERROR(INDEX(GOOGLEFINANCE(B99,""close"",EDATE(TODAY(),-1),TODAY()),2,2),"""")","=IFERROR(INDEX(GOOGLEFINANCE(B99,""close"",EDATE(TODAY(),-3),TODAY()),2,2),"""")","=IFERROR(INDEX(GOOGLEFINANCE(B99,""close"",EDATE(TODAY(),-12),TODAY()),2,2),"""")","=IFERROR(INDEX(GOOGLEFINANCE(B99,""close"",EDATE(TODAY(),-24),TODAY()),2,2),"""")","=IFERROR(INDEX(GOOGLEFINANCE(B99,""close"",EDATE(TODAY(),-36),TODAY()),2,2),"""")","=IFERROR(INDEX(GOOGLEFINANCE(B99,""close"",EDATE(TODAY(),-60),TODAY()),2,2),"""")","=IFERROR(INDEX(GOOGLEFINANCE(B99,""close"",DATE(1970,1,1),TODAY()),2,2),"""")"
CRL,CRL,Charles River Laboratories,Health Care,"=IFERROR(GOOGLEFINANCE(B100,""price""),"""")","=IFERROR(GOOGLEFINANCE(B100,""marketcap""),"""")","=IFERROR(GOOGLEFINANCE(B100,""volume""),"""")","=IFERROR(INDEX(GOOGLEFINANCE(B100,""close"",WORKDAY(TODAY(),-1),TODAY()),2,2),"""")","=IFERROR(INDEX(GOOGLEFINANCE(B100,""close"",WORKDAY(TODAY(),-5),TODAY()),2,2),"""")","=IFERROR(INDEX(GOOGLEFINANCE(B100,""close"",EDATE(TODAY(),-1),TODAY()),2,2),"""")","=IFERROR(INDEX(GOOGLEFINANCE(B100,""close"",EDATE(TODAY(),-3),TODAY()),2,2),"""")","=IFERROR(INDEX(GOOGLEFINANCE(B100,""close"",EDATE(TODAY(),-12),TODAY()),2,2),"""")","=IFERROR(INDEX(GOOGLEFINANCE(B100,""close"",EDATE(TODAY(),-24),TODAY()),2,2),"""")","=IFERROR(INDEX(GOOGLEFINANCE(B100,""close"",EDATE(TODAY(),-36),TODAY()),2,2),"""")","=IFERROR(INDEX(GOOGLEFINANCE(B100,""close"",EDATE(TODAY(),-60),TODAY()),2,2),"""")","=IFERROR(INDEX(GOOGLEFINANCE(B100,""close"",DATE(1970,1,1),TODAY()),2,2),"""")"
SCHW,SCHW,Charles Schwab Corporation,Financials,"=IFERROR(GOOGLEFINANCE(B101,""price""),"""")","=IFERROR(GOOGLEFINANCE(B101,""marketcap""),"""")","=IFERROR(GOOGLEFINANCE(B101,""volume""),"""")","=IFERROR(INDEX(GOOGLEFINANCE(B101,""close"",WORKDAY(TODAY(),-1),TODAY()),2,2),"""")","=IFERROR(INDEX(GOOGLEFINANCE(B101,""close"",WORKDAY(TODAY(),-5),TODAY()),2,2),"""")","=IFERROR(INDEX(GOOGLEFINANCE(B101,""close"",EDATE(TODAY(),-1),TODAY()),2,2),"""")","=IFERROR(INDEX(GOOGLEFINANCE(B101,""close"",EDATE(TODAY(),-3),TODAY()),2,2),"""")","=IFERROR(INDEX(GOOGLEFINANCE(B101,""close"",EDATE(TODAY(),-12),TODAY()),2,2),"""")","=IFERROR(INDEX(GOOGLEFINANCE(B101,""close"",EDATE(TODAY(),-24),TODAY()),2,2),"""")","=IFERROR(INDEX(GOOGLEFINANCE(B101,""close"",EDATE(TODAY(),-36),TODAY()),2,2),"""")","=IFERROR(INDEX(GOOGLEFINANCE(B101,""close"",EDATE(TODAY(),-60),TODAY()),2,2),"""")","=IFERROR(INDEX(GOOGLEFINANCE(B101,""close"",DATE(1970,1,1),TODAY()),2,2),"""")"
CHTR,CHTR,Charter Communications,Communication Services,"=IFERROR(GOOGLEFINANCE(B102,""price""),"""")","=IFERROR(GOOGLEFINANCE(B102,""marketcap""),"""")","=IFERROR(GOOGLEFINANCE(B102,""volume""),"""")","=IFERROR(INDEX(GOOGLEFINANCE(B102,""close"",WORKDAY(TODAY(),-1),TODAY()),2,2),"""")","=IFERROR(INDEX(GOOGLEFINANCE(B102,""close"",WORKDAY(TODAY(),-5),TODAY()),2,2),"""")","=IFERROR(INDEX(GOOGLEFINANCE(B102,""close"",EDATE(TODAY(),-1),TODAY()),2,2),"""")","=IFERROR(INDEX(GOOGLEFINANCE(B102,""close"",EDATE(TODAY(),-3),TODAY()),2,2),"""")","=IFERROR(INDEX(GOOGLEFINANCE(B102,""close"",EDATE(TODAY(),-12),TODAY()),2,2),"""")","=IFERROR(INDEX(GOOGLEFINANCE(B102,""close"",EDATE(TODAY(),-24),TODAY()),2,2),"""")","=IFERROR(INDEX(GOOGLEFINANCE(B102,""close"",EDATE(TODAY(),-36),TODAY()),2,2),"""")","=IFERROR(INDEX(GOOGLEFINANCE(B102,""close"",EDATE(TODAY(),-60),TODAY()),2,2),"""")","=IFERROR(INDEX(GOOGLEFINANCE(B102,""close"",DATE(1970,1,1),TODAY()),2,2),"""")"
CVX,CVX,Chevron Corporation,Energy,"=IFERROR(GOOGLEFINANCE(B103,""price""),"""")","=IFERROR(GOOGLEFINANCE(B103,""marketcap""),"""")","=IFERROR(GOOGLEFINANCE(B103,""volume""),"""")","=IFERROR(INDEX(GOOGLEFINANCE(B103,""close"",WORKDAY(TODAY(),-1),TODAY()),2,2),"""")","=IFERROR(INDEX(GOOGLEFINANCE(B103,""close"",WORKDAY(TODAY(),-5),TODAY()),2,2),"""")","=IFERROR(INDEX(GOOGLEFINANCE(B103,""close"",EDATE(TODAY(),-1),TODAY()),2,2),"""")","=IFERROR(INDEX(GOOGLEFINANCE(B103,""close"",EDATE(TODAY(),-3),TODAY()),2,2),"""")","=IFERROR(INDEX(GOOGLEFINANCE(B103,""close"",EDATE(TODAY(),-12),TODAY()),2,2),"""")","=IFERROR(INDEX(GOOGLEFINANCE(B103,""close"",EDATE(TODAY(),-24),TODAY()),2,2),"""")","=IFERROR(INDEX(GOOGLEFINANCE(B103,""close"",EDATE(TODAY(),-36),TODAY()),2,2),"""")","=IFERROR(INDEX(GOOGLEFINANCE(B103,""close"",EDATE(TODAY(),-60),TODAY()),2,2),"""")","=IFERROR(INDEX(GOOGLEFINANCE(B103,""close"",DATE(1970,1,1),TODAY()),2,2),"""")"
CMG,CMG,Chipotle Mexican Grill,Consumer Discretionary,"=IFERROR(GOOGLEFINANCE(B104,""price""),"""")","=IFERROR(GOOGLEFINANCE(B104,""marketcap""),"""")","=IFERROR(GOOGLEFINANCE(B104,""volume""),"""")","=IFERROR(INDEX(GOOGLEFINANCE(B104,""close"",WORKDAY(TODAY(),-1),TODAY()),2,2),"""")","=IFERROR(INDEX(GOOGLEFINANCE(B104,""close"",WORKDAY(TODAY(),-5),TODAY()),2,2),"""")","=IFERROR(INDEX(GOOGLEFINANCE(B104,""close"",EDATE(TODAY(),-1),TODAY()),2,2),"""")","=IFERROR(INDEX(GOOGLEFINANCE(B104,""close"",EDATE(TODAY(),-3),TODAY()),2,2),"""")","=IFERROR(INDEX(GOOGLEFINANCE(B104,""close"",EDATE(TODAY(),-12),TODAY()),2,2),"""")","=IFERROR(INDEX(GOOGLEFINANCE(B104,""close"",EDATE(TODAY(),-24),TODAY()),2,2),"""")","=IFERROR(INDEX(GOOGLEFINANCE(B104,""close"",EDATE(TODAY(),-36),TODAY()),2,2),"""")","=IFERROR(INDEX(GOOGLEFINANCE(B104,""close"",EDATE(TODAY(),-60),TODAY()),2,2),"""")","=IFERROR(INDEX(GOOGLEFINANCE(B104,""close"",DATE(1970,1,1),TODAY()),2,2),"""")"
CB,CB,Chubb Limited,Financials,"=IFERROR(GOOGLEFINANCE(B105,""price""),"""")","=IFERROR(GOOGLEFINANCE(B105,""marketcap""),"""")","=IFERROR(GOOGLEFINANCE(B105,""volume""),"""")","=IFERROR(INDEX(GOOGLEFINANCE(B105,""close"",WORKDAY(TODAY(),-1),TODAY()),2,2),"""")","=IFERROR(INDEX(GOOGLEFINANCE(B105,""close"",WORKDAY(TODAY(),-5),TODAY()),2,2),"""")","=IFERROR(INDEX(GOOGLEFINANCE(B105,""close"",EDATE(TODAY(),-1),TODAY()),2,2),"""")","=IFERROR(INDEX(GOOGLEFINANCE(B105,""close"",EDATE(TODAY(),-3),TODAY()),2,2),"""")","=IFERROR(INDEX(GOOGLEFINANCE(B105,""close"",EDATE(TODAY(),-12),TODAY()),2,2),"""")","=IFERROR(INDEX(GOOGLEFINANCE(B105,""close"",EDATE(TODAY(),-24),TODAY()),2,2),"""")","=IFERROR(INDEX(GOOGLEFINANCE(B105,""close"",EDATE(TODAY(),-36),TODAY()),2,2),"""")","=IFERROR(INDEX(GOOGLEFINANCE(B105,""close"",EDATE(TODAY(),-60),TODAY()),2,2),"""")","=IFERROR(INDEX(GOOGLEFINANCE(B105,""close"",DATE(1970,1,1),TODAY()),2,2),"""")"
CHD,CHD,Church & Dwight,Consumer Staples,"=IFERROR(GOOGLEFINANCE(B106,""price""),"""")","=IFERROR(GOOGLEFINANCE(B106,""marketcap""),"""")","=IFERROR(GOOGLEFINANCE(B106,""volume""),"""")","=IFERROR(INDEX(GOOGLEFINANCE(B106,""close"",WORKDAY(TODAY(),-1),TODAY()),2,2),"""")","=IFERROR(INDEX(GOOGLEFINANCE(B106,""close"",WORKDAY(TODAY(),-5),TODAY()),2,2),"""")","=IFERROR(INDEX(GOOGLEFINANCE(B106,""close"",EDATE(TODAY(),-1),TODAY()),2,2),"""")","=IFERROR(INDEX(GOOGLEFINANCE(B106,""close"",EDATE(TODAY(),-3),TODAY()),2,2),"""")","=IFERROR(INDEX(GOOGLEFINANCE(B106,""close"",EDATE(TODAY(),-12),TODAY()),2,2),"""")","=IFERROR(INDEX(GOOGLEFINANCE(B106,""close"",EDATE(TODAY(),-24),TODAY()),2,2),"""")","=IFERROR(INDEX(GOOGLEFINANCE(B106,""close"",EDATE(TODAY(),-36),TODAY()),2,2),"""")","=IFERROR(INDEX(GOOGLEFINANCE(B106,""close"",EDATE(TODAY(),-60),TODAY()),2,2),"""")","=IFERROR(INDEX(GOOGLEFINANCE(B106,""close"",DATE(1970,1,1),TODAY()),2,2),"""")"
CIEN,CIEN,Ciena,Information Technology,"=IFERROR(GOOGLEFINANCE(B107,""price""),"""")","=IFERROR(GOOGLEFINANCE(B107,""marketcap""),"""")","=IFERROR(GOOGLEFINANCE(B107,""volume""),"""")","=IFERROR(INDEX(GOOGLEFINANCE(B107,""close"",WORKDAY(TODAY(),-1),TODAY()),2,2),"""")","=IFERROR(INDEX(GOOGLEFINANCE(B107,""close"",WORKDAY(TODAY(),-5),TODAY()),2,2),"""")","=IFERROR(INDEX(GOOGLEFINANCE(B107,""close"",EDATE(TODAY(),-1),TODAY()),2,2),"""")","=IFERROR(INDEX(GOOGLEFINANCE(B107,""close"",EDATE(TODAY(),-3),TODAY()),2,2),"""")","=IFERROR(INDEX(GOOGLEFINANCE(B107,""close"",EDATE(TODAY(),-12),TODAY()),2,2),"""")","=IFERROR(INDEX(GOOGLEFINANCE(B107,""close"",EDATE(TODAY(),-24),TODAY()),2,2),"""")","=IFERROR(INDEX(GOOGLEFINANCE(B107,""close"",EDATE(TODAY(),-36),TODAY()),2,2),"""")","=IFERROR(INDEX(GOOGLEFINANCE(B107,""close"",EDATE(TODAY(),-60),TODAY()),2,2),"""")","=IFERROR(INDEX(GOOGLEFINANCE(B107,""close"",DATE(1970,1,1),TODAY()),2,2),"""")"
CI,CI,Cigna,Health Care,"=IFERROR(GOOGLEFINANCE(B108,""price""),"""")","=IFERROR(GOOGLEFINANCE(B108,""marketcap""),"""")","=IFERROR(GOOGLEFINANCE(B108,""volume""),"""")","=IFERROR(INDEX(GOOGLEFINANCE(B108,""close"",WORKDAY(TODAY(),-1),TODAY()),2,2),"""")","=IFERROR(INDEX(GOOGLEFINANCE(B108,""close"",WORKDAY(TODAY(),-5),TODAY()),2,2),"""")","=IFERROR(INDEX(GOOGLEFINANCE(B108,""close"",EDATE(TODAY(),-1),TODAY()),2,2),"""")","=IFERROR(INDEX(GOOGLEFINANCE(B108,""close"",EDATE(TODAY(),-3),TODAY()),2,2),"""")","=IFERROR(INDEX(GOOGLEFINANCE(B108,""close"",EDATE(TODAY(),-12),TODAY()),2,2),"""")","=IFERROR(INDEX(GOOGLEFINANCE(B108,""close"",EDATE(TODAY(),-24),TODAY()),2,2),"""")","=IFERROR(INDEX(GOOGLEFINANCE(B108,""close"",EDATE(TODAY(),-36),TODAY()),2,2),"""")","=IFERROR(INDEX(GOOGLEFINANCE(B108,""close"",EDATE(TODAY(),-60),TODAY()),2,2),"""")","=IFERROR(INDEX(GOOGLEFINANCE(B108,""close"",DATE(1970,1,1),TODAY()),2,2),"""")"
CINF,CINF,Cincinnati Financial,Financials,"=IFERROR(GOOGLEFINANCE(B109,""price""),"""")","=IFERROR(GOOGLEFINANCE(B109,""marketcap""),"""")","=IFERROR(GOOGLEFINANCE(B109,""volume""),"""")","=IFERROR(INDEX(GOOGLEFINANCE(B109,""close"",WORKDAY(TODAY(),-1),TODAY()),2,2),"""")","=IFERROR(INDEX(GOOGLEFINANCE(B109,""close"",WORKDAY(TODAY(),-5),TODAY()),2,2),"""")","=IFERROR(INDEX(GOOGLEFINANCE(B109,""close"",EDATE(TODAY(),-1),TODAY()),2,2),"""")","=IFERROR(INDEX(GOOGLEFINANCE(B109,""close"",EDATE(TODAY(),-3),TODAY()),2,2),"""")","=IFERROR(INDEX(GOOGLEFINANCE(B109,""close"",EDATE(TODAY(),-12),TODAY()),2,2),"""")","=IFERROR(INDEX(GOOGLEFINANCE(B109,""close"",EDATE(TODAY(),-24),TODAY()),2,2),"""")","=IFERROR(INDEX(GOOGLEFINANCE(B109,""close"",EDATE(TODAY(),-36),TODAY()),2,2),"""")","=IFERROR(INDEX(GOOGLEFINANCE(B109,""close"",EDATE(TODAY(),-60),TODAY()),2,2),"""")","=IFERROR(INDEX(GOOGLEFINANCE(B109,""close"",DATE(1970,1,1),TODAY()),2,2),"""")"
CTAS,CTAS,Cintas,Industrials,"=IFERROR(GOOGLEFINANCE(B110,""price""),"""")","=IFERROR(GOOGLEFINANCE(B110,""marketcap""),"""")","=IFERROR(GOOGLEFINANCE(B110,""volume""),"""")","=IFERROR(INDEX(GOOGLEFINANCE(B110,""close"",WORKDAY(TODAY(),-1),TODAY()),2,2),"""")","=IFERROR(INDEX(GOOGLEFINANCE(B110,""close"",WORKDAY(TODAY(),-5),TODAY()),2,2),"""")","=IFERROR(INDEX(GOOGLEFINANCE(B110,""close"",EDATE(TODAY(),-1),TODAY()),2,2),"""")","=IFERROR(INDEX(GOOGLEFINANCE(B110,""close"",EDATE(TODAY(),-3),TODAY()),2,2),"""")","=IFERROR(INDEX(GOOGLEFINANCE(B110,""close"",EDATE(TODAY(),-12),TODAY()),2,2),"""")","=IFERROR(INDEX(GOOGLEFINANCE(B110,""close"",EDATE(TODAY(),-24),TODAY()),2,2),"""")","=IFERROR(INDEX(GOOGLEFINANCE(B110,""close"",EDATE(TODAY(),-36),TODAY()),2,2),"""")","=IFERROR(INDEX(GOOGLEFINANCE(B110,""close"",EDATE(TODAY(),-60),TODAY()),2,2),"""")","=IFERROR(INDEX(GOOGLEFINANCE(B110,""close"",DATE(1970,1,1),TODAY()),2,2),"""")"
CSCO,CSCO,Cisco,Information Technology,"=IFERROR(GOOGLEFINANCE(B111,""price""),"""")","=IFERROR(GOOGLEFINANCE(B111,""marketcap""),"""")","=IFERROR(GOOGLEFINANCE(B111,""volume""),"""")","=IFERROR(INDEX(GOOGLEFINANCE(B111,""close"",WORKDAY(TODAY(),-1),TODAY()),2,2),"""")","=IFERROR(INDEX(GOOGLEFINANCE(B111,""close"",WORKDAY(TODAY(),-5),TODAY()),2,2),"""")","=IFERROR(INDEX(GOOGLEFINANCE(B111,""close"",EDATE(TODAY(),-1),TODAY()),2,2),"""")","=IFERROR(INDEX(GOOGLEFINANCE(B111,""close"",EDATE(TODAY(),-3),TODAY()),2,2),"""")","=IFERROR(INDEX(GOOGLEFINANCE(B111,""close"",EDATE(TODAY(),-12),TODAY()),2,2),"""")","=IFERROR(INDEX(GOOGLEFINANCE(B111,""close"",EDATE(TODAY(),-24),TODAY()),2,2),"""")","=IFERROR(INDEX(GOOGLEFINANCE(B111,""close"",EDATE(TODAY(),-36),TODAY()),2,2),"""")","=IFERROR(INDEX(GOOGLEFINANCE(B111,""close"",EDATE(TODAY(),-60),TODAY()),2,2),"""")","=IFERROR(INDEX(GOOGLEFINANCE(B111,""close"",DATE(1970,1,1),TODAY()),2,2),"""")"
C,C,Citigroup,Financials,"=IFERROR(GOOGLEFINANCE(B112,""price""),"""")","=IFERROR(GOOGLEFINANCE(B112,""marketcap""),"""")","=IFERROR(GOOGLEFINANCE(B112,""volume""),"""")","=IFERROR(INDEX(GOOGLEFINANCE(B112,""close"",WORKDAY(TODAY(),-1),TODAY()),2,2),"""")","=IFERROR(INDEX(GOOGLEFINANCE(B112,""close"",WORKDAY(TODAY(),-5),TODAY()),2,2),"""")","=IFERROR(INDEX(GOOGLEFINANCE(B112,""close"",EDATE(TODAY(),-1),TODAY()),2,2),"""")","=IFERROR(INDEX(GOOGLEFINANCE(B112,""close"",EDATE(TODAY(),-3),TODAY()),2,2),"""")","=IFERROR(INDEX(GOOGLEFINANCE(B112,""close"",EDATE(TODAY(),-12),TODAY()),2,2),"""")","=IFERROR(INDEX(GOOGLEFINANCE(B112,""close"",EDATE(TODAY(),-24),TODAY()),2,2),"""")","=IFERROR(INDEX(GOOGLEFINANCE(B112,""close"",EDATE(TODAY(),-36),TODAY()),2,2),"""")","=IFERROR(INDEX(GOOGLEFINANCE(B112,""close"",EDATE(TODAY(),-60),TODAY()),2,2),"""")","=IFERROR(INDEX(GOOGLEFINANCE(B112,""close"",DATE(1970,1,1),TODAY()),2,2),"""")"
CFG,CFG,Citizens Financial Group,Financials,"=IFERROR(GOOGLEFINANCE(B113,""price""),"""")","=IFERROR(GOOGLEFINANCE(B113,""marketcap""),"""")","=IFERROR(GOOGLEFINANCE(B113,""volume""),"""")","=IFERROR(INDEX(GOOGLEFINANCE(B113,""close"",WORKDAY(TODAY(),-1),TODAY()),2,2),"""")","=IFERROR(INDEX(GOOGLEFINANCE(B113,""close"",WORKDAY(TODAY(),-5),TODAY()),2,2),"""")","=IFERROR(INDEX(GOOGLEFINANCE(B113,""close"",EDATE(TODAY(),-1),TODAY()),2,2),"""")","=IFERROR(INDEX(GOOGLEFINANCE(B113,""close"",EDATE(TODAY(),-3),TODAY()),2,2),"""")","=IFERROR(INDEX(GOOGLEFINANCE(B113,""close"",EDATE(TODAY(),-12),TODAY()),2,2),"""")","=IFERROR(INDEX(GOOGLEFINANCE(B113,""close"",EDATE(TODAY(),-24),TODAY()),2,2),"""")","=IFERROR(INDEX(GOOGLEFINANCE(B113,""close"",EDATE(TODAY(),-36),TODAY()),2,2),"""")","=IFERROR(INDEX(GOOGLEFINANCE(B113,""close"",EDATE(TODAY(),-60),TODAY()),2,2),"""")","=IFERROR(INDEX(GOOGLEFINANCE(B113,""close"",DATE(1970,1,1),TODAY()),2,2),"""")"
CLX,CLX,Clorox,Consumer Staples,"=IFERROR(GOOGLEFINANCE(B114,""price""),"""")","=IFERROR(GOOGLEFINANCE(B114,""marketcap""),"""")","=IFERROR(GOOGLEFINANCE(B114,""volume""),"""")","=IFERROR(INDEX(GOOGLEFINANCE(B114,""close"",WORKDAY(TODAY(),-1),TODAY()),2,2),"""")","=IFERROR(INDEX(GOOGLEFINANCE(B114,""close"",WORKDAY(TODAY(),-5),TODAY()),2,2),"""")","=IFERROR(INDEX(GOOGLEFINANCE(B114,""close"",EDATE(TODAY(),-1),TODAY()),2,2),"""")","=IFERROR(INDEX(GOOGLEFINANCE(B114,""close"",EDATE(TODAY(),-3),TODAY()),2,2),"""")","=IFERROR(INDEX(GOOGLEFINANCE(B114,""close"",EDATE(TODAY(),-12),TODAY()),2,2),"""")","=IFERROR(INDEX(GOOGLEFINANCE(B114,""close"",EDATE(TODAY(),-24),TODAY()),2,2),"""")","=IFERROR(INDEX(GOOGLEFINANCE(B114,""close"",EDATE(TODAY(),-36),TODAY()),2,2),"""")","=IFERROR(INDEX(GOOGLEFINANCE(B114,""close"",EDATE(TODAY(),-60),TODAY()),2,2),"""")","=IFERROR(INDEX(GOOGLEFINANCE(B114,""close"",DATE(1970,1,1),TODAY()),2,2),"""")"
CME,CME,CME Group,Financials,"=IFERROR(GOOGLEFINANCE(B115,""price""),"""")","=IFERROR(GOOGLEFINANCE(B115,""marketcap""),"""")","=IFERROR(GOOGLEFINANCE(B115,""volume""),"""")","=IFERROR(INDEX(GOOGLEFINANCE(B115,""close"",WORKDAY(TODAY(),-1),TODAY()),2,2),"""")","=IFERROR(INDEX(GOOGLEFINANCE(B115,""close"",WORKDAY(TODAY(),-5),TODAY()),2,2),"""")","=IFERROR(INDEX(GOOGLEFINANCE(B115,""close"",EDATE(TODAY(),-1),TODAY()),2,2),"""")","=IFERROR(INDEX(GOOGLEFINANCE(B115,""close"",EDATE(TODAY(),-3),TODAY()),2,2),"""")","=IFERROR(INDEX(GOOGLEFINANCE(B115,""close"",EDATE(TODAY(),-12),TODAY()),2,2),"""")","=IFERROR(INDEX(GOOGLEFINANCE(B115,""close"",EDATE(TODAY(),-24),TODAY()),2,2),"""")","=IFERROR(INDEX(GOOGLEFINANCE(B115,""close"",EDATE(TODAY(),-36),TODAY()),2,2),"""")","=IFERROR(INDEX(GOOGLEFINANCE(B115,""close"",EDATE(TODAY(),-60),TODAY()),2,2),"""")","=IFERROR(INDEX(GOOGLEFINANCE(B115,""close"",DATE(1970,1,1),TODAY()),2,2),"""")"
CMS,CMS,CMS Energy,Utilities,"=IFERROR(GOOGLEFINANCE(B116,""price""),"""")","=IFERROR(GOOGLEFINANCE(B116,""marketcap""),"""")","=IFERROR(GOOGLEFINANCE(B116,""volume""),"""")","=IFERROR(INDEX(GOOGLEFINANCE(B116,""close"",WORKDAY(TODAY(),-1),TODAY()),2,2),"""")","=IFERROR(INDEX(GOOGLEFINANCE(B116,""close"",WORKDAY(TODAY(),-5),TODAY()),2,2),"""")","=IFERROR(INDEX(GOOGLEFINANCE(B116,""close"",EDATE(TODAY(),-1),TODAY()),2,2),"""")","=IFERROR(INDEX(GOOGLEFINANCE(B116,""close"",EDATE(TODAY(),-3),TODAY()),2,2),"""")","=IFERROR(INDEX(GOOGLEFINANCE(B116,""close"",EDATE(TODAY(),-12),TODAY()),2,2),"""")","=IFERROR(INDEX(GOOGLEFINANCE(B116,""close"",EDATE(TODAY(),-24),TODAY()),2,2),"""")","=IFERROR(INDEX(GOOGLEFINANCE(B116,""close"",EDATE(TODAY(),-36),TODAY()),2,2),"""")","=IFERROR(INDEX(GOOGLEFINANCE(B116,""close"",EDATE(TODAY(),-60),TODAY()),2,2),"""")","=IFERROR(INDEX(GOOGLEFINANCE(B116,""close"",DATE(1970,1,1),TODAY()),2,2),"""")"
KO,KO,Coca-Cola Company (The),Consumer Staples,"=IFERROR(GOOGLEFINANCE(B117,""price""),"""")","=IFERROR(GOOGLEFINANCE(B117,""marketcap""),"""")","=IFERROR(GOOGLEFINANCE(B117,""volume""),"""")","=IFERROR(INDEX(GOOGLEFINANCE(B117,""close"",WORKDAY(TODAY(),-1),TODAY()),2,2),"""")","=IFERROR(INDEX(GOOGLEFINANCE(B117,""close"",WORKDAY(TODAY(),-5),TODAY()),2,2),"""")","=IFERROR(INDEX(GOOGLEFINANCE(B117,""close"",EDATE(TODAY(),-1),TODAY()),2,2),"""")","=IFERROR(INDEX(GOOGLEFINANCE(B117,""close"",EDATE(TODAY(),-3),TODAY()),2,2),"""")","=IFERROR(INDEX(GOOGLEFINANCE(B117,""close"",EDATE(TODAY(),-12),TODAY()),2,2),"""")","=IFERROR(INDEX(GOOGLEFINANCE(B117,""close"",EDATE(TODAY(),-24),TODAY()),2,2),"""")","=IFERROR(INDEX(GOOGLEFINANCE(B117,""close"",EDATE(TODAY(),-36),TODAY()),2,2),"""")","=IFERROR(INDEX(GOOGLEFINANCE(B117,""close"",EDATE(TODAY(),-60),TODAY()),2,2),"""")","=IFERROR(INDEX(GOOGLEFINANCE(B117,""close"",DATE(1970,1,1),TODAY()),2,2),"""")"
CTSH,CTSH,Cognizant,Information Technology,"=IFERROR(GOOGLEFINANCE(B118,""price""),"""")","=IFERROR(GOOGLEFINANCE(B118,""marketcap""),"""")","=IFERROR(GOOGLEFINANCE(B118,""volume""),"""")","=IFERROR(INDEX(GOOGLEFINANCE(B118,""close"",WORKDAY(TODAY(),-1),TODAY()),2,2),"""")","=IFERROR(INDEX(GOOGLEFINANCE(B118,""close"",WORKDAY(TODAY(),-5),TODAY()),2,2),"""")","=IFERROR(INDEX(GOOGLEFINANCE(B118,""close"",EDATE(TODAY(),-1),TODAY()),2,2),"""")","=IFERROR(INDEX(GOOGLEFINANCE(B118,""close"",EDATE(TODAY(),-3),TODAY()),2,2),"""")","=IFERROR(INDEX(GOOGLEFINANCE(B118,""close"",EDATE(TODAY(),-12),TODAY()),2,2),"""")","=IFERROR(INDEX(GOOGLEFINANCE(B118,""close"",EDATE(TODAY(),-24),TODAY()),2,2),"""")","=IFERROR(INDEX(GOOGLEFINANCE(B118,""close"",EDATE(TODAY(),-36),TODAY()),2,2),"""")","=IFERROR(INDEX(GOOGLEFINANCE(B118,""close"",EDATE(TODAY(),-60),TODAY()),2,2),"""")","=IFERROR(INDEX(GOOGLEFINANCE(B118,""close"",DATE(1970,1,1),TODAY()),2,2),"""")"
COHR,COHR,Coherent Corp.,Information Technology,"=IFERROR(GOOGLEFINANCE(B119,""price""),"""")","=IFERROR(GOOGLEFINANCE(B119,""marketcap""),"""")","=IFERROR(GOOGLEFINANCE(B119,""volume""),"""")","=IFERROR(INDEX(GOOGLEFINANCE(B119,""close"",WORKDAY(TODAY(),-1),TODAY()),2,2),"""")","=IFERROR(INDEX(GOOGLEFINANCE(B119,""close"",WORKDAY(TODAY(),-5),TODAY()),2,2),"""")","=IFERROR(INDEX(GOOGLEFINANCE(B119,""close"",EDATE(TODAY(),-1),TODAY()),2,2),"""")","=IFERROR(INDEX(GOOGLEFINANCE(B119,""close"",EDATE(TODAY(),-3),TODAY()),2,2),"""")","=IFERROR(INDEX(GOOGLEFINANCE(B119,""close"",EDATE(TODAY(),-12),TODAY()),2,2),"""")","=IFERROR(INDEX(GOOGLEFINANCE(B119,""close"",EDATE(TODAY(),-24),TODAY()),2,2),"""")","=IFERROR(INDEX(GOOGLEFINANCE(B119,""close"",EDATE(TODAY(),-36),TODAY()),2,2),"""")","=IFERROR(INDEX(GOOGLEFINANCE(B119,""close"",EDATE(TODAY(),-60),TODAY()),2,2),"""")","=IFERROR(INDEX(GOOGLEFINANCE(B119,""close"",DATE(1970,1,1),TODAY()),2,2),"""")"
COIN,COIN,Coinbase,Financials,"=IFERROR(GOOGLEFINANCE(B120,""price""),"""")","=IFERROR(GOOGLEFINANCE(B120,""marketcap""),"""")","=IFERROR(GOOGLEFINANCE(B120,""volume""),"""")","=IFERROR(INDEX(GOOGLEFINANCE(B120,""close"",WORKDAY(TODAY(),-1),TODAY()),2,2),"""")","=IFERROR(INDEX(GOOGLEFINANCE(B120,""close"",WORKDAY(TODAY(),-5),TODAY()),2,2),"""")","=IFERROR(INDEX(GOOGLEFINANCE(B120,""close"",EDATE(TODAY(),-1),TODAY()),2,2),"""")","=IFERROR(INDEX(GOOGLEFINANCE(B120,""close"",EDATE(TODAY(),-3),TODAY()),2,2),"""")","=IFERROR(INDEX(GOOGLEFINANCE(B120,""close"",EDATE(TODAY(),-12),TODAY()),2,2),"""")","=IFERROR(INDEX(GOOGLEFINANCE(B120,""close"",EDATE(TODAY(),-24),TODAY()),2,2),"""")","=IFERROR(INDEX(GOOGLEFINANCE(B120,""close"",EDATE(TODAY(),-36),TODAY()),2,2),"""")","=IFERROR(INDEX(GOOGLEFINANCE(B120,""close"",EDATE(TODAY(),-60),TODAY()),2,2),"""")","=IFERROR(INDEX(GOOGLEFINANCE(B120,""close"",DATE(1970,1,1),TODAY()),2,2),"""")"
CL,CL,Colgate-Palmolive,Consumer Staples,"=IFERROR(GOOGLEFINANCE(B121,""price""),"""")","=IFERROR(GOOGLEFINANCE(B121,""marketcap""),"""")","=IFERROR(GOOGLEFINANCE(B121,""volume""),"""")","=IFERROR(INDEX(GOOGLEFINANCE(B121,""close"",WORKDAY(TODAY(),-1),TODAY()),2,2),"""")","=IFERROR(INDEX(GOOGLEFINANCE(B121,""close"",WORKDAY(TODAY(),-5),TODAY()),2,2),"""")","=IFERROR(INDEX(GOOGLEFINANCE(B121,""close"",EDATE(TODAY(),-1),TODAY()),2,2),"""")","=IFERROR(INDEX(GOOGLEFINANCE(B121,""close"",EDATE(TODAY(),-3),TODAY()),2,2),"""")","=IFERROR(INDEX(GOOGLEFINANCE(B121,""close"",EDATE(TODAY(),-12),TODAY()),2,2),"""")","=IFERROR(INDEX(GOOGLEFINANCE(B121,""close"",EDATE(TODAY(),-24),TODAY()),2,2),"""")","=IFERROR(INDEX(GOOGLEFINANCE(B121,""close"",EDATE(TODAY(),-36),TODAY()),2,2),"""")","=IFERROR(INDEX(GOOGLEFINANCE(B121,""close"",EDATE(TODAY(),-60),TODAY()),2,2),"""")","=IFERROR(INDEX(GOOGLEFINANCE(B121,""close"",DATE(1970,1,1),TODAY()),2,2),"""")"
CMCSA,CMCSA,Comcast,Communication Services,"=IFERROR(GOOGLEFINANCE(B122,""price""),"""")","=IFERROR(GOOGLEFINANCE(B122,""marketcap""),"""")","=IFERROR(GOOGLEFINANCE(B122,""volume""),"""")","=IFERROR(INDEX(GOOGLEFINANCE(B122,""close"",WORKDAY(TODAY(),-1),TODAY()),2,2),"""")","=IFERROR(INDEX(GOOGLEFINANCE(B122,""close"",WORKDAY(TODAY(),-5),TODAY()),2,2),"""")","=IFERROR(INDEX(GOOGLEFINANCE(B122,""close"",EDATE(TODAY(),-1),TODAY()),2,2),"""")","=IFERROR(INDEX(GOOGLEFINANCE(B122,""close"",EDATE(TODAY(),-3),TODAY()),2,2),"""")","=IFERROR(INDEX(GOOGLEFINANCE(B122,""close"",EDATE(TODAY(),-12),TODAY()),2,2),"""")","=IFERROR(INDEX(GOOGLEFINANCE(B122,""close"",EDATE(TODAY(),-24),TODAY()),2,2),"""")","=IFERROR(INDEX(GOOGLEFINANCE(B122,""close"",EDATE(TODAY(),-36),TODAY()),2,2),"""")","=IFERROR(INDEX(GOOGLEFINANCE(B122,""close"",EDATE(TODAY(),-60),TODAY()),2,2),"""")","=IFERROR(INDEX(GOOGLEFINANCE(B122,""close"",DATE(1970,1,1),TODAY()),2,2),"""")"
FIX,FIX,Comfort Systems USA,Industrials,"=IFERROR(GOOGLEFINANCE(B123,""price""),"""")","=IFERROR(GOOGLEFINANCE(B123,""marketcap""),"""")","=IFERROR(GOOGLEFINANCE(B123,""volume""),"""")","=IFERROR(INDEX(GOOGLEFINANCE(B123,""close"",WORKDAY(TODAY(),-1),TODAY()),2,2),"""")","=IFERROR(INDEX(GOOGLEFINANCE(B123,""close"",WORKDAY(TODAY(),-5),TODAY()),2,2),"""")","=IFERROR(INDEX(GOOGLEFINANCE(B123,""close"",EDATE(TODAY(),-1),TODAY()),2,2),"""")","=IFERROR(INDEX(GOOGLEFINANCE(B123,""close"",EDATE(TODAY(),-3),TODAY()),2,2),"""")","=IFERROR(INDEX(GOOGLEFINANCE(B123,""close"",EDATE(TODAY(),-12),TODAY()),2,2),"""")","=IFERROR(INDEX(GOOGLEFINANCE(B123,""close"",EDATE(TODAY(),-24),TODAY()),2,2),"""")","=IFERROR(INDEX(GOOGLEFINANCE(B123,""close"",EDATE(TODAY(),-36),TODAY()),2,2),"""")","=IFERROR(INDEX(GOOGLEFINANCE(B123,""close"",EDATE(TODAY(),-60),TODAY()),2,2),"""")","=IFERROR(INDEX(GOOGLEFINANCE(B123,""close"",DATE(1970,1,1),TODAY()),2,2),"""")"
CAG,CAG,Conagra Brands,Consumer Staples,"=IFERROR(GOOGLEFINANCE(B124,""price""),"""")","=IFERROR(GOOGLEFINANCE(B124,""marketcap""),"""")","=IFERROR(GOOGLEFINANCE(B124,""volume""),"""")","=IFERROR(INDEX(GOOGLEFINANCE(B124,""close"",WORKDAY(TODAY(),-1),TODAY()),2,2),"""")","=IFERROR(INDEX(GOOGLEFINANCE(B124,""close"",WORKDAY(TODAY(),-5),TODAY()),2,2),"""")","=IFERROR(INDEX(GOOGLEFINANCE(B124,""close"",EDATE(TODAY(),-1),TODAY()),2,2),"""")","=IFERROR(INDEX(GOOGLEFINANCE(B124,""close"",EDATE(TODAY(),-3),TODAY()),2,2),"""")","=IFERROR(INDEX(GOOGLEFINANCE(B124,""close"",EDATE(TODAY(),-12),TODAY()),2,2),"""")","=IFERROR(INDEX(GOOGLEFINANCE(B124,""close"",EDATE(TODAY(),-24),TODAY()),2,2),"""")","=IFERROR(INDEX(GOOGLEFINANCE(B124,""close"",EDATE(TODAY(),-36),TODAY()),2,2),"""")","=IFERROR(INDEX(GOOGLEFINANCE(B124,""close"",EDATE(TODAY(),-60),TODAY()),2,2),"""")","=IFERROR(INDEX(GOOGLEFINANCE(B124,""close"",DATE(1970,1,1),TODAY()),2,2),"""")"
COP,COP,ConocoPhillips,Energy,"=IFERROR(GOOGLEFINANCE(B125,""price""),"""")","=IFERROR(GOOGLEFINANCE(B125,""marketcap""),"""")","=IFERROR(GOOGLEFINANCE(B125,""volume""),"""")","=IFERROR(INDEX(GOOGLEFINANCE(B125,""close"",WORKDAY(TODAY(),-1),TODAY()),2,2),"""")","=IFERROR(INDEX(GOOGLEFINANCE(B125,""close"",WORKDAY(TODAY(),-5),TODAY()),2,2),"""")","=IFERROR(INDEX(GOOGLEFINANCE(B125,""close"",EDATE(TODAY(),-1),TODAY()),2,2),"""")","=IFERROR(INDEX(GOOGLEFINANCE(B125,""close"",EDATE(TODAY(),-3),TODAY()),2,2),"""")","=IFERROR(INDEX(GOOGLEFINANCE(B125,""close"",EDATE(TODAY(),-12),TODAY()),2,2),"""")","=IFERROR(INDEX(GOOGLEFINANCE(B125,""close"",EDATE(TODAY(),-24),TODAY()),2,2),"""")","=IFERROR(INDEX(GOOGLEFINANCE(B125,""close"",EDATE(TODAY(),-36),TODAY()),2,2),"""")","=IFERROR(INDEX(GOOGLEFINANCE(B125,""close"",EDATE(TODAY(),-60),TODAY()),2,2),"""")","=IFERROR(INDEX(GOOGLEFINANCE(B125,""close"",DATE(1970,1,1),TODAY()),2,2),"""")"
ED,ED,Consolidated Edison,Utilities,"=IFERROR(GOOGLEFINANCE(B126,""price""),"""")","=IFERROR(GOOGLEFINANCE(B126,""marketcap""),"""")","=IFERROR(GOOGLEFINANCE(B126,""volume""),"""")","=IFERROR(INDEX(GOOGLEFINANCE(B126,""close"",WORKDAY(TODAY(),-1),TODAY()),2,2),"""")","=IFERROR(INDEX(GOOGLEFINANCE(B126,""close"",WORKDAY(TODAY(),-5),TODAY()),2,2),"""")","=IFERROR(INDEX(GOOGLEFINANCE(B126,""close"",EDATE(TODAY(),-1),TODAY()),2,2),"""")","=IFERROR(INDEX(GOOGLEFINANCE(B126,""close"",EDATE(TODAY(),-3),TODAY()),2,2),"""")","=IFERROR(INDEX(GOOGLEFINANCE(B126,""close"",EDATE(TODAY(),-12),TODAY()),2,2),"""")","=IFERROR(INDEX(GOOGLEFINANCE(B126,""close"",EDATE(TODAY(),-24),TODAY()),2,2),"""")","=IFERROR(INDEX(GOOGLEFINANCE(B126,""close"",EDATE(TODAY(),-36),TODAY()),2,2),"""")","=IFERROR(INDEX(GOOGLEFINANCE(B126,""close"",EDATE(TODAY(),-60),TODAY()),2,2),"""")","=IFERROR(INDEX(GOOGLEFINANCE(B126,""close"",DATE(1970,1,1),TODAY()),2,2),"""")"
STZ,STZ,Constellation Brands,Consumer Staples,"=IFERROR(GOOGLEFINANCE(B127,""price""),"""")","=IFERROR(GOOGLEFINANCE(B127,""marketcap""),"""")","=IFERROR(GOOGLEFINANCE(B127,""volume""),"""")","=IFERROR(INDEX(GOOGLEFINANCE(B127,""close"",WORKDAY(TODAY(),-1),TODAY()),2,2),"""")","=IFERROR(INDEX(GOOGLEFINANCE(B127,""close"",WORKDAY(TODAY(),-5),TODAY()),2,2),"""")","=IFERROR(INDEX(GOOGLEFINANCE(B127,""close"",EDATE(TODAY(),-1),TODAY()),2,2),"""")","=IFERROR(INDEX(GOOGLEFINANCE(B127,""close"",EDATE(TODAY(),-3),TODAY()),2,2),"""")","=IFERROR(INDEX(GOOGLEFINANCE(B127,""close"",EDATE(TODAY(),-12),TODAY()),2,2),"""")","=IFERROR(INDEX(GOOGLEFINANCE(B127,""close"",EDATE(TODAY(),-24),TODAY()),2,2),"""")","=IFERROR(INDEX(GOOGLEFINANCE(B127,""close"",EDATE(TODAY(),-36),TODAY()),2,2),"""")","=IFERROR(INDEX(GOOGLEFINANCE(B127,""close"",EDATE(TODAY(),-60),TODAY()),2,2),"""")","=IFERROR(INDEX(GOOGLEFINANCE(B127,""close"",DATE(1970,1,1),TODAY()),2,2),"""")"
CEG,CEG,Constellation Energy,Utilities,"=IFERROR(GOOGLEFINANCE(B128,""price""),"""")","=IFERROR(GOOGLEFINANCE(B128,""marketcap""),"""")","=IFERROR(GOOGLEFINANCE(B128,""volume""),"""")","=IFERROR(INDEX(GOOGLEFINANCE(B128,""close"",WORKDAY(TODAY(),-1),TODAY()),2,2),"""")","=IFERROR(INDEX(GOOGLEFINANCE(B128,""close"",WORKDAY(TODAY(),-5),TODAY()),2,2),"""")","=IFERROR(INDEX(GOOGLEFINANCE(B128,""close"",EDATE(TODAY(),-1),TODAY()),2,2),"""")","=IFERROR(INDEX(GOOGLEFINANCE(B128,""close"",EDATE(TODAY(),-3),TODAY()),2,2),"""")","=IFERROR(INDEX(GOOGLEFINANCE(B128,""close"",EDATE(TODAY(),-12),TODAY()),2,2),"""")","=IFERROR(INDEX(GOOGLEFINANCE(B128,""close"",EDATE(TODAY(),-24),TODAY()),2,2),"""")","=IFERROR(INDEX(GOOGLEFINANCE(B128,""close"",EDATE(TODAY(),-36),TODAY()),2,2),"""")","=IFERROR(INDEX(GOOGLEFINANCE(B128,""close"",EDATE(TODAY(),-60),TODAY()),2,2),"""")","=IFERROR(INDEX(GOOGLEFINANCE(B128,""close"",DATE(1970,1,1),TODAY()),2,2),"""")"
COO,COO,Cooper Companies (The),Health Care,"=IFERROR(GOOGLEFINANCE(B129,""price""),"""")","=IFERROR(GOOGLEFINANCE(B129,""marketcap""),"""")","=IFERROR(GOOGLEFINANCE(B129,""volume""),"""")","=IFERROR(INDEX(GOOGLEFINANCE(B129,""close"",WORKDAY(TODAY(),-1),TODAY()),2,2),"""")","=IFERROR(INDEX(GOOGLEFINANCE(B129,""close"",WORKDAY(TODAY(),-5),TODAY()),2,2),"""")","=IFERROR(INDEX(GOOGLEFINANCE(B129,""close"",EDATE(TODAY(),-1),TODAY()),2,2),"""")","=IFERROR(INDEX(GOOGLEFINANCE(B129,""close"",EDATE(TODAY(),-3),TODAY()),2,2),"""")","=IFERROR(INDEX(GOOGLEFINANCE(B129,""close"",EDATE(TODAY(),-12),TODAY()),2,2),"""")","=IFERROR(INDEX(GOOGLEFINANCE(B129,""close"",EDATE(TODAY(),-24),TODAY()),2,2),"""")","=IFERROR(INDEX(GOOGLEFINANCE(B129,""close"",EDATE(TODAY(),-36),TODAY()),2,2),"""")","=IFERROR(INDEX(GOOGLEFINANCE(B129,""close"",EDATE(TODAY(),-60),TODAY()),2,2),"""")","=IFERROR(INDEX(GOOGLEFINANCE(B129,""close"",DATE(1970,1,1),TODAY()),2,2),"""")"
CPRT,CPRT,Copart,Industrials,"=IFERROR(GOOGLEFINANCE(B130,""price""),"""")","=IFERROR(GOOGLEFINANCE(B130,""marketcap""),"""")","=IFERROR(GOOGLEFINANCE(B130,""volume""),"""")","=IFERROR(INDEX(GOOGLEFINANCE(B130,""close"",WORKDAY(TODAY(),-1),TODAY()),2,2),"""")","=IFERROR(INDEX(GOOGLEFINANCE(B130,""close"",WORKDAY(TODAY(),-5),TODAY()),2,2),"""")","=IFERROR(INDEX(GOOGLEFINANCE(B130,""close"",EDATE(TODAY(),-1),TODAY()),2,2),"""")","=IFERROR(INDEX(GOOGLEFINANCE(B130,""close"",EDATE(TODAY(),-3),TODAY()),2,2),"""")","=IFERROR(INDEX(GOOGLEFINANCE(B130,""close"",EDATE(TODAY(),-12),TODAY()),2,2),"""")","=IFERROR(INDEX(GOOGLEFINANCE(B130,""close"",EDATE(TODAY(),-24),TODAY()),2,2),"""")","=IFERROR(INDEX(GOOGLEFINANCE(B130,""close"",EDATE(TODAY(),-36),TODAY()),2,2),"""")","=IFERROR(INDEX(GOOGLEFINANCE(B130,""close"",EDATE(TODAY(),-60),TODAY()),2,2),"""")","=IFERROR(INDEX(GOOGLEFINANCE(B130,""close"",DATE(1970,1,1),TODAY()),2,2),"""")"
GLW,GLW,Corning Inc.,Information Technology,"=IFERROR(GOOGLEFINANCE(B131,""price""),"""")","=IFERROR(GOOGLEFINANCE(B131,""marketcap""),"""")","=IFERROR(GOOGLEFINANCE(B131,""volume""),"""")","=IFERROR(INDEX(GOOGLEFINANCE(B131,""close"",WORKDAY(TODAY(),-1),TODAY()),2,2),"""")","=IFERROR(INDEX(GOOGLEFINANCE(B131,""close"",WORKDAY(TODAY(),-5),TODAY()),2,2),"""")","=IFERROR(INDEX(GOOGLEFINANCE(B131,""close"",EDATE(TODAY(),-1),TODAY()),2,2),"""")","=IFERROR(INDEX(GOOGLEFINANCE(B131,""close"",EDATE(TODAY(),-3),TODAY()),2,2),"""")","=IFERROR(INDEX(GOOGLEFINANCE(B131,""close"",EDATE(TODAY(),-12),TODAY()),2,2),"""")","=IFERROR(INDEX(GOOGLEFINANCE(B131,""close"",EDATE(TODAY(),-24),TODAY()),2,2),"""")","=IFERROR(INDEX(GOOGLEFINANCE(B131,""close"",EDATE(TODAY(),-36),TODAY()),2,2),"""")","=IFERROR(INDEX(GOOGLEFINANCE(B131,""close"",EDATE(TODAY(),-60),TODAY()),2,2),"""")","=IFERROR(INDEX(GOOGLEFINANCE(B131,""close"",DATE(1970,1,1),TODAY()),2,2),"""")"
CPAY,CPAY,Corpay,Financials,"=IFERROR(GOOGLEFINANCE(B132,""price""),"""")","=IFERROR(GOOGLEFINANCE(B132,""marketcap""),"""")","=IFERROR(GOOGLEFINANCE(B132,""volume""),"""")","=IFERROR(INDEX(GOOGLEFINANCE(B132,""close"",WORKDAY(TODAY(),-1),TODAY()),2,2),"""")","=IFERROR(INDEX(GOOGLEFINANCE(B132,""close"",WORKDAY(TODAY(),-5),TODAY()),2,2),"""")","=IFERROR(INDEX(GOOGLEFINANCE(B132,""close"",EDATE(TODAY(),-1),TODAY()),2,2),"""")","=IFERROR(INDEX(GOOGLEFINANCE(B132,""close"",EDATE(TODAY(),-3),TODAY()),2,2),"""")","=IFERROR(INDEX(GOOGLEFINANCE(B132,""close"",EDATE(TODAY(),-12),TODAY()),2,2),"""")","=IFERROR(INDEX(GOOGLEFINANCE(B132,""close"",EDATE(TODAY(),-24),TODAY()),2,2),"""")","=IFERROR(INDEX(GOOGLEFINANCE(B132,""close"",EDATE(TODAY(),-36),TODAY()),2,2),"""")","=IFERROR(INDEX(GOOGLEFINANCE(B132,""close"",EDATE(TODAY(),-60),TODAY()),2,2),"""")","=IFERROR(INDEX(GOOGLEFINANCE(B132,""close"",DATE(1970,1,1),TODAY()),2,2),"""")"
CTVA,CTVA,Corteva,Materials,"=IFERROR(GOOGLEFINANCE(B133,""price""),"""")","=IFERROR(GOOGLEFINANCE(B133,""marketcap""),"""")","=IFERROR(GOOGLEFINANCE(B133,""volume""),"""")","=IFERROR(INDEX(GOOGLEFINANCE(B133,""close"",WORKDAY(TODAY(),-1),TODAY()),2,2),"""")","=IFERROR(INDEX(GOOGLEFINANCE(B133,""close"",WORKDAY(TODAY(),-5),TODAY()),2,2),"""")","=IFERROR(INDEX(GOOGLEFINANCE(B133,""close"",EDATE(TODAY(),-1),TODAY()),2,2),"""")","=IFERROR(INDEX(GOOGLEFINANCE(B133,""close"",EDATE(TODAY(),-3),TODAY()),2,2),"""")","=IFERROR(INDEX(GOOGLEFINANCE(B133,""close"",EDATE(TODAY(),-12),TODAY()),2,2),"""")","=IFERROR(INDEX(GOOGLEFINANCE(B133,""close"",EDATE(TODAY(),-24),TODAY()),2,2),"""")","=IFERROR(INDEX(GOOGLEFINANCE(B133,""close"",EDATE(TODAY(),-36),TODAY()),2,2),"""")","=IFERROR(INDEX(GOOGLEFINANCE(B133,""close"",EDATE(TODAY(),-60),TODAY()),2,2),"""")","=IFERROR(INDEX(GOOGLEFINANCE(B133,""close"",DATE(1970,1,1),TODAY()),2,2),"""")"
CSGP,CSGP,CoStar Group,Real Estate,"=IFERROR(GOOGLEFINANCE(B134,""price""),"""")","=IFERROR(GOOGLEFINANCE(B134,""marketcap""),"""")","=IFERROR(GOOGLEFINANCE(B134,""volume""),"""")","=IFERROR(INDEX(GOOGLEFINANCE(B134,""close"",WORKDAY(TODAY(),-1),TODAY()),2,2),"""")","=IFERROR(INDEX(GOOGLEFINANCE(B134,""close"",WORKDAY(TODAY(),-5),TODAY()),2,2),"""")","=IFERROR(INDEX(GOOGLEFINANCE(B134,""close"",EDATE(TODAY(),-1),TODAY()),2,2),"""")","=IFERROR(INDEX(GOOGLEFINANCE(B134,""close"",EDATE(TODAY(),-3),TODAY()),2,2),"""")","=IFERROR(INDEX(GOOGLEFINANCE(B134,""close"",EDATE(TODAY(),-12),TODAY()),2,2),"""")","=IFERROR(INDEX(GOOGLEFINANCE(B134,""close"",EDATE(TODAY(),-24),TODAY()),2,2),"""")","=IFERROR(INDEX(GOOGLEFINANCE(B134,""close"",EDATE(TODAY(),-36),TODAY()),2,2),"""")","=IFERROR(INDEX(GOOGLEFINANCE(B134,""close"",EDATE(TODAY(),-60),TODAY()),2,2),"""")","=IFERROR(INDEX(GOOGLEFINANCE(B134,""close"",DATE(1970,1,1),TODAY()),2,2),"""")"
COST,COST,Costco,Consumer Staples,"=IFERROR(GOOGLEFINANCE(B135,""price""),"""")","=IFERROR(GOOGLEFINANCE(B135,""marketcap""),"""")","=IFERROR(GOOGLEFINANCE(B135,""volume""),"""")","=IFERROR(INDEX(GOOGLEFINANCE(B135,""close"",WORKDAY(TODAY(),-1),TODAY()),2,2),"""")","=IFERROR(INDEX(GOOGLEFINANCE(B135,""close"",WORKDAY(TODAY(),-5),TODAY()),2,2),"""")","=IFERROR(INDEX(GOOGLEFINANCE(B135,""close"",EDATE(TODAY(),-1),TODAY()),2,2),"""")","=IFERROR(INDEX(GOOGLEFINANCE(B135,""close"",EDATE(TODAY(),-3),TODAY()),2,2),"""")","=IFERROR(INDEX(GOOGLEFINANCE(B135,""close"",EDATE(TODAY(),-12),TODAY()),2,2),"""")","=IFERROR(INDEX(GOOGLEFINANCE(B135,""close"",EDATE(TODAY(),-24),TODAY()),2,2),"""")","=IFERROR(INDEX(GOOGLEFINANCE(B135,""close"",EDATE(TODAY(),-36),TODAY()),2,2),"""")","=IFERROR(INDEX(GOOGLEFINANCE(B135,""close"",EDATE(TODAY(),-60),TODAY()),2,2),"""")","=IFERROR(INDEX(GOOGLEFINANCE(B135,""close"",DATE(1970,1,1),TODAY()),2,2),"""")"
CRH,CRH,CRH plc,Materials,"=IFERROR(GOOGLEFINANCE(B136,""price""),"""")","=IFERROR(GOOGLEFINANCE(B136,""marketcap""),"""")","=IFERROR(GOOGLEFINANCE(B136,""volume""),"""")","=IFERROR(INDEX(GOOGLEFINANCE(B136,""close"",WORKDAY(TODAY(),-1),TODAY()),2,2),"""")","=IFERROR(INDEX(GOOGLEFINANCE(B136,""close"",WORKDAY(TODAY(),-5),TODAY()),2,2),"""")","=IFERROR(INDEX(GOOGLEFINANCE(B136,""close"",EDATE(TODAY(),-1),TODAY()),2,2),"""")","=IFERROR(INDEX(GOOGLEFINANCE(B136,""close"",EDATE(TODAY(),-3),TODAY()),2,2),"""")","=IFERROR(INDEX(GOOGLEFINANCE(B136,""close"",EDATE(TODAY(),-12),TODAY()),2,2),"""")","=IFERROR(INDEX(GOOGLEFINANCE(B136,""close"",EDATE(TODAY(),-24),TODAY()),2,2),"""")","=IFERROR(INDEX(GOOGLEFINANCE(B136,""close"",EDATE(TODAY(),-36),TODAY()),2,2),"""")","=IFERROR(INDEX(GOOGLEFINANCE(B136,""close"",EDATE(TODAY(),-60),TODAY()),2,2),"""")","=IFERROR(INDEX(GOOGLEFINANCE(B136,""close"",DATE(1970,1,1),TODAY()),2,2),"""")"
CRWD,CRWD,CrowdStrike,Information Technology,"=IFERROR(GOOGLEFINANCE(B137,""price""),"""")","=IFERROR(GOOGLEFINANCE(B137,""marketcap""),"""")","=IFERROR(GOOGLEFINANCE(B137,""volume""),"""")","=IFERROR(INDEX(GOOGLEFINANCE(B137,""close"",WORKDAY(TODAY(),-1),TODAY()),2,2),"""")","=IFERROR(INDEX(GOOGLEFINANCE(B137,""close"",WORKDAY(TODAY(),-5),TODAY()),2,2),"""")","=IFERROR(INDEX(GOOGLEFINANCE(B137,""close"",EDATE(TODAY(),-1),TODAY()),2,2),"""")","=IFERROR(INDEX(GOOGLEFINANCE(B137,""close"",EDATE(TODAY(),-3),TODAY()),2,2),"""")","=IFERROR(INDEX(GOOGLEFINANCE(B137,""close"",EDATE(TODAY(),-12),TODAY()),2,2),"""")","=IFERROR(INDEX(GOOGLEFINANCE(B137,""close"",EDATE(TODAY(),-24),TODAY()),2,2),"""")","=IFERROR(INDEX(GOOGLEFINANCE(B137,""close"",EDATE(TODAY(),-36),TODAY()),2,2),"""")","=IFERROR(INDEX(GOOGLEFINANCE(B137,""close"",EDATE(TODAY(),-60),TODAY()),2,2),"""")","=IFERROR(INDEX(GOOGLEFINANCE(B137,""close"",DATE(1970,1,1),TODAY()),2,2),"""")"
CCI,CCI,Crown Castle,Real Estate,"=IFERROR(GOOGLEFINANCE(B138,""price""),"""")","=IFERROR(GOOGLEFINANCE(B138,""marketcap""),"""")","=IFERROR(GOOGLEFINANCE(B138,""volume""),"""")","=IFERROR(INDEX(GOOGLEFINANCE(B138,""close"",WORKDAY(TODAY(),-1),TODAY()),2,2),"""")","=IFERROR(INDEX(GOOGLEFINANCE(B138,""close"",WORKDAY(TODAY(),-5),TODAY()),2,2),"""")","=IFERROR(INDEX(GOOGLEFINANCE(B138,""close"",EDATE(TODAY(),-1),TODAY()),2,2),"""")","=IFERROR(INDEX(GOOGLEFINANCE(B138,""close"",EDATE(TODAY(),-3),TODAY()),2,2),"""")","=IFERROR(INDEX(GOOGLEFINANCE(B138,""close"",EDATE(TODAY(),-12),TODAY()),2,2),"""")","=IFERROR(INDEX(GOOGLEFINANCE(B138,""close"",EDATE(TODAY(),-24),TODAY()),2,2),"""")","=IFERROR(INDEX(GOOGLEFINANCE(B138,""close"",EDATE(TODAY(),-36),TODAY()),2,2),"""")","=IFERROR(INDEX(GOOGLEFINANCE(B138,""close"",EDATE(TODAY(),-60),TODAY()),2,2),"""")","=IFERROR(INDEX(GOOGLEFINANCE(B138,""close"",DATE(1970,1,1),TODAY()),2,2),"""")"
CSX,CSX,CSX Corporation,Industrials,"=IFERROR(GOOGLEFINANCE(B139,""price""),"""")","=IFERROR(GOOGLEFINANCE(B139,""marketcap""),"""")","=IFERROR(GOOGLEFINANCE(B139,""volume""),"""")","=IFERROR(INDEX(GOOGLEFINANCE(B139,""close"",WORKDAY(TODAY(),-1),TODAY()),2,2),"""")","=IFERROR(INDEX(GOOGLEFINANCE(B139,""close"",WORKDAY(TODAY(),-5),TODAY()),2,2),"""")","=IFERROR(INDEX(GOOGLEFINANCE(B139,""close"",EDATE(TODAY(),-1),TODAY()),2,2),"""")","=IFERROR(INDEX(GOOGLEFINANCE(B139,""close"",EDATE(TODAY(),-3),TODAY()),2,2),"""")","=IFERROR(INDEX(GOOGLEFINANCE(B139,""close"",EDATE(TODAY(),-12),TODAY()),2,2),"""")","=IFERROR(INDEX(GOOGLEFINANCE(B139,""close"",EDATE(TODAY(),-24),TODAY()),2,2),"""")","=IFERROR(INDEX(GOOGLEFINANCE(B139,""close"",EDATE(TODAY(),-36),TODAY()),2,2),"""")","=IFERROR(INDEX(GOOGLEFINANCE(B139,""close"",EDATE(TODAY(),-60),TODAY()),2,2),"""")","=IFERROR(INDEX(GOOGLEFINANCE(B139,""close"",DATE(1970,1,1),TODAY()),2,2),"""")"
CMI,CMI,Cummins,Industrials,"=IFERROR(GOOGLEFINANCE(B140,""price""),"""")","=IFERROR(GOOGLEFINANCE(B140,""marketcap""),"""")","=IFERROR(GOOGLEFINANCE(B140,""volume""),"""")","=IFERROR(INDEX(GOOGLEFINANCE(B140,""close"",WORKDAY(TODAY(),-1),TODAY()),2,2),"""")","=IFERROR(INDEX(GOOGLEFINANCE(B140,""close"",WORKDAY(TODAY(),-5),TODAY()),2,2),"""")","=IFERROR(INDEX(GOOGLEFINANCE(B140,""close"",EDATE(TODAY(),-1),TODAY()),2,2),"""")","=IFERROR(INDEX(GOOGLEFINANCE(B140,""close"",EDATE(TODAY(),-3),TODAY()),2,2),"""")","=IFERROR(INDEX(GOOGLEFINANCE(B140,""close"",EDATE(TODAY(),-12),TODAY()),2,2),"""")","=IFERROR(INDEX(GOOGLEFINANCE(B140,""close"",EDATE(TODAY(),-24),TODAY()),2,2),"""")","=IFERROR(INDEX(GOOGLEFINANCE(B140,""close"",EDATE(TODAY(),-36),TODAY()),2,2),"""")","=IFERROR(INDEX(GOOGLEFINANCE(B140,""close"",EDATE(TODAY(),-60),TODAY()),2,2),"""")","=IFERROR(INDEX(GOOGLEFINANCE(B140,""close"",DATE(1970,1,1),TODAY()),2,2),"""")"
CVS,CVS,CVS Health,Health Care,"=IFERROR(GOOGLEFINANCE(B141,""price""),"""")","=IFERROR(GOOGLEFINANCE(B141,""marketcap""),"""")","=IFERROR(GOOGLEFINANCE(B141,""volume""),"""")","=IFERROR(INDEX(GOOGLEFINANCE(B141,""close"",WORKDAY(TODAY(),-1),TODAY()),2,2),"""")","=IFERROR(INDEX(GOOGLEFINANCE(B141,""close"",WORKDAY(TODAY(),-5),TODAY()),2,2),"""")","=IFERROR(INDEX(GOOGLEFINANCE(B141,""close"",EDATE(TODAY(),-1),TODAY()),2,2),"""")","=IFERROR(INDEX(GOOGLEFINANCE(B141,""close"",EDATE(TODAY(),-3),TODAY()),2,2),"""")","=IFERROR(INDEX(GOOGLEFINANCE(B141,""close"",EDATE(TODAY(),-12),TODAY()),2,2),"""")","=IFERROR(INDEX(GOOGLEFINANCE(B141,""close"",EDATE(TODAY(),-24),TODAY()),2,2),"""")","=IFERROR(INDEX(GOOGLEFINANCE(B141,""close"",EDATE(TODAY(),-36),TODAY()),2,2),"""")","=IFERROR(INDEX(GOOGLEFINANCE(B141,""close"",EDATE(TODAY(),-60),TODAY()),2,2),"""")","=IFERROR(INDEX(GOOGLEFINANCE(B141,""close"",DATE(1970,1,1),TODAY()),2,2),"""")"
DHR,DHR,Danaher Corporation,Health Care,"=IFERROR(GOOGLEFINANCE(B142,""price""),"""")","=IFERROR(GOOGLEFINANCE(B142,""marketcap""),"""")","=IFERROR(GOOGLEFINANCE(B142,""volume""),"""")","=IFERROR(INDEX(GOOGLEFINANCE(B142,""close"",WORKDAY(TODAY(),-1),TODAY()),2,2),"""")","=IFERROR(INDEX(GOOGLEFINANCE(B142,""close"",WORKDAY(TODAY(),-5),TODAY()),2,2),"""")","=IFERROR(INDEX(GOOGLEFINANCE(B142,""close"",EDATE(TODAY(),-1),TODAY()),2,2),"""")","=IFERROR(INDEX(GOOGLEFINANCE(B142,""close"",EDATE(TODAY(),-3),TODAY()),2,2),"""")","=IFERROR(INDEX(GOOGLEFINANCE(B142,""close"",EDATE(TODAY(),-12),TODAY()),2,2),"""")","=IFERROR(INDEX(GOOGLEFINANCE(B142,""close"",EDATE(TODAY(),-24),TODAY()),2,2),"""")","=IFERROR(INDEX(GOOGLEFINANCE(B142,""close"",EDATE(TODAY(),-36),TODAY()),2,2),"""")","=IFERROR(INDEX(GOOGLEFINANCE(B142,""close"",EDATE(TODAY(),-60),TODAY()),2,2),"""")","=IFERROR(INDEX(GOOGLEFINANCE(B142,""close"",DATE(1970,1,1),TODAY()),2,2),"""")"
DRI,DRI,Darden Restaurants,Consumer Discretionary,"=IFERROR(GOOGLEFINANCE(B143,""price""),"""")","=IFERROR(GOOGLEFINANCE(B143,""marketcap""),"""")","=IFERROR(GOOGLEFINANCE(B143,""volume""),"""")","=IFERROR(INDEX(GOOGLEFINANCE(B143,""close"",WORKDAY(TODAY(),-1),TODAY()),2,2),"""")","=IFERROR(INDEX(GOOGLEFINANCE(B143,""close"",WORKDAY(TODAY(),-5),TODAY()),2,2),"""")","=IFERROR(INDEX(GOOGLEFINANCE(B143,""close"",EDATE(TODAY(),-1),TODAY()),2,2),"""")","=IFERROR(INDEX(GOOGLEFINANCE(B143,""close"",EDATE(TODAY(),-3),TODAY()),2,2),"""")","=IFERROR(INDEX(GOOGLEFINANCE(B143,""close"",EDATE(TODAY(),-12),TODAY()),2,2),"""")","=IFERROR(INDEX(GOOGLEFINANCE(B143,""close"",EDATE(TODAY(),-24),TODAY()),2,2),"""")","=IFERROR(INDEX(GOOGLEFINANCE(B143,""close"",EDATE(TODAY(),-36),TODAY()),2,2),"""")","=IFERROR(INDEX(GOOGLEFINANCE(B143,""close"",EDATE(TODAY(),-60),TODAY()),2,2),"""")","=IFERROR(INDEX(GOOGLEFINANCE(B143,""close"",DATE(1970,1,1),TODAY()),2,2),"""")"
DDOG,DDOG,Datadog,Information Technology,"=IFERROR(GOOGLEFINANCE(B144,""price""),"""")","=IFERROR(GOOGLEFINANCE(B144,""marketcap""),"""")","=IFERROR(GOOGLEFINANCE(B144,""volume""),"""")","=IFERROR(INDEX(GOOGLEFINANCE(B144,""close"",WORKDAY(TODAY(),-1),TODAY()),2,2),"""")","=IFERROR(INDEX(GOOGLEFINANCE(B144,""close"",WORKDAY(TODAY(),-5),TODAY()),2,2),"""")","=IFERROR(INDEX(GOOGLEFINANCE(B144,""close"",EDATE(TODAY(),-1),TODAY()),2,2),"""")","=IFERROR(INDEX(GOOGLEFINANCE(B144,""close"",EDATE(TODAY(),-3),TODAY()),2,2),"""")","=IFERROR(INDEX(GOOGLEFINANCE(B144,""close"",EDATE(TODAY(),-12),TODAY()),2,2),"""")","=IFERROR(INDEX(GOOGLEFINANCE(B144,""close"",EDATE(TODAY(),-24),TODAY()),2,2),"""")","=IFERROR(INDEX(GOOGLEFINANCE(B144,""close"",EDATE(TODAY(),-36),TODAY()),2,2),"""")","=IFERROR(INDEX(GOOGLEFINANCE(B144,""close"",EDATE(TODAY(),-60),TODAY()),2,2),"""")","=IFERROR(INDEX(GOOGLEFINANCE(B144,""close"",DATE(1970,1,1),TODAY()),2,2),"""")"
DVA,DVA,DaVita,Health Care,"=IFERROR(GOOGLEFINANCE(B145,""price""),"""")","=IFERROR(GOOGLEFINANCE(B145,""marketcap""),"""")","=IFERROR(GOOGLEFINANCE(B145,""volume""),"""")","=IFERROR(INDEX(GOOGLEFINANCE(B145,""close"",WORKDAY(TODAY(),-1),TODAY()),2,2),"""")","=IFERROR(INDEX(GOOGLEFINANCE(B145,""close"",WORKDAY(TODAY(),-5),TODAY()),2,2),"""")","=IFERROR(INDEX(GOOGLEFINANCE(B145,""close"",EDATE(TODAY(),-1),TODAY()),2,2),"""")","=IFERROR(INDEX(GOOGLEFINANCE(B145,""close"",EDATE(TODAY(),-3),TODAY()),2,2),"""")","=IFERROR(INDEX(GOOGLEFINANCE(B145,""close"",EDATE(TODAY(),-12),TODAY()),2,2),"""")","=IFERROR(INDEX(GOOGLEFINANCE(B145,""close"",EDATE(TODAY(),-24),TODAY()),2,2),"""")","=IFERROR(INDEX(GOOGLEFINANCE(B145,""close"",EDATE(TODAY(),-36),TODAY()),2,2),"""")","=IFERROR(INDEX(GOOGLEFINANCE(B145,""close"",EDATE(TODAY(),-60),TODAY()),2,2),"""")","=IFERROR(INDEX(GOOGLEFINANCE(B145,""close"",DATE(1970,1,1),TODAY()),2,2),"""")"
DECK,DECK,Deckers Brands,Consumer Discretionary,"=IFERROR(GOOGLEFINANCE(B146,""price""),"""")","=IFERROR(GOOGLEFINANCE(B146,""marketcap""),"""")","=IFERROR(GOOGLEFINANCE(B146,""volume""),"""")","=IFERROR(INDEX(GOOGLEFINANCE(B146,""close"",WORKDAY(TODAY(),-1),TODAY()),2,2),"""")","=IFERROR(INDEX(GOOGLEFINANCE(B146,""close"",WORKDAY(TODAY(),-5),TODAY()),2,2),"""")","=IFERROR(INDEX(GOOGLEFINANCE(B146,""close"",EDATE(TODAY(),-1),TODAY()),2,2),"""")","=IFERROR(INDEX(GOOGLEFINANCE(B146,""close"",EDATE(TODAY(),-3),TODAY()),2,2),"""")","=IFERROR(INDEX(GOOGLEFINANCE(B146,""close"",EDATE(TODAY(),-12),TODAY()),2,2),"""")","=IFERROR(INDEX(GOOGLEFINANCE(B146,""close"",EDATE(TODAY(),-24),TODAY()),2,2),"""")","=IFERROR(INDEX(GOOGLEFINANCE(B146,""close"",EDATE(TODAY(),-36),TODAY()),2,2),"""")","=IFERROR(INDEX(GOOGLEFINANCE(B146,""close"",EDATE(TODAY(),-60),TODAY()),2,2),"""")","=IFERROR(INDEX(GOOGLEFINANCE(B146,""close"",DATE(1970,1,1),TODAY()),2,2),"""")"
DE,DE,Deere & Company,Industrials,"=IFERROR(GOOGLEFINANCE(B147,""price""),"""")","=IFERROR(GOOGLEFINANCE(B147,""marketcap""),"""")","=IFERROR(GOOGLEFINANCE(B147,""volume""),"""")","=IFERROR(INDEX(GOOGLEFINANCE(B147,""close"",WORKDAY(TODAY(),-1),TODAY()),2,2),"""")","=IFERROR(INDEX(GOOGLEFINANCE(B147,""close"",WORKDAY(TODAY(),-5),TODAY()),2,2),"""")","=IFERROR(INDEX(GOOGLEFINANCE(B147,""close"",EDATE(TODAY(),-1),TODAY()),2,2),"""")","=IFERROR(INDEX(GOOGLEFINANCE(B147,""close"",EDATE(TODAY(),-3),TODAY()),2,2),"""")","=IFERROR(INDEX(GOOGLEFINANCE(B147,""close"",EDATE(TODAY(),-12),TODAY()),2,2),"""")","=IFERROR(INDEX(GOOGLEFINANCE(B147,""close"",EDATE(TODAY(),-24),TODAY()),2,2),"""")","=IFERROR(INDEX(GOOGLEFINANCE(B147,""close"",EDATE(TODAY(),-36),TODAY()),2,2),"""")","=IFERROR(INDEX(GOOGLEFINANCE(B147,""close"",EDATE(TODAY(),-60),TODAY()),2,2),"""")","=IFERROR(INDEX(GOOGLEFINANCE(B147,""close"",DATE(1970,1,1),TODAY()),2,2),"""")"
DELL,DELL,Dell Technologies,Information Technology,"=IFERROR(GOOGLEFINANCE(B148,""price""),"""")","=IFERROR(GOOGLEFINANCE(B148,""marketcap""),"""")","=IFERROR(GOOGLEFINANCE(B148,""volume""),"""")","=IFERROR(INDEX(GOOGLEFINANCE(B148,""close"",WORKDAY(TODAY(),-1),TODAY()),2,2),"""")","=IFERROR(INDEX(GOOGLEFINANCE(B148,""close"",WORKDAY(TODAY(),-5),TODAY()),2,2),"""")","=IFERROR(INDEX(GOOGLEFINANCE(B148,""close"",EDATE(TODAY(),-1),TODAY()),2,2),"""")","=IFERROR(INDEX(GOOGLEFINANCE(B148,""close"",EDATE(TODAY(),-3),TODAY()),2,2),"""")","=IFERROR(INDEX(GOOGLEFINANCE(B148,""close"",EDATE(TODAY(),-12),TODAY()),2,2),"""")","=IFERROR(INDEX(GOOGLEFINANCE(B148,""close"",EDATE(TODAY(),-24),TODAY()),2,2),"""")","=IFERROR(INDEX(GOOGLEFINANCE(B148,""close"",EDATE(TODAY(),-36),TODAY()),2,2),"""")","=IFERROR(INDEX(GOOGLEFINANCE(B148,""close"",EDATE(TODAY(),-60),TODAY()),2,2),"""")","=IFERROR(INDEX(GOOGLEFINANCE(B148,""close"",DATE(1970,1,1),TODAY()),2,2),"""")"
DAL,DAL,Delta Air Lines,Industrials,"=IFERROR(GOOGLEFINANCE(B149,""price""),"""")","=IFERROR(GOOGLEFINANCE(B149,""marketcap""),"""")","=IFERROR(GOOGLEFINANCE(B149,""volume""),"""")","=IFERROR(INDEX(GOOGLEFINANCE(B149,""close"",WORKDAY(TODAY(),-1),TODAY()),2,2),"""")","=IFERROR(INDEX(GOOGLEFINANCE(B149,""close"",WORKDAY(TODAY(),-5),TODAY()),2,2),"""")","=IFERROR(INDEX(GOOGLEFINANCE(B149,""close"",EDATE(TODAY(),-1),TODAY()),2,2),"""")","=IFERROR(INDEX(GOOGLEFINANCE(B149,""close"",EDATE(TODAY(),-3),TODAY()),2,2),"""")","=IFERROR(INDEX(GOOGLEFINANCE(B149,""close"",EDATE(TODAY(),-12),TODAY()),2,2),"""")","=IFERROR(INDEX(GOOGLEFINANCE(B149,""close"",EDATE(TODAY(),-24),TODAY()),2,2),"""")","=IFERROR(INDEX(GOOGLEFINANCE(B149,""close"",EDATE(TODAY(),-36),TODAY()),2,2),"""")","=IFERROR(INDEX(GOOGLEFINANCE(B149,""close"",EDATE(TODAY(),-60),TODAY()),2,2),"""")","=IFERROR(INDEX(GOOGLEFINANCE(B149,""close"",DATE(1970,1,1),TODAY()),2,2),"""")"
DVN,DVN,Devon Energy,Energy,"=IFERROR(GOOGLEFINANCE(B150,""price""),"""")","=IFERROR(GOOGLEFINANCE(B150,""marketcap""),"""")","=IFERROR(GOOGLEFINANCE(B150,""volume""),"""")","=IFERROR(INDEX(GOOGLEFINANCE(B150,""close"",WORKDAY(TODAY(),-1),TODAY()),2,2),"""")","=IFERROR(INDEX(GOOGLEFINANCE(B150,""close"",WORKDAY(TODAY(),-5),TODAY()),2,2),"""")","=IFERROR(INDEX(GOOGLEFINANCE(B150,""close"",EDATE(TODAY(),-1),TODAY()),2,2),"""")","=IFERROR(INDEX(GOOGLEFINANCE(B150,""close"",EDATE(TODAY(),-3),TODAY()),2,2),"""")","=IFERROR(INDEX(GOOGLEFINANCE(B150,""close"",EDATE(TODAY(),-12),TODAY()),2,2),"""")","=IFERROR(INDEX(GOOGLEFINANCE(B150,""close"",EDATE(TODAY(),-24),TODAY()),2,2),"""")","=IFERROR(INDEX(GOOGLEFINANCE(B150,""close"",EDATE(TODAY(),-36),TODAY()),2,2),"""")","=IFERROR(INDEX(GOOGLEFINANCE(B150,""close"",EDATE(TODAY(),-60),TODAY()),2,2),"""")","=IFERROR(INDEX(GOOGLEFINANCE(B150,""close"",DATE(1970,1,1),TODAY()),2,2),"""")"
DXCM,DXCM,Dexcom,Health Care,"=IFERROR(GOOGLEFINANCE(B151,""price""),"""")","=IFERROR(GOOGLEFINANCE(B151,""marketcap""),"""")","=IFERROR(GOOGLEFINANCE(B151,""volume""),"""")","=IFERROR(INDEX(GOOGLEFINANCE(B151,""close"",WORKDAY(TODAY(),-1),TODAY()),2,2),"""")","=IFERROR(INDEX(GOOGLEFINANCE(B151,""close"",WORKDAY(TODAY(),-5),TODAY()),2,2),"""")","=IFERROR(INDEX(GOOGLEFINANCE(B151,""close"",EDATE(TODAY(),-1),TODAY()),2,2),"""")","=IFERROR(INDEX(GOOGLEFINANCE(B151,""close"",EDATE(TODAY(),-3),TODAY()),2,2),"""")","=IFERROR(INDEX(GOOGLEFINANCE(B151,""close"",EDATE(TODAY(),-12),TODAY()),2,2),"""")","=IFERROR(INDEX(GOOGLEFINANCE(B151,""close"",EDATE(TODAY(),-24),TODAY()),2,2),"""")","=IFERROR(INDEX(GOOGLEFINANCE(B151,""close"",EDATE(TODAY(),-36),TODAY()),2,2),"""")","=IFERROR(INDEX(GOOGLEFINANCE(B151,""close"",EDATE(TODAY(),-60),TODAY()),2,2),"""")","=IFERROR(INDEX(GOOGLEFINANCE(B151,""close"",DATE(1970,1,1),TODAY()),2,2),"""")"
FANG,FANG,Diamondback Energy,Energy,"=IFERROR(GOOGLEFINANCE(B152,""price""),"""")","=IFERROR(GOOGLEFINANCE(B152,""marketcap""),"""")","=IFERROR(GOOGLEFINANCE(B152,""volume""),"""")","=IFERROR(INDEX(GOOGLEFINANCE(B152,""close"",WORKDAY(TODAY(),-1),TODAY()),2,2),"""")","=IFERROR(INDEX(GOOGLEFINANCE(B152,""close"",WORKDAY(TODAY(),-5),TODAY()),2,2),"""")","=IFERROR(INDEX(GOOGLEFINANCE(B152,""close"",EDATE(TODAY(),-1),TODAY()),2,2),"""")","=IFERROR(INDEX(GOOGLEFINANCE(B152,""close"",EDATE(TODAY(),-3),TODAY()),2,2),"""")","=IFERROR(INDEX(GOOGLEFINANCE(B152,""close"",EDATE(TODAY(),-12),TODAY()),2,2),"""")","=IFERROR(INDEX(GOOGLEFINANCE(B152,""close"",EDATE(TODAY(),-24),TODAY()),2,2),"""")","=IFERROR(INDEX(GOOGLEFINANCE(B152,""close"",EDATE(TODAY(),-36),TODAY()),2,2),"""")","=IFERROR(INDEX(GOOGLEFINANCE(B152,""close"",EDATE(TODAY(),-60),TODAY()),2,2),"""")","=IFERROR(INDEX(GOOGLEFINANCE(B152,""close"",DATE(1970,1,1),TODAY()),2,2),"""")"
DLR,DLR,Digital Realty,Real Estate,"=IFERROR(GOOGLEFINANCE(B153,""price""),"""")","=IFERROR(GOOGLEFINANCE(B153,""marketcap""),"""")","=IFERROR(GOOGLEFINANCE(B153,""volume""),"""")","=IFERROR(INDEX(GOOGLEFINANCE(B153,""close"",WORKDAY(TODAY(),-1),TODAY()),2,2),"""")","=IFERROR(INDEX(GOOGLEFINANCE(B153,""close"",WORKDAY(TODAY(),-5),TODAY()),2,2),"""")","=IFERROR(INDEX(GOOGLEFINANCE(B153,""close"",EDATE(TODAY(),-1),TODAY()),2,2),"""")","=IFERROR(INDEX(GOOGLEFINANCE(B153,""close"",EDATE(TODAY(),-3),TODAY()),2,2),"""")","=IFERROR(INDEX(GOOGLEFINANCE(B153,""close"",EDATE(TODAY(),-12),TODAY()),2,2),"""")","=IFERROR(INDEX(GOOGLEFINANCE(B153,""close"",EDATE(TODAY(),-24),TODAY()),2,2),"""")","=IFERROR(INDEX(GOOGLEFINANCE(B153,""close"",EDATE(TODAY(),-36),TODAY()),2,2),"""")","=IFERROR(INDEX(GOOGLEFINANCE(B153,""close"",EDATE(TODAY(),-60),TODAY()),2,2),"""")","=IFERROR(INDEX(GOOGLEFINANCE(B153,""close"",DATE(1970,1,1),TODAY()),2,2),"""")"
DG,DG,Dollar General,Consumer Staples,"=IFERROR(GOOGLEFINANCE(B154,""price""),"""")","=IFERROR(GOOGLEFINANCE(B154,""marketcap""),"""")","=IFERROR(GOOGLEFINANCE(B154,""volume""),"""")","=IFERROR(INDEX(GOOGLEFINANCE(B154,""close"",WORKDAY(TODAY(),-1),TODAY()),2,2),"""")","=IFERROR(INDEX(GOOGLEFINANCE(B154,""close"",WORKDAY(TODAY(),-5),TODAY()),2,2),"""")","=IFERROR(INDEX(GOOGLEFINANCE(B154,""close"",EDATE(TODAY(),-1),TODAY()),2,2),"""")","=IFERROR(INDEX(GOOGLEFINANCE(B154,""close"",EDATE(TODAY(),-3),TODAY()),2,2),"""")","=IFERROR(INDEX(GOOGLEFINANCE(B154,""close"",EDATE(TODAY(),-12),TODAY()),2,2),"""")","=IFERROR(INDEX(GOOGLEFINANCE(B154,""close"",EDATE(TODAY(),-24),TODAY()),2,2),"""")","=IFERROR(INDEX(GOOGLEFINANCE(B154,""close"",EDATE(TODAY(),-36),TODAY()),2,2),"""")","=IFERROR(INDEX(GOOGLEFINANCE(B154,""close"",EDATE(TODAY(),-60),TODAY()),2,2),"""")","=IFERROR(INDEX(GOOGLEFINANCE(B154,""close"",DATE(1970,1,1),TODAY()),2,2),"""")"
DLTR,DLTR,Dollar Tree,Consumer Staples,"=IFERROR(GOOGLEFINANCE(B155,""price""),"""")","=IFERROR(GOOGLEFINANCE(B155,""marketcap""),"""")","=IFERROR(GOOGLEFINANCE(B155,""volume""),"""")","=IFERROR(INDEX(GOOGLEFINANCE(B155,""close"",WORKDAY(TODAY(),-1),TODAY()),2,2),"""")","=IFERROR(INDEX(GOOGLEFINANCE(B155,""close"",WORKDAY(TODAY(),-5),TODAY()),2,2),"""")","=IFERROR(INDEX(GOOGLEFINANCE(B155,""close"",EDATE(TODAY(),-1),TODAY()),2,2),"""")","=IFERROR(INDEX(GOOGLEFINANCE(B155,""close"",EDATE(TODAY(),-3),TODAY()),2,2),"""")","=IFERROR(INDEX(GOOGLEFINANCE(B155,""close"",EDATE(TODAY(),-12),TODAY()),2,2),"""")","=IFERROR(INDEX(GOOGLEFINANCE(B155,""close"",EDATE(TODAY(),-24),TODAY()),2,2),"""")","=IFERROR(INDEX(GOOGLEFINANCE(B155,""close"",EDATE(TODAY(),-36),TODAY()),2,2),"""")","=IFERROR(INDEX(GOOGLEFINANCE(B155,""close"",EDATE(TODAY(),-60),TODAY()),2,2),"""")","=IFERROR(INDEX(GOOGLEFINANCE(B155,""close"",DATE(1970,1,1),TODAY()),2,2),"""")"
D,D,Dominion Energy,Utilities,"=IFERROR(GOOGLEFINANCE(B156,""price""),"""")","=IFERROR(GOOGLEFINANCE(B156,""marketcap""),"""")","=IFERROR(GOOGLEFINANCE(B156,""volume""),"""")","=IFERROR(INDEX(GOOGLEFINANCE(B156,""close"",WORKDAY(TODAY(),-1),TODAY()),2,2),"""")","=IFERROR(INDEX(GOOGLEFINANCE(B156,""close"",WORKDAY(TODAY(),-5),TODAY()),2,2),"""")","=IFERROR(INDEX(GOOGLEFINANCE(B156,""close"",EDATE(TODAY(),-1),TODAY()),2,2),"""")","=IFERROR(INDEX(GOOGLEFINANCE(B156,""close"",EDATE(TODAY(),-3),TODAY()),2,2),"""")","=IFERROR(INDEX(GOOGLEFINANCE(B156,""close"",EDATE(TODAY(),-12),TODAY()),2,2),"""")","=IFERROR(INDEX(GOOGLEFINANCE(B156,""close"",EDATE(TODAY(),-24),TODAY()),2,2),"""")","=IFERROR(INDEX(GOOGLEFINANCE(B156,""close"",EDATE(TODAY(),-36),TODAY()),2,2),"""")","=IFERROR(INDEX(GOOGLEFINANCE(B156,""close"",EDATE(TODAY(),-60),TODAY()),2,2),"""")","=IFERROR(INDEX(GOOGLEFINANCE(B156,""close"",DATE(1970,1,1),TODAY()),2,2),"""")"
DPZ,DPZ,Domino's,Consumer Discretionary,"=IFERROR(GOOGLEFINANCE(B157,""price""),"""")","=IFERROR(GOOGLEFINANCE(B157,""marketcap""),"""")","=IFERROR(GOOGLEFINANCE(B157,""volume""),"""")","=IFERROR(INDEX(GOOGLEFINANCE(B157,""close"",WORKDAY(TODAY(),-1),TODAY()),2,2),"""")","=IFERROR(INDEX(GOOGLEFINANCE(B157,""close"",WORKDAY(TODAY(),-5),TODAY()),2,2),"""")","=IFERROR(INDEX(GOOGLEFINANCE(B157,""close"",EDATE(TODAY(),-1),TODAY()),2,2),"""")","=IFERROR(INDEX(GOOGLEFINANCE(B157,""close"",EDATE(TODAY(),-3),TODAY()),2,2),"""")","=IFERROR(INDEX(GOOGLEFINANCE(B157,""close"",EDATE(TODAY(),-12),TODAY()),2,2),"""")","=IFERROR(INDEX(GOOGLEFINANCE(B157,""close"",EDATE(TODAY(),-24),TODAY()),2,2),"""")","=IFERROR(INDEX(GOOGLEFINANCE(B157,""close"",EDATE(TODAY(),-36),TODAY()),2,2),"""")","=IFERROR(INDEX(GOOGLEFINANCE(B157,""close"",EDATE(TODAY(),-60),TODAY()),2,2),"""")","=IFERROR(INDEX(GOOGLEFINANCE(B157,""close"",DATE(1970,1,1),TODAY()),2,2),"""")"
DASH,DASH,DoorDash,Consumer Discretionary,"=IFERROR(GOOGLEFINANCE(B158,""price""),"""")","=IFERROR(GOOGLEFINANCE(B158,""marketcap""),"""")","=IFERROR(GOOGLEFINANCE(B158,""volume""),"""")","=IFERROR(INDEX(GOOGLEFINANCE(B158,""close"",WORKDAY(TODAY(),-1),TODAY()),2,2),"""")","=IFERROR(INDEX(GOOGLEFINANCE(B158,""close"",WORKDAY(TODAY(),-5),TODAY()),2,2),"""")","=IFERROR(INDEX(GOOGLEFINANCE(B158,""close"",EDATE(TODAY(),-1),TODAY()),2,2),"""")","=IFERROR(INDEX(GOOGLEFINANCE(B158,""close"",EDATE(TODAY(),-3),TODAY()),2,2),"""")","=IFERROR(INDEX(GOOGLEFINANCE(B158,""close"",EDATE(TODAY(),-12),TODAY()),2,2),"""")","=IFERROR(INDEX(GOOGLEFINANCE(B158,""close"",EDATE(TODAY(),-24),TODAY()),2,2),"""")","=IFERROR(INDEX(GOOGLEFINANCE(B158,""close"",EDATE(TODAY(),-36),TODAY()),2,2),"""")","=IFERROR(INDEX(GOOGLEFINANCE(B158,""close"",EDATE(TODAY(),-60),TODAY()),2,2),"""")","=IFERROR(INDEX(GOOGLEFINANCE(B158,""close"",DATE(1970,1,1),TODAY()),2,2),"""")"
DOV,DOV,Dover Corporation,Industrials,"=IFERROR(GOOGLEFINANCE(B159,""price""),"""")","=IFERROR(GOOGLEFINANCE(B159,""marketcap""),"""")","=IFERROR(GOOGLEFINANCE(B159,""volume""),"""")","=IFERROR(INDEX(GOOGLEFINANCE(B159,""close"",WORKDAY(TODAY(),-1),TODAY()),2,2),"""")","=IFERROR(INDEX(GOOGLEFINANCE(B159,""close"",WORKDAY(TODAY(),-5),TODAY()),2,2),"""")","=IFERROR(INDEX(GOOGLEFINANCE(B159,""close"",EDATE(TODAY(),-1),TODAY()),2,2),"""")","=IFERROR(INDEX(GOOGLEFINANCE(B159,""close"",EDATE(TODAY(),-3),TODAY()),2,2),"""")","=IFERROR(INDEX(GOOGLEFINANCE(B159,""close"",EDATE(TODAY(),-12),TODAY()),2,2),"""")","=IFERROR(INDEX(GOOGLEFINANCE(B159,""close"",EDATE(TODAY(),-24),TODAY()),2,2),"""")","=IFERROR(INDEX(GOOGLEFINANCE(B159,""close"",EDATE(TODAY(),-36),TODAY()),2,2),"""")","=IFERROR(INDEX(GOOGLEFINANCE(B159,""close"",EDATE(TODAY(),-60),TODAY()),2,2),"""")","=IFERROR(INDEX(GOOGLEFINANCE(B159,""close"",DATE(1970,1,1),TODAY()),2,2),"""")"
DOW,DOW,Dow Inc.,Materials,"=IFERROR(GOOGLEFINANCE(B160,""price""),"""")","=IFERROR(GOOGLEFINANCE(B160,""marketcap""),"""")","=IFERROR(GOOGLEFINANCE(B160,""volume""),"""")","=IFERROR(INDEX(GOOGLEFINANCE(B160,""close"",WORKDAY(TODAY(),-1),TODAY()),2,2),"""")","=IFERROR(INDEX(GOOGLEFINANCE(B160,""close"",WORKDAY(TODAY(),-5),TODAY()),2,2),"""")","=IFERROR(INDEX(GOOGLEFINANCE(B160,""close"",EDATE(TODAY(),-1),TODAY()),2,2),"""")","=IFERROR(INDEX(GOOGLEFINANCE(B160,""close"",EDATE(TODAY(),-3),TODAY()),2,2),"""")","=IFERROR(INDEX(GOOGLEFINANCE(B160,""close"",EDATE(TODAY(),-12),TODAY()),2,2),"""")","=IFERROR(INDEX(GOOGLEFINANCE(B160,""close"",EDATE(TODAY(),-24),TODAY()),2,2),"""")","=IFERROR(INDEX(GOOGLEFINANCE(B160,""close"",EDATE(TODAY(),-36),TODAY()),2,2),"""")","=IFERROR(INDEX(GOOGLEFINANCE(B160,""close"",EDATE(TODAY(),-60),TODAY()),2,2),"""")","=IFERROR(INDEX(GOOGLEFINANCE(B160,""close"",DATE(1970,1,1),TODAY()),2,2),"""")"
DHI,DHI,D. R. Horton,Consumer Discretionary,"=IFERROR(GOOGLEFINANCE(B161,""price""),"""")","=IFERROR(GOOGLEFINANCE(B161,""marketcap""),"""")","=IFERROR(GOOGLEFINANCE(B161,""volume""),"""")","=IFERROR(INDEX(GOOGLEFINANCE(B161,""close"",WORKDAY(TODAY(),-1),TODAY()),2,2),"""")","=IFERROR(INDEX(GOOGLEFINANCE(B161,""close"",WORKDAY(TODAY(),-5),TODAY()),2,2),"""")","=IFERROR(INDEX(GOOGLEFINANCE(B161,""close"",EDATE(TODAY(),-1),TODAY()),2,2),"""")","=IFERROR(INDEX(GOOGLEFINANCE(B161,""close"",EDATE(TODAY(),-3),TODAY()),2,2),"""")","=IFERROR(INDEX(GOOGLEFINANCE(B161,""close"",EDATE(TODAY(),-12),TODAY()),2,2),"""")","=IFERROR(INDEX(GOOGLEFINANCE(B161,""close"",EDATE(TODAY(),-24),TODAY()),2,2),"""")","=IFERROR(INDEX(GOOGLEFINANCE(B161,""close"",EDATE(TODAY(),-36),TODAY()),2,2),"""")","=IFERROR(INDEX(GOOGLEFINANCE(B161,""close"",EDATE(TODAY(),-60),TODAY()),2,2),"""")","=IFERROR(INDEX(GOOGLEFINANCE(B161,""close"",DATE(1970,1,1),TODAY()),2,2),"""")"
DTE,DTE,DTE Energy,Utilities,"=IFERROR(GOOGLEFINANCE(B162,""price""),"""")","=IFERROR(GOOGLEFINANCE(B162,""marketcap""),"""")","=IFERROR(GOOGLEFINANCE(B162,""volume""),"""")","=IFERROR(INDEX(GOOGLEFINANCE(B162,""close"",WORKDAY(TODAY(),-1),TODAY()),2,2),"""")","=IFERROR(INDEX(GOOGLEFINANCE(B162,""close"",WORKDAY(TODAY(),-5),TODAY()),2,2),"""")","=IFERROR(INDEX(GOOGLEFINANCE(B162,""close"",EDATE(TODAY(),-1),TODAY()),2,2),"""")","=IFERROR(INDEX(GOOGLEFINANCE(B162,""close"",EDATE(TODAY(),-3),TODAY()),2,2),"""")","=IFERROR(INDEX(GOOGLEFINANCE(B162,""close"",EDATE(TODAY(),-12),TODAY()),2,2),"""")","=IFERROR(INDEX(GOOGLEFINANCE(B162,""close"",EDATE(TODAY(),-24),TODAY()),2,2),"""")","=IFERROR(INDEX(GOOGLEFINANCE(B162,""close"",EDATE(TODAY(),-36),TODAY()),2,2),"""")","=IFERROR(INDEX(GOOGLEFINANCE(B162,""close"",EDATE(TODAY(),-60),TODAY()),2,2),"""")","=IFERROR(INDEX(GOOGLEFINANCE(B162,""close"",DATE(1970,1,1),TODAY()),2,2),"""")"
DUK,DUK,Duke Energy,Utilities,"=IFERROR(GOOGLEFINANCE(B163,""price""),"""")","=IFERROR(GOOGLEFINANCE(B163,""marketcap""),"""")","=IFERROR(GOOGLEFINANCE(B163,""volume""),"""")","=IFERROR(INDEX(GOOGLEFINANCE(B163,""close"",WORKDAY(TODAY(),-1),TODAY()),2,2),"""")","=IFERROR(INDEX(GOOGLEFINANCE(B163,""close"",WORKDAY(TODAY(),-5),TODAY()),2,2),"""")","=IFERROR(INDEX(GOOGLEFINANCE(B163,""close"",EDATE(TODAY(),-1),TODAY()),2,2),"""")","=IFERROR(INDEX(GOOGLEFINANCE(B163,""close"",EDATE(TODAY(),-3),TODAY()),2,2),"""")","=IFERROR(INDEX(GOOGLEFINANCE(B163,""close"",EDATE(TODAY(),-12),TODAY()),2,2),"""")","=IFERROR(INDEX(GOOGLEFINANCE(B163,""close"",EDATE(TODAY(),-24),TODAY()),2,2),"""")","=IFERROR(INDEX(GOOGLEFINANCE(B163,""close"",EDATE(TODAY(),-36),TODAY()),2,2),"""")","=IFERROR(INDEX(GOOGLEFINANCE(B163,""close"",EDATE(TODAY(),-60),TODAY()),2,2),"""")","=IFERROR(INDEX(GOOGLEFINANCE(B163,""close"",DATE(1970,1,1),TODAY()),2,2),"""")"
DD,DD,DuPont,Materials,"=IFERROR(GOOGLEFINANCE(B164,""price""),"""")","=IFERROR(GOOGLEFINANCE(B164,""marketcap""),"""")","=IFERROR(GOOGLEFINANCE(B164,""volume""),"""")","=IFERROR(INDEX(GOOGLEFINANCE(B164,""close"",WORKDAY(TODAY(),-1),TODAY()),2,2),"""")","=IFERROR(INDEX(GOOGLEFINANCE(B164,""close"",WORKDAY(TODAY(),-5),TODAY()),2,2),"""")","=IFERROR(INDEX(GOOGLEFINANCE(B164,""close"",EDATE(TODAY(),-1),TODAY()),2,2),"""")","=IFERROR(INDEX(GOOGLEFINANCE(B164,""close"",EDATE(TODAY(),-3),TODAY()),2,2),"""")","=IFERROR(INDEX(GOOGLEFINANCE(B164,""close"",EDATE(TODAY(),-12),TODAY()),2,2),"""")","=IFERROR(INDEX(GOOGLEFINANCE(B164,""close"",EDATE(TODAY(),-24),TODAY()),2,2),"""")","=IFERROR(INDEX(GOOGLEFINANCE(B164,""close"",EDATE(TODAY(),-36),TODAY()),2,2),"""")","=IFERROR(INDEX(GOOGLEFINANCE(B164,""close"",EDATE(TODAY(),-60),TODAY()),2,2),"""")","=IFERROR(INDEX(GOOGLEFINANCE(B164,""close"",DATE(1970,1,1),TODAY()),2,2),"""")"
ETN,ETN,Eaton Corporation,Industrials,"=IFERROR(GOOGLEFINANCE(B165,""price""),"""")","=IFERROR(GOOGLEFINANCE(B165,""marketcap""),"""")","=IFERROR(GOOGLEFINANCE(B165,""volume""),"""")","=IFERROR(INDEX(GOOGLEFINANCE(B165,""close"",WORKDAY(TODAY(),-1),TODAY()),2,2),"""")","=IFERROR(INDEX(GOOGLEFINANCE(B165,""close"",WORKDAY(TODAY(),-5),TODAY()),2,2),"""")","=IFERROR(INDEX(GOOGLEFINANCE(B165,""close"",EDATE(TODAY(),-1),TODAY()),2,2),"""")","=IFERROR(INDEX(GOOGLEFINANCE(B165,""close"",EDATE(TODAY(),-3),TODAY()),2,2),"""")","=IFERROR(INDEX(GOOGLEFINANCE(B165,""close"",EDATE(TODAY(),-12),TODAY()),2,2),"""")","=IFERROR(INDEX(GOOGLEFINANCE(B165,""close"",EDATE(TODAY(),-24),TODAY()),2,2),"""")","=IFERROR(INDEX(GOOGLEFINANCE(B165,""close"",EDATE(TODAY(),-36),TODAY()),2,2),"""")","=IFERROR(INDEX(GOOGLEFINANCE(B165,""close"",EDATE(TODAY(),-60),TODAY()),2,2),"""")","=IFERROR(INDEX(GOOGLEFINANCE(B165,""close"",DATE(1970,1,1),TODAY()),2,2),"""")"
EBAY,EBAY,eBay Inc.,Consumer Discretionary,"=IFERROR(GOOGLEFINANCE(B166,""price""),"""")","=IFERROR(GOOGLEFINANCE(B166,""marketcap""),"""")","=IFERROR(GOOGLEFINANCE(B166,""volume""),"""")","=IFERROR(INDEX(GOOGLEFINANCE(B166,""close"",WORKDAY(TODAY(),-1),TODAY()),2,2),"""")","=IFERROR(INDEX(GOOGLEFINANCE(B166,""close"",WORKDAY(TODAY(),-5),TODAY()),2,2),"""")","=IFERROR(INDEX(GOOGLEFINANCE(B166,""close"",EDATE(TODAY(),-1),TODAY()),2,2),"""")","=IFERROR(INDEX(GOOGLEFINANCE(B166,""close"",EDATE(TODAY(),-3),TODAY()),2,2),"""")","=IFERROR(INDEX(GOOGLEFINANCE(B166,""close"",EDATE(TODAY(),-12),TODAY()),2,2),"""")","=IFERROR(INDEX(GOOGLEFINANCE(B166,""close"",EDATE(TODAY(),-24),TODAY()),2,2),"""")","=IFERROR(INDEX(GOOGLEFINANCE(B166,""close"",EDATE(TODAY(),-36),TODAY()),2,2),"""")","=IFERROR(INDEX(GOOGLEFINANCE(B166,""close"",EDATE(TODAY(),-60),TODAY()),2,2),"""")","=IFERROR(INDEX(GOOGLEFINANCE(B166,""close"",DATE(1970,1,1),TODAY()),2,2),"""")"
SATS,SATS,EchoStar,Communication Services,"=IFERROR(GOOGLEFINANCE(B167,""price""),"""")","=IFERROR(GOOGLEFINANCE(B167,""marketcap""),"""")","=IFERROR(GOOGLEFINANCE(B167,""volume""),"""")","=IFERROR(INDEX(GOOGLEFINANCE(B167,""close"",WORKDAY(TODAY(),-1),TODAY()),2,2),"""")","=IFERROR(INDEX(GOOGLEFINANCE(B167,""close"",WORKDAY(TODAY(),-5),TODAY()),2,2),"""")","=IFERROR(INDEX(GOOGLEFINANCE(B167,""close"",EDATE(TODAY(),-1),TODAY()),2,2),"""")","=IFERROR(INDEX(GOOGLEFINANCE(B167,""close"",EDATE(TODAY(),-3),TODAY()),2,2),"""")","=IFERROR(INDEX(GOOGLEFINANCE(B167,""close"",EDATE(TODAY(),-12),TODAY()),2,2),"""")","=IFERROR(INDEX(GOOGLEFINANCE(B167,""close"",EDATE(TODAY(),-24),TODAY()),2,2),"""")","=IFERROR(INDEX(GOOGLEFINANCE(B167,""close"",EDATE(TODAY(),-36),TODAY()),2,2),"""")","=IFERROR(INDEX(GOOGLEFINANCE(B167,""close"",EDATE(TODAY(),-60),TODAY()),2,2),"""")","=IFERROR(INDEX(GOOGLEFINANCE(B167,""close"",DATE(1970,1,1),TODAY()),2,2),"""")"
ECL,ECL,Ecolab,Materials,"=IFERROR(GOOGLEFINANCE(B168,""price""),"""")","=IFERROR(GOOGLEFINANCE(B168,""marketcap""),"""")","=IFERROR(GOOGLEFINANCE(B168,""volume""),"""")","=IFERROR(INDEX(GOOGLEFINANCE(B168,""close"",WORKDAY(TODAY(),-1),TODAY()),2,2),"""")","=IFERROR(INDEX(GOOGLEFINANCE(B168,""close"",WORKDAY(TODAY(),-5),TODAY()),2,2),"""")","=IFERROR(INDEX(GOOGLEFINANCE(B168,""close"",EDATE(TODAY(),-1),TODAY()),2,2),"""")","=IFERROR(INDEX(GOOGLEFINANCE(B168,""close"",EDATE(TODAY(),-3),TODAY()),2,2),"""")","=IFERROR(INDEX(GOOGLEFINANCE(B168,""close"",EDATE(TODAY(),-12),TODAY()),2,2),"""")","=IFERROR(INDEX(GOOGLEFINANCE(B168,""close"",EDATE(TODAY(),-24),TODAY()),2,2),"""")","=IFERROR(INDEX(GOOGLEFINANCE(B168,""close"",EDATE(TODAY(),-36),TODAY()),2,2),"""")","=IFERROR(INDEX(GOOGLEFINANCE(B168,""close"",EDATE(TODAY(),-60),TODAY()),2,2),"""")","=IFERROR(INDEX(GOOGLEFINANCE(B168,""close"",DATE(1970,1,1),TODAY()),2,2),"""")"
EIX,EIX,Edison International,Utilities,"=IFERROR(GOOGLEFINANCE(B169,""price""),"""")","=IFERROR(GOOGLEFINANCE(B169,""marketcap""),"""")","=IFERROR(GOOGLEFINANCE(B169,""volume""),"""")","=IFERROR(INDEX(GOOGLEFINANCE(B169,""close"",WORKDAY(TODAY(),-1),TODAY()),2,2),"""")","=IFERROR(INDEX(GOOGLEFINANCE(B169,""close"",WORKDAY(TODAY(),-5),TODAY()),2,2),"""")","=IFERROR(INDEX(GOOGLEFINANCE(B169,""close"",EDATE(TODAY(),-1),TODAY()),2,2),"""")","=IFERROR(INDEX(GOOGLEFINANCE(B169,""close"",EDATE(TODAY(),-3),TODAY()),2,2),"""")","=IFERROR(INDEX(GOOGLEFINANCE(B169,""close"",EDATE(TODAY(),-12),TODAY()),2,2),"""")","=IFERROR(INDEX(GOOGLEFINANCE(B169,""close"",EDATE(TODAY(),-24),TODAY()),2,2),"""")","=IFERROR(INDEX(GOOGLEFINANCE(B169,""close"",EDATE(TODAY(),-36),TODAY()),2,2),"""")","=IFERROR(INDEX(GOOGLEFINANCE(B169,""close"",EDATE(TODAY(),-60),TODAY()),2,2),"""")","=IFERROR(INDEX(GOOGLEFINANCE(B169,""close"",DATE(1970,1,1),TODAY()),2,2),"""")"
EW,EW,Edwards Lifesciences,Health Care,"=IFERROR(GOOGLEFINANCE(B170,""price""),"""")","=IFERROR(GOOGLEFINANCE(B170,""marketcap""),"""")","=IFERROR(GOOGLEFINANCE(B170,""volume""),"""")","=IFERROR(INDEX(GOOGLEFINANCE(B170,""close"",WORKDAY(TODAY(),-1),TODAY()),2,2),"""")","=IFERROR(INDEX(GOOGLEFINANCE(B170,""close"",WORKDAY(TODAY(),-5),TODAY()),2,2),"""")","=IFERROR(INDEX(GOOGLEFINANCE(B170,""close"",EDATE(TODAY(),-1),TODAY()),2,2),"""")","=IFERROR(INDEX(GOOGLEFINANCE(B170,""close"",EDATE(TODAY(),-3),TODAY()),2,2),"""")","=IFERROR(INDEX(GOOGLEFINANCE(B170,""close"",EDATE(TODAY(),-12),TODAY()),2,2),"""")","=IFERROR(INDEX(GOOGLEFINANCE(B170,""close"",EDATE(TODAY(),-24),TODAY()),2,2),"""")","=IFERROR(INDEX(GOOGLEFINANCE(B170,""close"",EDATE(TODAY(),-36),TODAY()),2,2),"""")","=IFERROR(INDEX(GOOGLEFINANCE(B170,""close"",EDATE(TODAY(),-60),TODAY()),2,2),"""")","=IFERROR(INDEX(GOOGLEFINANCE(B170,""close"",DATE(1970,1,1),TODAY()),2,2),"""")"
EA,EA,Electronic Arts,Communication Services,"=IFERROR(GOOGLEFINANCE(B171,""price""),"""")","=IFERROR(GOOGLEFINANCE(B171,""marketcap""),"""")","=IFERROR(GOOGLEFINANCE(B171,""volume""),"""")","=IFERROR(INDEX(GOOGLEFINANCE(B171,""close"",WORKDAY(TODAY(),-1),TODAY()),2,2),"""")","=IFERROR(INDEX(GOOGLEFINANCE(B171,""close"",WORKDAY(TODAY(),-5),TODAY()),2,2),"""")","=IFERROR(INDEX(GOOGLEFINANCE(B171,""close"",EDATE(TODAY(),-1),TODAY()),2,2),"""")","=IFERROR(INDEX(GOOGLEFINANCE(B171,""close"",EDATE(TODAY(),-3),TODAY()),2,2),"""")","=IFERROR(INDEX(GOOGLEFINANCE(B171,""close"",EDATE(TODAY(),-12),TODAY()),2,2),"""")","=IFERROR(INDEX(GOOGLEFINANCE(B171,""close"",EDATE(TODAY(),-24),TODAY()),2,2),"""")","=IFERROR(INDEX(GOOGLEFINANCE(B171,""close"",EDATE(TODAY(),-36),TODAY()),2,2),"""")","=IFERROR(INDEX(GOOGLEFINANCE(B171,""close"",EDATE(TODAY(),-60),TODAY()),2,2),"""")","=IFERROR(INDEX(GOOGLEFINANCE(B171,""close"",DATE(1970,1,1),TODAY()),2,2),"""")"
ELV,ELV,Elevance Health,Health Care,"=IFERROR(GOOGLEFINANCE(B172,""price""),"""")","=IFERROR(GOOGLEFINANCE(B172,""marketcap""),"""")","=IFERROR(GOOGLEFINANCE(B172,""volume""),"""")","=IFERROR(INDEX(GOOGLEFINANCE(B172,""close"",WORKDAY(TODAY(),-1),TODAY()),2,2),"""")","=IFERROR(INDEX(GOOGLEFINANCE(B172,""close"",WORKDAY(TODAY(),-5),TODAY()),2,2),"""")","=IFERROR(INDEX(GOOGLEFINANCE(B172,""close"",EDATE(TODAY(),-1),TODAY()),2,2),"""")","=IFERROR(INDEX(GOOGLEFINANCE(B172,""close"",EDATE(TODAY(),-3),TODAY()),2,2),"""")","=IFERROR(INDEX(GOOGLEFINANCE(B172,""close"",EDATE(TODAY(),-12),TODAY()),2,2),"""")","=IFERROR(INDEX(GOOGLEFINANCE(B172,""close"",EDATE(TODAY(),-24),TODAY()),2,2),"""")","=IFERROR(INDEX(GOOGLEFINANCE(B172,""close"",EDATE(TODAY(),-36),TODAY()),2,2),"""")","=IFERROR(INDEX(GOOGLEFINANCE(B172,""close"",EDATE(TODAY(),-60),TODAY()),2,2),"""")","=IFERROR(INDEX(GOOGLEFINANCE(B172,""close"",DATE(1970,1,1),TODAY()),2,2),"""")"
EME,EME,Emcor,Industrials,"=IFERROR(GOOGLEFINANCE(B173,""price""),"""")","=IFERROR(GOOGLEFINANCE(B173,""marketcap""),"""")","=IFERROR(GOOGLEFINANCE(B173,""volume""),"""")","=IFERROR(INDEX(GOOGLEFINANCE(B173,""close"",WORKDAY(TODAY(),-1),TODAY()),2,2),"""")","=IFERROR(INDEX(GOOGLEFINANCE(B173,""close"",WORKDAY(TODAY(),-5),TODAY()),2,2),"""")","=IFERROR(INDEX(GOOGLEFINANCE(B173,""close"",EDATE(TODAY(),-1),TODAY()),2,2),"""")","=IFERROR(INDEX(GOOGLEFINANCE(B173,""close"",EDATE(TODAY(),-3),TODAY()),2,2),"""")","=IFERROR(INDEX(GOOGLEFINANCE(B173,""close"",EDATE(TODAY(),-12),TODAY()),2,2),"""")","=IFERROR(INDEX(GOOGLEFINANCE(B173,""close"",EDATE(TODAY(),-24),TODAY()),2,2),"""")","=IFERROR(INDEX(GOOGLEFINANCE(B173,""close"",EDATE(TODAY(),-36),TODAY()),2,2),"""")","=IFERROR(INDEX(GOOGLEFINANCE(B173,""close"",EDATE(TODAY(),-60),TODAY()),2,2),"""")","=IFERROR(INDEX(GOOGLEFINANCE(B173,""close"",DATE(1970,1,1),TODAY()),2,2),"""")"
EMR,EMR,Emerson Electric,Industrials,"=IFERROR(GOOGLEFINANCE(B174,""price""),"""")","=IFERROR(GOOGLEFINANCE(B174,""marketcap""),"""")","=IFERROR(GOOGLEFINANCE(B174,""volume""),"""")","=IFERROR(INDEX(GOOGLEFINANCE(B174,""close"",WORKDAY(TODAY(),-1),TODAY()),2,2),"""")","=IFERROR(INDEX(GOOGLEFINANCE(B174,""close"",WORKDAY(TODAY(),-5),TODAY()),2,2),"""")","=IFERROR(INDEX(GOOGLEFINANCE(B174,""close"",EDATE(TODAY(),-1),TODAY()),2,2),"""")","=IFERROR(INDEX(GOOGLEFINANCE(B174,""close"",EDATE(TODAY(),-3),TODAY()),2,2),"""")","=IFERROR(INDEX(GOOGLEFINANCE(B174,""close"",EDATE(TODAY(),-12),TODAY()),2,2),"""")","=IFERROR(INDEX(GOOGLEFINANCE(B174,""close"",EDATE(TODAY(),-24),TODAY()),2,2),"""")","=IFERROR(INDEX(GOOGLEFINANCE(B174,""close"",EDATE(TODAY(),-36),TODAY()),2,2),"""")","=IFERROR(INDEX(GOOGLEFINANCE(B174,""close"",EDATE(TODAY(),-60),TODAY()),2,2),"""")","=IFERROR(INDEX(GOOGLEFINANCE(B174,""close"",DATE(1970,1,1),TODAY()),2,2),"""")"
ETR,ETR,Entergy,Utilities,"=IFERROR(GOOGLEFINANCE(B175,""price""),"""")","=IFERROR(GOOGLEFINANCE(B175,""marketcap""),"""")","=IFERROR(GOOGLEFINANCE(B175,""volume""),"""")","=IFERROR(INDEX(GOOGLEFINANCE(B175,""close"",WORKDAY(TODAY(),-1),TODAY()),2,2),"""")","=IFERROR(INDEX(GOOGLEFINANCE(B175,""close"",WORKDAY(TODAY(),-5),TODAY()),2,2),"""")","=IFERROR(INDEX(GOOGLEFINANCE(B175,""close"",EDATE(TODAY(),-1),TODAY()),2,2),"""")","=IFERROR(INDEX(GOOGLEFINANCE(B175,""close"",EDATE(TODAY(),-3),TODAY()),2,2),"""")","=IFERROR(INDEX(GOOGLEFINANCE(B175,""close"",EDATE(TODAY(),-12),TODAY()),2,2),"""")","=IFERROR(INDEX(GOOGLEFINANCE(B175,""close"",EDATE(TODAY(),-24),TODAY()),2,2),"""")","=IFERROR(INDEX(GOOGLEFINANCE(B175,""close"",EDATE(TODAY(),-36),TODAY()),2,2),"""")","=IFERROR(INDEX(GOOGLEFINANCE(B175,""close"",EDATE(TODAY(),-60),TODAY()),2,2),"""")","=IFERROR(INDEX(GOOGLEFINANCE(B175,""close"",DATE(1970,1,1),TODAY()),2,2),"""")"
EOG,EOG,EOG Resources,Energy,"=IFERROR(GOOGLEFINANCE(B176,""price""),"""")","=IFERROR(GOOGLEFINANCE(B176,""marketcap""),"""")","=IFERROR(GOOGLEFINANCE(B176,""volume""),"""")","=IFERROR(INDEX(GOOGLEFINANCE(B176,""close"",WORKDAY(TODAY(),-1),TODAY()),2,2),"""")","=IFERROR(INDEX(GOOGLEFINANCE(B176,""close"",WORKDAY(TODAY(),-5),TODAY()),2,2),"""")","=IFERROR(INDEX(GOOGLEFINANCE(B176,""close"",EDATE(TODAY(),-1),TODAY()),2,2),"""")","=IFERROR(INDEX(GOOGLEFINANCE(B176,""close"",EDATE(TODAY(),-3),TODAY()),2,2),"""")","=IFERROR(INDEX(GOOGLEFINANCE(B176,""close"",EDATE(TODAY(),-12),TODAY()),2,2),"""")","=IFERROR(INDEX(GOOGLEFINANCE(B176,""close"",EDATE(TODAY(),-24),TODAY()),2,2),"""")","=IFERROR(INDEX(GOOGLEFINANCE(B176,""close"",EDATE(TODAY(),-36),TODAY()),2,2),"""")","=IFERROR(INDEX(GOOGLEFINANCE(B176,""close"",EDATE(TODAY(),-60),TODAY()),2,2),"""")","=IFERROR(INDEX(GOOGLEFINANCE(B176,""close"",DATE(1970,1,1),TODAY()),2,2),"""")"
EPAM,EPAM,EPAM Systems,Information Technology,"=IFERROR(GOOGLEFINANCE(B177,""price""),"""")","=IFERROR(GOOGLEFINANCE(B177,""marketcap""),"""")","=IFERROR(GOOGLEFINANCE(B177,""volume""),"""")","=IFERROR(INDEX(GOOGLEFINANCE(B177,""close"",WORKDAY(TODAY(),-1),TODAY()),2,2),"""")","=IFERROR(INDEX(GOOGLEFINANCE(B177,""close"",WORKDAY(TODAY(),-5),TODAY()),2,2),"""")","=IFERROR(INDEX(GOOGLEFINANCE(B177,""close"",EDATE(TODAY(),-1),TODAY()),2,2),"""")","=IFERROR(INDEX(GOOGLEFINANCE(B177,""close"",EDATE(TODAY(),-3),TODAY()),2,2),"""")","=IFERROR(INDEX(GOOGLEFINANCE(B177,""close"",EDATE(TODAY(),-12),TODAY()),2,2),"""")","=IFERROR(INDEX(GOOGLEFINANCE(B177,""close"",EDATE(TODAY(),-24),TODAY()),2,2),"""")","=IFERROR(INDEX(GOOGLEFINANCE(B177,""close"",EDATE(TODAY(),-36),TODAY()),2,2),"""")","=IFERROR(INDEX(GOOGLEFINANCE(B177,""close"",EDATE(TODAY(),-60),TODAY()),2,2),"""")","=IFERROR(INDEX(GOOGLEFINANCE(B177,""close"",DATE(1970,1,1),TODAY()),2,2),"""")"
EQT,EQT,EQT Corporation,Energy,"=IFERROR(GOOGLEFINANCE(B178,""price""),"""")","=IFERROR(GOOGLEFINANCE(B178,""marketcap""),"""")","=IFERROR(GOOGLEFINANCE(B178,""volume""),"""")","=IFERROR(INDEX(GOOGLEFINANCE(B178,""close"",WORKDAY(TODAY(),-1),TODAY()),2,2),"""")","=IFERROR(INDEX(GOOGLEFINANCE(B178,""close"",WORKDAY(TODAY(),-5),TODAY()),2,2),"""")","=IFERROR(INDEX(GOOGLEFINANCE(B178,""close"",EDATE(TODAY(),-1),TODAY()),2,2),"""")","=IFERROR(INDEX(GOOGLEFINANCE(B178,""close"",EDATE(TODAY(),-3),TODAY()),2,2),"""")","=IFERROR(INDEX(GOOGLEFINANCE(B178,""close"",EDATE(TODAY(),-12),TODAY()),2,2),"""")","=IFERROR(INDEX(GOOGLEFINANCE(B178,""close"",EDATE(TODAY(),-24),TODAY()),2,2),"""")","=IFERROR(INDEX(GOOGLEFINANCE(B178,""close"",EDATE(TODAY(),-36),TODAY()),2,2),"""")","=IFERROR(INDEX(GOOGLEFINANCE(B178,""close"",EDATE(TODAY(),-60),TODAY()),2,2),"""")","=IFERROR(INDEX(GOOGLEFINANCE(B178,""close"",DATE(1970,1,1),TODAY()),2,2),"""")"
EFX,EFX,Equifax,Industrials,"=IFERROR(GOOGLEFINANCE(B179,""price""),"""")","=IFERROR(GOOGLEFINANCE(B179,""marketcap""),"""")","=IFERROR(GOOGLEFINANCE(B179,""volume""),"""")","=IFERROR(INDEX(GOOGLEFINANCE(B179,""close"",WORKDAY(TODAY(),-1),TODAY()),2,2),"""")","=IFERROR(INDEX(GOOGLEFINANCE(B179,""close"",WORKDAY(TODAY(),-5),TODAY()),2,2),"""")","=IFERROR(INDEX(GOOGLEFINANCE(B179,""close"",EDATE(TODAY(),-1),TODAY()),2,2),"""")","=IFERROR(INDEX(GOOGLEFINANCE(B179,""close"",EDATE(TODAY(),-3),TODAY()),2,2),"""")","=IFERROR(INDEX(GOOGLEFINANCE(B179,""close"",EDATE(TODAY(),-12),TODAY()),2,2),"""")","=IFERROR(INDEX(GOOGLEFINANCE(B179,""close"",EDATE(TODAY(),-24),TODAY()),2,2),"""")","=IFERROR(INDEX(GOOGLEFINANCE(B179,""close"",EDATE(TODAY(),-36),TODAY()),2,2),"""")","=IFERROR(INDEX(GOOGLEFINANCE(B179,""close"",EDATE(TODAY(),-60),TODAY()),2,2),"""")","=IFERROR(INDEX(GOOGLEFINANCE(B179,""close"",DATE(1970,1,1),TODAY()),2,2),"""")"
EQIX,EQIX,Equinix,Real Estate,"=IFERROR(GOOGLEFINANCE(B180,""price""),"""")","=IFERROR(GOOGLEFINANCE(B180,""marketcap""),"""")","=IFERROR(GOOGLEFINANCE(B180,""volume""),"""")","=IFERROR(INDEX(GOOGLEFINANCE(B180,""close"",WORKDAY(TODAY(),-1),TODAY()),2,2),"""")","=IFERROR(INDEX(GOOGLEFINANCE(B180,""close"",WORKDAY(TODAY(),-5),TODAY()),2,2),"""")","=IFERROR(INDEX(GOOGLEFINANCE(B180,""close"",EDATE(TODAY(),-1),TODAY()),2,2),"""")","=IFERROR(INDEX(GOOGLEFINANCE(B180,""close"",EDATE(TODAY(),-3),TODAY()),2,2),"""")","=IFERROR(INDEX(GOOGLEFINANCE(B180,""close"",EDATE(TODAY(),-12),TODAY()),2,2),"""")","=IFERROR(INDEX(GOOGLEFINANCE(B180,""close"",EDATE(TODAY(),-24),TODAY()),2,2),"""")","=IFERROR(INDEX(GOOGLEFINANCE(B180,""close"",EDATE(TODAY(),-36),TODAY()),2,2),"""")","=IFERROR(INDEX(GOOGLEFINANCE(B180,""close"",EDATE(TODAY(),-60),TODAY()),2,2),"""")","=IFERROR(INDEX(GOOGLEFINANCE(B180,""close"",DATE(1970,1,1),TODAY()),2,2),"""")"
EQR,EQR,Equity Residential,Real Estate,"=IFERROR(GOOGLEFINANCE(B181,""price""),"""")","=IFERROR(GOOGLEFINANCE(B181,""marketcap""),"""")","=IFERROR(GOOGLEFINANCE(B181,""volume""),"""")","=IFERROR(INDEX(GOOGLEFINANCE(B181,""close"",WORKDAY(TODAY(),-1),TODAY()),2,2),"""")","=IFERROR(INDEX(GOOGLEFINANCE(B181,""close"",WORKDAY(TODAY(),-5),TODAY()),2,2),"""")","=IFERROR(INDEX(GOOGLEFINANCE(B181,""close"",EDATE(TODAY(),-1),TODAY()),2,2),"""")","=IFERROR(INDEX(GOOGLEFINANCE(B181,""close"",EDATE(TODAY(),-3),TODAY()),2,2),"""")","=IFERROR(INDEX(GOOGLEFINANCE(B181,""close"",EDATE(TODAY(),-12),TODAY()),2,2),"""")","=IFERROR(INDEX(GOOGLEFINANCE(B181,""close"",EDATE(TODAY(),-24),TODAY()),2,2),"""")","=IFERROR(INDEX(GOOGLEFINANCE(B181,""close"",EDATE(TODAY(),-36),TODAY()),2,2),"""")","=IFERROR(INDEX(GOOGLEFINANCE(B181,""close"",EDATE(TODAY(),-60),TODAY()),2,2),"""")","=IFERROR(INDEX(GOOGLEFINANCE(B181,""close"",DATE(1970,1,1),TODAY()),2,2),"""")"
ERIE,ERIE,Erie Indemnity,Financials,"=IFERROR(GOOGLEFINANCE(B182,""price""),"""")","=IFERROR(GOOGLEFINANCE(B182,""marketcap""),"""")","=IFERROR(GOOGLEFINANCE(B182,""volume""),"""")","=IFERROR(INDEX(GOOGLEFINANCE(B182,""close"",WORKDAY(TODAY(),-1),TODAY()),2,2),"""")","=IFERROR(INDEX(GOOGLEFINANCE(B182,""close"",WORKDAY(TODAY(),-5),TODAY()),2,2),"""")","=IFERROR(INDEX(GOOGLEFINANCE(B182,""close"",EDATE(TODAY(),-1),TODAY()),2,2),"""")","=IFERROR(INDEX(GOOGLEFINANCE(B182,""close"",EDATE(TODAY(),-3),TODAY()),2,2),"""")","=IFERROR(INDEX(GOOGLEFINANCE(B182,""close"",EDATE(TODAY(),-12),TODAY()),2,2),"""")","=IFERROR(INDEX(GOOGLEFINANCE(B182,""close"",EDATE(TODAY(),-24),TODAY()),2,2),"""")","=IFERROR(INDEX(GOOGLEFINANCE(B182,""close"",EDATE(TODAY(),-36),TODAY()),2,2),"""")","=IFERROR(INDEX(GOOGLEFINANCE(B182,""close"",EDATE(TODAY(),-60),TODAY()),2,2),"""")","=IFERROR(INDEX(GOOGLEFINANCE(B182,""close"",DATE(1970,1,1),TODAY()),2,2),"""")"
ESS,ESS,Essex Property Trust,Real Estate,"=IFERROR(GOOGLEFINANCE(B183,""price""),"""")","=IFERROR(GOOGLEFINANCE(B183,""marketcap""),"""")","=IFERROR(GOOGLEFINANCE(B183,""volume""),"""")","=IFERROR(INDEX(GOOGLEFINANCE(B183,""close"",WORKDAY(TODAY(),-1),TODAY()),2,2),"""")","=IFERROR(INDEX(GOOGLEFINANCE(B183,""close"",WORKDAY(TODAY(),-5),TODAY()),2,2),"""")","=IFERROR(INDEX(GOOGLEFINANCE(B183,""close"",EDATE(TODAY(),-1),TODAY()),2,2),"""")","=IFERROR(INDEX(GOOGLEFINANCE(B183,""close"",EDATE(TODAY(),-3),TODAY()),2,2),"""")","=IFERROR(INDEX(GOOGLEFINANCE(B183,""close"",EDATE(TODAY(),-12),TODAY()),2,2),"""")","=IFERROR(INDEX(GOOGLEFINANCE(B183,""close"",EDATE(TODAY(),-24),TODAY()),2,2),"""")","=IFERROR(INDEX(GOOGLEFINANCE(B183,""close"",EDATE(TODAY(),-36),TODAY()),2,2),"""")","=IFERROR(INDEX(GOOGLEFINANCE(B183,""close"",EDATE(TODAY(),-60),TODAY()),2,2),"""")","=IFERROR(INDEX(GOOGLEFINANCE(B183,""close"",DATE(1970,1,1),TODAY()),2,2),"""")"
EL,EL,Estée Lauder Companies (The),Consumer Staples,"=IFERROR(GOOGLEFINANCE(B184,""price""),"""")","=IFERROR(GOOGLEFINANCE(B184,""marketcap""),"""")","=IFERROR(GOOGLEFINANCE(B184,""volume""),"""")","=IFERROR(INDEX(GOOGLEFINANCE(B184,""close"",WORKDAY(TODAY(),-1),TODAY()),2,2),"""")","=IFERROR(INDEX(GOOGLEFINANCE(B184,""close"",WORKDAY(TODAY(),-5),TODAY()),2,2),"""")","=IFERROR(INDEX(GOOGLEFINANCE(B184,""close"",EDATE(TODAY(),-1),TODAY()),2,2),"""")","=IFERROR(INDEX(GOOGLEFINANCE(B184,""close"",EDATE(TODAY(),-3),TODAY()),2,2),"""")","=IFERROR(INDEX(GOOGLEFINANCE(B184,""close"",EDATE(TODAY(),-12),TODAY()),2,2),"""")","=IFERROR(INDEX(GOOGLEFINANCE(B184,""close"",EDATE(TODAY(),-24),TODAY()),2,2),"""")","=IFERROR(INDEX(GOOGLEFINANCE(B184,""close"",EDATE(TODAY(),-36),TODAY()),2,2),"""")","=IFERROR(INDEX(GOOGLEFINANCE(B184,""close"",EDATE(TODAY(),-60),TODAY()),2,2),"""")","=IFERROR(INDEX(GOOGLEFINANCE(B184,""close"",DATE(1970,1,1),TODAY()),2,2),"""")"
EG,EG,Everest Group,Financials,"=IFERROR(GOOGLEFINANCE(B185,""price""),"""")","=IFERROR(GOOGLEFINANCE(B185,""marketcap""),"""")","=IFERROR(GOOGLEFINANCE(B185,""volume""),"""")","=IFERROR(INDEX(GOOGLEFINANCE(B185,""close"",WORKDAY(TODAY(),-1),TODAY()),2,2),"""")","=IFERROR(INDEX(GOOGLEFINANCE(B185,""close"",WORKDAY(TODAY(),-5),TODAY()),2,2),"""")","=IFERROR(INDEX(GOOGLEFINANCE(B185,""close"",EDATE(TODAY(),-1),TODAY()),2,2),"""")","=IFERROR(INDEX(GOOGLEFINANCE(B185,""close"",EDATE(TODAY(),-3),TODAY()),2,2),"""")","=IFERROR(INDEX(GOOGLEFINANCE(B185,""close"",EDATE(TODAY(),-12),TODAY()),2,2),"""")","=IFERROR(INDEX(GOOGLEFINANCE(B185,""close"",EDATE(TODAY(),-24),TODAY()),2,2),"""")","=IFERROR(INDEX(GOOGLEFINANCE(B185,""close"",EDATE(TODAY(),-36),TODAY()),2,2),"""")","=IFERROR(INDEX(GOOGLEFINANCE(B185,""close"",EDATE(TODAY(),-60),TODAY()),2,2),"""")","=IFERROR(INDEX(GOOGLEFINANCE(B185,""close"",DATE(1970,1,1),TODAY()),2,2),"""")"
EVRG,EVRG,Evergy,Utilities,"=IFERROR(GOOGLEFINANCE(B186,""price""),"""")","=IFERROR(GOOGLEFINANCE(B186,""marketcap""),"""")","=IFERROR(GOOGLEFINANCE(B186,""volume""),"""")","=IFERROR(INDEX(GOOGLEFINANCE(B186,""close"",WORKDAY(TODAY(),-1),TODAY()),2,2),"""")","=IFERROR(INDEX(GOOGLEFINANCE(B186,""close"",WORKDAY(TODAY(),-5),TODAY()),2,2),"""")","=IFERROR(INDEX(GOOGLEFINANCE(B186,""close"",EDATE(TODAY(),-1),TODAY()),2,2),"""")","=IFERROR(INDEX(GOOGLEFINANCE(B186,""close"",EDATE(TODAY(),-3),TODAY()),2,2),"""")","=IFERROR(INDEX(GOOGLEFINANCE(B186,""close"",EDATE(TODAY(),-12),TODAY()),2,2),"""")","=IFERROR(INDEX(GOOGLEFINANCE(B186,""close"",EDATE(TODAY(),-24),TODAY()),2,2),"""")","=IFERROR(INDEX(GOOGLEFINANCE(B186,""close"",EDATE(TODAY(),-36),TODAY()),2,2),"""")","=IFERROR(INDEX(GOOGLEFINANCE(B186,""close"",EDATE(TODAY(),-60),TODAY()),2,2),"""")","=IFERROR(INDEX(GOOGLEFINANCE(B186,""close"",DATE(1970,1,1),TODAY()),2,2),"""")"
ES,ES,Eversource Energy,Utilities,"=IFERROR(GOOGLEFINANCE(B187,""price""),"""")","=IFERROR(GOOGLEFINANCE(B187,""marketcap""),"""")","=IFERROR(GOOGLEFINANCE(B187,""volume""),"""")","=IFERROR(INDEX(GOOGLEFINANCE(B187,""close"",WORKDAY(TODAY(),-1),TODAY()),2,2),"""")","=IFERROR(INDEX(GOOGLEFINANCE(B187,""close"",WORKDAY(TODAY(),-5),TODAY()),2,2),"""")","=IFERROR(INDEX(GOOGLEFINANCE(B187,""close"",EDATE(TODAY(),-1),TODAY()),2,2),"""")","=IFERROR(INDEX(GOOGLEFINANCE(B187,""close"",EDATE(TODAY(),-3),TODAY()),2,2),"""")","=IFERROR(INDEX(GOOGLEFINANCE(B187,""close"",EDATE(TODAY(),-12),TODAY()),2,2),"""")","=IFERROR(INDEX(GOOGLEFINANCE(B187,""close"",EDATE(TODAY(),-24),TODAY()),2,2),"""")","=IFERROR(INDEX(GOOGLEFINANCE(B187,""close"",EDATE(TODAY(),-36),TODAY()),2,2),"""")","=IFERROR(INDEX(GOOGLEFINANCE(B187,""close"",EDATE(TODAY(),-60),TODAY()),2,2),"""")","=IFERROR(INDEX(GOOGLEFINANCE(B187,""close"",DATE(1970,1,1),TODAY()),2,2),"""")"
EXC,EXC,Exelon,Utilities,"=IFERROR(GOOGLEFINANCE(B188,""price""),"""")","=IFERROR(GOOGLEFINANCE(B188,""marketcap""),"""")","=IFERROR(GOOGLEFINANCE(B188,""volume""),"""")","=IFERROR(INDEX(GOOGLEFINANCE(B188,""close"",WORKDAY(TODAY(),-1),TODAY()),2,2),"""")","=IFERROR(INDEX(GOOGLEFINANCE(B188,""close"",WORKDAY(TODAY(),-5),TODAY()),2,2),"""")","=IFERROR(INDEX(GOOGLEFINANCE(B188,""close"",EDATE(TODAY(),-1),TODAY()),2,2),"""")","=IFERROR(INDEX(GOOGLEFINANCE(B188,""close"",EDATE(TODAY(),-3),TODAY()),2,2),"""")","=IFERROR(INDEX(GOOGLEFINANCE(B188,""close"",EDATE(TODAY(),-12),TODAY()),2,2),"""")","=IFERROR(INDEX(GOOGLEFINANCE(B188,""close"",EDATE(TODAY(),-24),TODAY()),2,2),"""")","=IFERROR(INDEX(GOOGLEFINANCE(B188,""close"",EDATE(TODAY(),-36),TODAY()),2,2),"""")","=IFERROR(INDEX(GOOGLEFINANCE(B188,""close"",EDATE(TODAY(),-60),TODAY()),2,2),"""")","=IFERROR(INDEX(GOOGLEFINANCE(B188,""close"",DATE(1970,1,1),TODAY()),2,2),"""")"
EXE,EXE,Expand Energy,Energy,"=IFERROR(GOOGLEFINANCE(B189,""price""),"""")","=IFERROR(GOOGLEFINANCE(B189,""marketcap""),"""")","=IFERROR(GOOGLEFINANCE(B189,""volume""),"""")","=IFERROR(INDEX(GOOGLEFINANCE(B189,""close"",WORKDAY(TODAY(),-1),TODAY()),2,2),"""")","=IFERROR(INDEX(GOOGLEFINANCE(B189,""close"",WORKDAY(TODAY(),-5),TODAY()),2,2),"""")","=IFERROR(INDEX(GOOGLEFINANCE(B189,""close"",EDATE(TODAY(),-1),TODAY()),2,2),"""")","=IFERROR(INDEX(GOOGLEFINANCE(B189,""close"",EDATE(TODAY(),-3),TODAY()),2,2),"""")","=IFERROR(INDEX(GOOGLEFINANCE(B189,""close"",EDATE(TODAY(),-12),TODAY()),2,2),"""")","=IFERROR(INDEX(GOOGLEFINANCE(B189,""close"",EDATE(TODAY(),-24),TODAY()),2,2),"""")","=IFERROR(INDEX(GOOGLEFINANCE(B189,""close"",EDATE(TODAY(),-36),TODAY()),2,2),"""")","=IFERROR(INDEX(GOOGLEFINANCE(B189,""close"",EDATE(TODAY(),-60),TODAY()),2,2),"""")","=IFERROR(INDEX(GOOGLEFINANCE(B189,""close"",DATE(1970,1,1),TODAY()),2,2),"""")"
EXPE,EXPE,Expedia Group,Consumer Discretionary,"=IFERROR(GOOGLEFINANCE(B190,""price""),"""")","=IFERROR(GOOGLEFINANCE(B190,""marketcap""),"""")","=IFERROR(GOOGLEFINANCE(B190,""volume""),"""")","=IFERROR(INDEX(GOOGLEFINANCE(B190,""close"",WORKDAY(TODAY(),-1),TODAY()),2,2),"""")","=IFERROR(INDEX(GOOGLEFINANCE(B190,""close"",WORKDAY(TODAY(),-5),TODAY()),2,2),"""")","=IFERROR(INDEX(GOOGLEFINANCE(B190,""close"",EDATE(TODAY(),-1),TODAY()),2,2),"""")","=IFERROR(INDEX(GOOGLEFINANCE(B190,""close"",EDATE(TODAY(),-3),TODAY()),2,2),"""")","=IFERROR(INDEX(GOOGLEFINANCE(B190,""close"",EDATE(TODAY(),-12),TODAY()),2,2),"""")","=IFERROR(INDEX(GOOGLEFINANCE(B190,""close"",EDATE(TODAY(),-24),TODAY()),2,2),"""")","=IFERROR(INDEX(GOOGLEFINANCE(B190,""close"",EDATE(TODAY(),-36),TODAY()),2,2),"""")","=IFERROR(INDEX(GOOGLEFINANCE(B190,""close"",EDATE(TODAY(),-60),TODAY()),2,2),"""")","=IFERROR(INDEX(GOOGLEFINANCE(B190,""close"",DATE(1970,1,1),TODAY()),2,2),"""")"
EXPD,EXPD,Expeditors International,Industrials,"=IFERROR(GOOGLEFINANCE(B191,""price""),"""")","=IFERROR(GOOGLEFINANCE(B191,""marketcap""),"""")","=IFERROR(GOOGLEFINANCE(B191,""volume""),"""")","=IFERROR(INDEX(GOOGLEFINANCE(B191,""close"",WORKDAY(TODAY(),-1),TODAY()),2,2),"""")","=IFERROR(INDEX(GOOGLEFINANCE(B191,""close"",WORKDAY(TODAY(),-5),TODAY()),2,2),"""")","=IFERROR(INDEX(GOOGLEFINANCE(B191,""close"",EDATE(TODAY(),-1),TODAY()),2,2),"""")","=IFERROR(INDEX(GOOGLEFINANCE(B191,""close"",EDATE(TODAY(),-3),TODAY()),2,2),"""")","=IFERROR(INDEX(GOOGLEFINANCE(B191,""close"",EDATE(TODAY(),-12),TODAY()),2,2),"""")","=IFERROR(INDEX(GOOGLEFINANCE(B191,""close"",EDATE(TODAY(),-24),TODAY()),2,2),"""")","=IFERROR(INDEX(GOOGLEFINANCE(B191,""close"",EDATE(TODAY(),-36),TODAY()),2,2),"""")","=IFERROR(INDEX(GOOGLEFINANCE(B191,""close"",EDATE(TODAY(),-60),TODAY()),2,2),"""")","=IFERROR(INDEX(GOOGLEFINANCE(B191,""close"",DATE(1970,1,1),TODAY()),2,2),"""")"
EXR,EXR,Extra Space Storage,Real Estate,"=IFERROR(GOOGLEFINANCE(B192,""price""),"""")","=IFERROR(GOOGLEFINANCE(B192,""marketcap""),"""")","=IFERROR(GOOGLEFINANCE(B192,""volume""),"""")","=IFERROR(INDEX(GOOGLEFINANCE(B192,""close"",WORKDAY(TODAY(),-1),TODAY()),2,2),"""")","=IFERROR(INDEX(GOOGLEFINANCE(B192,""close"",WORKDAY(TODAY(),-5),TODAY()),2,2),"""")","=IFERROR(INDEX(GOOGLEFINANCE(B192,""close"",EDATE(TODAY(),-1),TODAY()),2,2),"""")","=IFERROR(INDEX(GOOGLEFINANCE(B192,""close"",EDATE(TODAY(),-3),TODAY()),2,2),"""")","=IFERROR(INDEX(GOOGLEFINANCE(B192,""close"",EDATE(TODAY(),-12),TODAY()),2,2),"""")","=IFERROR(INDEX(GOOGLEFINANCE(B192,""close"",EDATE(TODAY(),-24),TODAY()),2,2),"""")","=IFERROR(INDEX(GOOGLEFINANCE(B192,""close"",EDATE(TODAY(),-36),TODAY()),2,2),"""")","=IFERROR(INDEX(GOOGLEFINANCE(B192,""close"",EDATE(TODAY(),-60),TODAY()),2,2),"""")","=IFERROR(INDEX(GOOGLEFINANCE(B192,""close"",DATE(1970,1,1),TODAY()),2,2),"""")"
XOM,XOM,ExxonMobil,Energy,"=IFERROR(GOOGLEFINANCE(B193,""price""),"""")","=IFERROR(GOOGLEFINANCE(B193,""marketcap""),"""")","=IFERROR(GOOGLEFINANCE(B193,""volume""),"""")","=IFERROR(INDEX(GOOGLEFINANCE(B193,""close"",WORKDAY(TODAY(),-1),TODAY()),2,2),"""")","=IFERROR(INDEX(GOOGLEFINANCE(B193,""close"",WORKDAY(TODAY(),-5),TODAY()),2,2),"""")","=IFERROR(INDEX(GOOGLEFINANCE(B193,""close"",EDATE(TODAY(),-1),TODAY()),2,2),"""")","=IFERROR(INDEX(GOOGLEFINANCE(B193,""close"",EDATE(TODAY(),-3),TODAY()),2,2),"""")","=IFERROR(INDEX(GOOGLEFINANCE(B193,""close"",EDATE(TODAY(),-12),TODAY()),2,2),"""")","=IFERROR(INDEX(GOOGLEFINANCE(B193,""close"",EDATE(TODAY(),-24),TODAY()),2,2),"""")","=IFERROR(INDEX(GOOGLEFINANCE(B193,""close"",EDATE(TODAY(),-36),TODAY()),2,2),"""")","=IFERROR(INDEX(GOOGLEFINANCE(B193,""close"",EDATE(TODAY(),-60),TODAY()),2,2),"""")","=IFERROR(INDEX(GOOGLEFINANCE(B193,""close"",DATE(1970,1,1),TODAY()),2,2),"""")"
FFIV,FFIV,"F5, Inc.",Information Technology,"=IFERROR(GOOGLEFINANCE(B194,""price""),"""")","=IFERROR(GOOGLEFINANCE(B194,""marketcap""),"""")","=IFERROR(GOOGLEFINANCE(B194,""volume""),"""")","=IFERROR(INDEX(GOOGLEFINANCE(B194,""close"",WORKDAY(TODAY(),-1),TODAY()),2,2),"""")","=IFERROR(INDEX(GOOGLEFINANCE(B194,""close"",WORKDAY(TODAY(),-5),TODAY()),2,2),"""")","=IFERROR(INDEX(GOOGLEFINANCE(B194,""close"",EDATE(TODAY(),-1),TODAY()),2,2),"""")","=IFERROR(INDEX(GOOGLEFINANCE(B194,""close"",EDATE(TODAY(),-3),TODAY()),2,2),"""")","=IFERROR(INDEX(GOOGLEFINANCE(B194,""close"",EDATE(TODAY(),-12),TODAY()),2,2),"""")","=IFERROR(INDEX(GOOGLEFINANCE(B194,""close"",EDATE(TODAY(),-24),TODAY()),2,2),"""")","=IFERROR(INDEX(GOOGLEFINANCE(B194,""close"",EDATE(TODAY(),-36),TODAY()),2,2),"""")","=IFERROR(INDEX(GOOGLEFINANCE(B194,""close"",EDATE(TODAY(),-60),TODAY()),2,2),"""")","=IFERROR(INDEX(GOOGLEFINANCE(B194,""close"",DATE(1970,1,1),TODAY()),2,2),"""")"
FDS,FDS,FactSet,Financials,"=IFERROR(GOOGLEFINANCE(B195,""price""),"""")","=IFERROR(GOOGLEFINANCE(B195,""marketcap""),"""")","=IFERROR(GOOGLEFINANCE(B195,""volume""),"""")","=IFERROR(INDEX(GOOGLEFINANCE(B195,""close"",WORKDAY(TODAY(),-1),TODAY()),2,2),"""")","=IFERROR(INDEX(GOOGLEFINANCE(B195,""close"",WORKDAY(TODAY(),-5),TODAY()),2,2),"""")","=IFERROR(INDEX(GOOGLEFINANCE(B195,""close"",EDATE(TODAY(),-1),TODAY()),2,2),"""")","=IFERROR(INDEX(GOOGLEFINANCE(B195,""close"",EDATE(TODAY(),-3),TODAY()),2,2),"""")","=IFERROR(INDEX(GOOGLEFINANCE(B195,""close"",EDATE(TODAY(),-12),TODAY()),2,2),"""")","=IFERROR(INDEX(GOOGLEFINANCE(B195,""close"",EDATE(TODAY(),-24),TODAY()),2,2),"""")","=IFERROR(INDEX(GOOGLEFINANCE(B195,""close"",EDATE(TODAY(),-36),TODAY()),2,2),"""")","=IFERROR(INDEX(GOOGLEFINANCE(B195,""close"",EDATE(TODAY(),-60),TODAY()),2,2),"""")","=IFERROR(INDEX(GOOGLEFINANCE(B195,""close"",DATE(1970,1,1),TODAY()),2,2),"""")"
FICO,FICO,Fair Isaac,Information Technology,"=IFERROR(GOOGLEFINANCE(B196,""price""),"""")","=IFERROR(GOOGLEFINANCE(B196,""marketcap""),"""")","=IFERROR(GOOGLEFINANCE(B196,""volume""),"""")","=IFERROR(INDEX(GOOGLEFINANCE(B196,""close"",WORKDAY(TODAY(),-1),TODAY()),2,2),"""")","=IFERROR(INDEX(GOOGLEFINANCE(B196,""close"",WORKDAY(TODAY(),-5),TODAY()),2,2),"""")","=IFERROR(INDEX(GOOGLEFINANCE(B196,""close"",EDATE(TODAY(),-1),TODAY()),2,2),"""")","=IFERROR(INDEX(GOOGLEFINANCE(B196,""close"",EDATE(TODAY(),-3),TODAY()),2,2),"""")","=IFERROR(INDEX(GOOGLEFINANCE(B196,""close"",EDATE(TODAY(),-12),TODAY()),2,2),"""")","=IFERROR(INDEX(GOOGLEFINANCE(B196,""close"",EDATE(TODAY(),-24),TODAY()),2,2),"""")","=IFERROR(INDEX(GOOGLEFINANCE(B196,""close"",EDATE(TODAY(),-36),TODAY()),2,2),"""")","=IFERROR(INDEX(GOOGLEFINANCE(B196,""close"",EDATE(TODAY(),-60),TODAY()),2,2),"""")","=IFERROR(INDEX(GOOGLEFINANCE(B196,""close"",DATE(1970,1,1),TODAY()),2,2),"""")"
FAST,FAST,Fastenal,Industrials,"=IFERROR(GOOGLEFINANCE(B197,""price""),"""")","=IFERROR(GOOGLEFINANCE(B197,""marketcap""),"""")","=IFERROR(GOOGLEFINANCE(B197,""volume""),"""")","=IFERROR(INDEX(GOOGLEFINANCE(B197,""close"",WORKDAY(TODAY(),-1),TODAY()),2,2),"""")","=IFERROR(INDEX(GOOGLEFINANCE(B197,""close"",WORKDAY(TODAY(),-5),TODAY()),2,2),"""")","=IFERROR(INDEX(GOOGLEFINANCE(B197,""close"",EDATE(TODAY(),-1),TODAY()),2,2),"""")","=IFERROR(INDEX(GOOGLEFINANCE(B197,""close"",EDATE(TODAY(),-3),TODAY()),2,2),"""")","=IFERROR(INDEX(GOOGLEFINANCE(B197,""close"",EDATE(TODAY(),-12),TODAY()),2,2),"""")","=IFERROR(INDEX(GOOGLEFINANCE(B197,""close"",EDATE(TODAY(),-24),TODAY()),2,2),"""")","=IFERROR(INDEX(GOOGLEFINANCE(B197,""close"",EDATE(TODAY(),-36),TODAY()),2,2),"""")","=IFERROR(INDEX(GOOGLEFINANCE(B197,""close"",EDATE(TODAY(),-60),TODAY()),2,2),"""")","=IFERROR(INDEX(GOOGLEFINANCE(B197,""close"",DATE(1970,1,1),TODAY()),2,2),"""")"
FRT,FRT,Federal Realty Investment Trust,Real Estate,"=IFERROR(GOOGLEFINANCE(B198,""price""),"""")","=IFERROR(GOOGLEFINANCE(B198,""marketcap""),"""")","=IFERROR(GOOGLEFINANCE(B198,""volume""),"""")","=IFERROR(INDEX(GOOGLEFINANCE(B198,""close"",WORKDAY(TODAY(),-1),TODAY()),2,2),"""")","=IFERROR(INDEX(GOOGLEFINANCE(B198,""close"",WORKDAY(TODAY(),-5),TODAY()),2,2),"""")","=IFERROR(INDEX(GOOGLEFINANCE(B198,""close"",EDATE(TODAY(),-1),TODAY()),2,2),"""")","=IFERROR(INDEX(GOOGLEFINANCE(B198,""close"",EDATE(TODAY(),-3),TODAY()),2,2),"""")","=IFERROR(INDEX(GOOGLEFINANCE(B198,""close"",EDATE(TODAY(),-12),TODAY()),2,2),"""")","=IFERROR(INDEX(GOOGLEFINANCE(B198,""close"",EDATE(TODAY(),-24),TODAY()),2,2),"""")","=IFERROR(INDEX(GOOGLEFINANCE(B198,""close"",EDATE(TODAY(),-36),TODAY()),2,2),"""")","=IFERROR(INDEX(GOOGLEFINANCE(B198,""close"",EDATE(TODAY(),-60),TODAY()),2,2),"""")","=IFERROR(INDEX(GOOGLEFINANCE(B198,""close"",DATE(1970,1,1),TODAY()),2,2),"""")"
FDX,FDX,FedEx,Industrials,"=IFERROR(GOOGLEFINANCE(B199,""price""),"""")","=IFERROR(GOOGLEFINANCE(B199,""marketcap""),"""")","=IFERROR(GOOGLEFINANCE(B199,""volume""),"""")","=IFERROR(INDEX(GOOGLEFINANCE(B199,""close"",WORKDAY(TODAY(),-1),TODAY()),2,2),"""")","=IFERROR(INDEX(GOOGLEFINANCE(B199,""close"",WORKDAY(TODAY(),-5),TODAY()),2,2),"""")","=IFERROR(INDEX(GOOGLEFINANCE(B199,""close"",EDATE(TODAY(),-1),TODAY()),2,2),"""")","=IFERROR(INDEX(GOOGLEFINANCE(B199,""close"",EDATE(TODAY(),-3),TODAY()),2,2),"""")","=IFERROR(INDEX(GOOGLEFINANCE(B199,""close"",EDATE(TODAY(),-12),TODAY()),2,2),"""")","=IFERROR(INDEX(GOOGLEFINANCE(B199,""close"",EDATE(TODAY(),-24),TODAY()),2,2),"""")","=IFERROR(INDEX(GOOGLEFINANCE(B199,""close"",EDATE(TODAY(),-36),TODAY()),2,2),"""")","=IFERROR(INDEX(GOOGLEFINANCE(B199,""close"",EDATE(TODAY(),-60),TODAY()),2,2),"""")","=IFERROR(INDEX(GOOGLEFINANCE(B199,""close"",DATE(1970,1,1),TODAY()),2,2),"""")"
FIS,FIS,Fidelity National Information Services,Financials,"=IFERROR(GOOGLEFINANCE(B200,""price""),"""")","=IFERROR(GOOGLEFINANCE(B200,""marketcap""),"""")","=IFERROR(GOOGLEFINANCE(B200,""volume""),"""")","=IFERROR(INDEX(GOOGLEFINANCE(B200,""close"",WORKDAY(TODAY(),-1),TODAY()),2,2),"""")","=IFERROR(INDEX(GOOGLEFINANCE(B200,""close"",WORKDAY(TODAY(),-5),TODAY()),2,2),"""")","=IFERROR(INDEX(GOOGLEFINANCE(B200,""close"",EDATE(TODAY(),-1),TODAY()),2,2),"""")","=IFERROR(INDEX(GOOGLEFINANCE(B200,""close"",EDATE(TODAY(),-3),TODAY()),2,2),"""")","=IFERROR(INDEX(GOOGLEFINANCE(B200,""close"",EDATE(TODAY(),-12),TODAY()),2,2),"""")","=IFERROR(INDEX(GOOGLEFINANCE(B200,""close"",EDATE(TODAY(),-24),TODAY()),2,2),"""")","=IFERROR(INDEX(GOOGLEFINANCE(B200,""close"",EDATE(TODAY(),-36),TODAY()),2,2),"""")","=IFERROR(INDEX(GOOGLEFINANCE(B200,""close"",EDATE(TODAY(),-60),TODAY()),2,2),"""")","=IFERROR(INDEX(GOOGLEFINANCE(B200,""close"",DATE(1970,1,1),TODAY()),2,2),"""")"
FITB,FITB,Fifth Third Bancorp,Financials,"=IFERROR(GOOGLEFINANCE(B201,""price""),"""")","=IFERROR(GOOGLEFINANCE(B201,""marketcap""),"""")","=IFERROR(GOOGLEFINANCE(B201,""volume""),"""")","=IFERROR(INDEX(GOOGLEFINANCE(B201,""close"",WORKDAY(TODAY(),-1),TODAY()),2,2),"""")","=IFERROR(INDEX(GOOGLEFINANCE(B201,""close"",WORKDAY(TODAY(),-5),TODAY()),2,2),"""")","=IFERROR(INDEX(GOOGLEFINANCE(B201,""close"",EDATE(TODAY(),-1),TODAY()),2,2),"""")","=IFERROR(INDEX(GOOGLEFINANCE(B201,""close"",EDATE(TODAY(),-3),TODAY()),2,2),"""")","=IFERROR(INDEX(GOOGLEFINANCE(B201,""close"",EDATE(TODAY(),-12),TODAY()),2,2),"""")","=IFERROR(INDEX(GOOGLEFINANCE(B201,""close"",EDATE(TODAY(),-24),TODAY()),2,2),"""")","=IFERROR(INDEX(GOOGLEFINANCE(B201,""close"",EDATE(TODAY(),-36),TODAY()),2,2),"""")","=IFERROR(INDEX(GOOGLEFINANCE(B201,""close"",EDATE(TODAY(),-60),TODAY()),2,2),"""")","=IFERROR(INDEX(GOOGLEFINANCE(B201,""close"",DATE(1970,1,1),TODAY()),2,2),"""")"
FSLR,FSLR,First Solar,Information Technology,"=IFERROR(GOOGLEFINANCE(B202,""price""),"""")","=IFERROR(GOOGLEFINANCE(B202,""marketcap""),"""")","=IFERROR(GOOGLEFINANCE(B202,""volume""),"""")","=IFERROR(INDEX(GOOGLEFINANCE(B202,""close"",WORKDAY(TODAY(),-1),TODAY()),2,2),"""")","=IFERROR(INDEX(GOOGLEFINANCE(B202,""close"",WORKDAY(TODAY(),-5),TODAY()),2,2),"""")","=IFERROR(INDEX(GOOGLEFINANCE(B202,""close"",EDATE(TODAY(),-1),TODAY()),2,2),"""")","=IFERROR(INDEX(GOOGLEFINANCE(B202,""close"",EDATE(TODAY(),-3),TODAY()),2,2),"""")","=IFERROR(INDEX(GOOGLEFINANCE(B202,""close"",EDATE(TODAY(),-12),TODAY()),2,2),"""")","=IFERROR(INDEX(GOOGLEFINANCE(B202,""close"",EDATE(TODAY(),-24),TODAY()),2,2),"""")","=IFERROR(INDEX(GOOGLEFINANCE(B202,""close"",EDATE(TODAY(),-36),TODAY()),2,2),"""")","=IFERROR(INDEX(GOOGLEFINANCE(B202,""close"",EDATE(TODAY(),-60),TODAY()),2,2),"""")","=IFERROR(INDEX(GOOGLEFINANCE(B202,""close"",DATE(1970,1,1),TODAY()),2,2),"""")"
FE,FE,FirstEnergy,Utilities,"=IFERROR(GOOGLEFINANCE(B203,""price""),"""")","=IFERROR(GOOGLEFINANCE(B203,""marketcap""),"""")","=IFERROR(GOOGLEFINANCE(B203,""volume""),"""")","=IFERROR(INDEX(GOOGLEFINANCE(B203,""close"",WORKDAY(TODAY(),-1),TODAY()),2,2),"""")","=IFERROR(INDEX(GOOGLEFINANCE(B203,""close"",WORKDAY(TODAY(),-5),TODAY()),2,2),"""")","=IFERROR(INDEX(GOOGLEFINANCE(B203,""close"",EDATE(TODAY(),-1),TODAY()),2,2),"""")","=IFERROR(INDEX(GOOGLEFINANCE(B203,""close"",EDATE(TODAY(),-3),TODAY()),2,2),"""")","=IFERROR(INDEX(GOOGLEFINANCE(B203,""close"",EDATE(TODAY(),-12),TODAY()),2,2),"""")","=IFERROR(INDEX(GOOGLEFINANCE(B203,""close"",EDATE(TODAY(),-24),TODAY()),2,2),"""")","=IFERROR(INDEX(GOOGLEFINANCE(B203,""close"",EDATE(TODAY(),-36),TODAY()),2,2),"""")","=IFERROR(INDEX(GOOGLEFINANCE(B203,""close"",EDATE(TODAY(),-60),TODAY()),2,2),"""")","=IFERROR(INDEX(GOOGLEFINANCE(B203,""close"",DATE(1970,1,1),TODAY()),2,2),"""")"
FISV,FISV,Fiserv,Financials,"=IFERROR(GOOGLEFINANCE(B204,""price""),"""")","=IFERROR(GOOGLEFINANCE(B204,""marketcap""),"""")","=IFERROR(GOOGLEFINANCE(B204,""volume""),"""")","=IFERROR(INDEX(GOOGLEFINANCE(B204,""close"",WORKDAY(TODAY(),-1),TODAY()),2,2),"""")","=IFERROR(INDEX(GOOGLEFINANCE(B204,""close"",WORKDAY(TODAY(),-5),TODAY()),2,2),"""")","=IFERROR(INDEX(GOOGLEFINANCE(B204,""close"",EDATE(TODAY(),-1),TODAY()),2,2),"""")","=IFERROR(INDEX(GOOGLEFINANCE(B204,""close"",EDATE(TODAY(),-3),TODAY()),2,2),"""")","=IFERROR(INDEX(GOOGLEFINANCE(B204,""close"",EDATE(TODAY(),-12),TODAY()),2,2),"""")","=IFERROR(INDEX(GOOGLEFINANCE(B204,""close"",EDATE(TODAY(),-24),TODAY()),2,2),"""")","=IFERROR(INDEX(GOOGLEFINANCE(B204,""close"",EDATE(TODAY(),-36),TODAY()),2,2),"""")","=IFERROR(INDEX(GOOGLEFINANCE(B204,""close"",EDATE(TODAY(),-60),TODAY()),2,2),"""")","=IFERROR(INDEX(GOOGLEFINANCE(B204,""close"",DATE(1970,1,1),TODAY()),2,2),"""")"
F,F,Ford Motor Company,Consumer Discretionary,"=IFERROR(GOOGLEFINANCE(B205,""price""),"""")","=IFERROR(GOOGLEFINANCE(B205,""marketcap""),"""")","=IFERROR(GOOGLEFINANCE(B205,""volume""),"""")","=IFERROR(INDEX(GOOGLEFINANCE(B205,""close"",WORKDAY(TODAY(),-1),TODAY()),2,2),"""")","=IFERROR(INDEX(GOOGLEFINANCE(B205,""close"",WORKDAY(TODAY(),-5),TODAY()),2,2),"""")","=IFERROR(INDEX(GOOGLEFINANCE(B205,""close"",EDATE(TODAY(),-1),TODAY()),2,2),"""")","=IFERROR(INDEX(GOOGLEFINANCE(B205,""close"",EDATE(TODAY(),-3),TODAY()),2,2),"""")","=IFERROR(INDEX(GOOGLEFINANCE(B205,""close"",EDATE(TODAY(),-12),TODAY()),2,2),"""")","=IFERROR(INDEX(GOOGLEFINANCE(B205,""close"",EDATE(TODAY(),-24),TODAY()),2,2),"""")","=IFERROR(INDEX(GOOGLEFINANCE(B205,""close"",EDATE(TODAY(),-36),TODAY()),2,2),"""")","=IFERROR(INDEX(GOOGLEFINANCE(B205,""close"",EDATE(TODAY(),-60),TODAY()),2,2),"""")","=IFERROR(INDEX(GOOGLEFINANCE(B205,""close"",DATE(1970,1,1),TODAY()),2,2),"""")"
FTNT,FTNT,Fortinet,Information Technology,"=IFERROR(GOOGLEFINANCE(B206,""price""),"""")","=IFERROR(GOOGLEFINANCE(B206,""marketcap""),"""")","=IFERROR(GOOGLEFINANCE(B206,""volume""),"""")","=IFERROR(INDEX(GOOGLEFINANCE(B206,""close"",WORKDAY(TODAY(),-1),TODAY()),2,2),"""")","=IFERROR(INDEX(GOOGLEFINANCE(B206,""close"",WORKDAY(TODAY(),-5),TODAY()),2,2),"""")","=IFERROR(INDEX(GOOGLEFINANCE(B206,""close"",EDATE(TODAY(),-1),TODAY()),2,2),"""")","=IFERROR(INDEX(GOOGLEFINANCE(B206,""close"",EDATE(TODAY(),-3),TODAY()),2,2),"""")","=IFERROR(INDEX(GOOGLEFINANCE(B206,""close"",EDATE(TODAY(),-12),TODAY()),2,2),"""")","=IFERROR(INDEX(GOOGLEFINANCE(B206,""close"",EDATE(TODAY(),-24),TODAY()),2,2),"""")","=IFERROR(INDEX(GOOGLEFINANCE(B206,""close"",EDATE(TODAY(),-36),TODAY()),2,2),"""")","=IFERROR(INDEX(GOOGLEFINANCE(B206,""close"",EDATE(TODAY(),-60),TODAY()),2,2),"""")","=IFERROR(INDEX(GOOGLEFINANCE(B206,""close"",DATE(1970,1,1),TODAY()),2,2),"""")"
FTV,FTV,Fortive,Industrials,"=IFERROR(GOOGLEFINANCE(B207,""price""),"""")","=IFERROR(GOOGLEFINANCE(B207,""marketcap""),"""")","=IFERROR(GOOGLEFINANCE(B207,""volume""),"""")","=IFERROR(INDEX(GOOGLEFINANCE(B207,""close"",WORKDAY(TODAY(),-1),TODAY()),2,2),"""")","=IFERROR(INDEX(GOOGLEFINANCE(B207,""close"",WORKDAY(TODAY(),-5),TODAY()),2,2),"""")","=IFERROR(INDEX(GOOGLEFINANCE(B207,""close"",EDATE(TODAY(),-1),TODAY()),2,2),"""")","=IFERROR(INDEX(GOOGLEFINANCE(B207,""close"",EDATE(TODAY(),-3),TODAY()),2,2),"""")","=IFERROR(INDEX(GOOGLEFINANCE(B207,""close"",EDATE(TODAY(),-12),TODAY()),2,2),"""")","=IFERROR(INDEX(GOOGLEFINANCE(B207,""close"",EDATE(TODAY(),-24),TODAY()),2,2),"""")","=IFERROR(INDEX(GOOGLEFINANCE(B207,""close"",EDATE(TODAY(),-36),TODAY()),2,2),"""")","=IFERROR(INDEX(GOOGLEFINANCE(B207,""close"",EDATE(TODAY(),-60),TODAY()),2,2),"""")","=IFERROR(INDEX(GOOGLEFINANCE(B207,""close"",DATE(1970,1,1),TODAY()),2,2),"""")"
FOXA,FOXA,Fox Corporation (Class A),Communication Services,"=IFERROR(GOOGLEFINANCE(B208,""price""),"""")","=IFERROR(GOOGLEFINANCE(B208,""marketcap""),"""")","=IFERROR(GOOGLEFINANCE(B208,""volume""),"""")","=IFERROR(INDEX(GOOGLEFINANCE(B208,""close"",WORKDAY(TODAY(),-1),TODAY()),2,2),"""")","=IFERROR(INDEX(GOOGLEFINANCE(B208,""close"",WORKDAY(TODAY(),-5),TODAY()),2,2),"""")","=IFERROR(INDEX(GOOGLEFINANCE(B208,""close"",EDATE(TODAY(),-1),TODAY()),2,2),"""")","=IFERROR(INDEX(GOOGLEFINANCE(B208,""close"",EDATE(TODAY(),-3),TODAY()),2,2),"""")","=IFERROR(INDEX(GOOGLEFINANCE(B208,""close"",EDATE(TODAY(),-12),TODAY()),2,2),"""")","=IFERROR(INDEX(GOOGLEFINANCE(B208,""close"",EDATE(TODAY(),-24),TODAY()),2,2),"""")","=IFERROR(INDEX(GOOGLEFINANCE(B208,""close"",EDATE(TODAY(),-36),TODAY()),2,2),"""")","=IFERROR(INDEX(GOOGLEFINANCE(B208,""close"",EDATE(TODAY(),-60),TODAY()),2,2),"""")","=IFERROR(INDEX(GOOGLEFINANCE(B208,""close"",DATE(1970,1,1),TODAY()),2,2),"""")"
FOX,FOX,Fox Corporation (Class B),Communication Services,"=IFERROR(GOOGLEFINANCE(B209,""price""),"""")","=IFERROR(GOOGLEFINANCE(B209,""marketcap""),"""")","=IFERROR(GOOGLEFINANCE(B209,""volume""),"""")","=IFERROR(INDEX(GOOGLEFINANCE(B209,""close"",WORKDAY(TODAY(),-1),TODAY()),2,2),"""")","=IFERROR(INDEX(GOOGLEFINANCE(B209,""close"",WORKDAY(TODAY(),-5),TODAY()),2,2),"""")","=IFERROR(INDEX(GOOGLEFINANCE(B209,""close"",EDATE(TODAY(),-1),TODAY()),2,2),"""")","=IFERROR(INDEX(GOOGLEFINANCE(B209,""close"",EDATE(TODAY(),-3),TODAY()),2,2),"""")","=IFERROR(INDEX(GOOGLEFINANCE(B209,""close"",EDATE(TODAY(),-12),TODAY()),2,2),"""")","=IFERROR(INDEX(GOOGLEFINANCE(B209,""close"",EDATE(TODAY(),-24),TODAY()),2,2),"""")","=IFERROR(INDEX(GOOGLEFINANCE(B209,""close"",EDATE(TODAY(),-36),TODAY()),2,2),"""")","=IFERROR(INDEX(GOOGLEFINANCE(B209,""close"",EDATE(TODAY(),-60),TODAY()),2,2),"""")","=IFERROR(INDEX(GOOGLEFINANCE(B209,""close"",DATE(1970,1,1),TODAY()),2,2),"""")"
BEN,BEN,Franklin Resources,Financials,"=IFERROR(GOOGLEFINANCE(B210,""price""),"""")","=IFERROR(GOOGLEFINANCE(B210,""marketcap""),"""")","=IFERROR(GOOGLEFINANCE(B210,""volume""),"""")","=IFERROR(INDEX(GOOGLEFINANCE(B210,""close"",WORKDAY(TODAY(),-1),TODAY()),2,2),"""")","=IFERROR(INDEX(GOOGLEFINANCE(B210,""close"",WORKDAY(TODAY(),-5),TODAY()),2,2),"""")","=IFERROR(INDEX(GOOGLEFINANCE(B210,""close"",EDATE(TODAY(),-1),TODAY()),2,2),"""")","=IFERROR(INDEX(GOOGLEFINANCE(B210,""close"",EDATE(TODAY(),-3),TODAY()),2,2),"""")","=IFERROR(INDEX(GOOGLEFINANCE(B210,""close"",EDATE(TODAY(),-12),TODAY()),2,2),"""")","=IFERROR(INDEX(GOOGLEFINANCE(B210,""close"",EDATE(TODAY(),-24),TODAY()),2,2),"""")","=IFERROR(INDEX(GOOGLEFINANCE(B210,""close"",EDATE(TODAY(),-36),TODAY()),2,2),"""")","=IFERROR(INDEX(GOOGLEFINANCE(B210,""close"",EDATE(TODAY(),-60),TODAY()),2,2),"""")","=IFERROR(INDEX(GOOGLEFINANCE(B210,""close"",DATE(1970,1,1),TODAY()),2,2),"""")"
FCX,FCX,Freeport-McMoRan,Materials,"=IFERROR(GOOGLEFINANCE(B211,""price""),"""")","=IFERROR(GOOGLEFINANCE(B211,""marketcap""),"""")","=IFERROR(GOOGLEFINANCE(B211,""volume""),"""")","=IFERROR(INDEX(GOOGLEFINANCE(B211,""close"",WORKDAY(TODAY(),-1),TODAY()),2,2),"""")","=IFERROR(INDEX(GOOGLEFINANCE(B211,""close"",WORKDAY(TODAY(),-5),TODAY()),2,2),"""")","=IFERROR(INDEX(GOOGLEFINANCE(B211,""close"",EDATE(TODAY(),-1),TODAY()),2,2),"""")","=IFERROR(INDEX(GOOGLEFINANCE(B211,""close"",EDATE(TODAY(),-3),TODAY()),2,2),"""")","=IFERROR(INDEX(GOOGLEFINANCE(B211,""close"",EDATE(TODAY(),-12),TODAY()),2,2),"""")","=IFERROR(INDEX(GOOGLEFINANCE(B211,""close"",EDATE(TODAY(),-24),TODAY()),2,2),"""")","=IFERROR(INDEX(GOOGLEFINANCE(B211,""close"",EDATE(TODAY(),-36),TODAY()),2,2),"""")","=IFERROR(INDEX(GOOGLEFINANCE(B211,""close"",EDATE(TODAY(),-60),TODAY()),2,2),"""")","=IFERROR(INDEX(GOOGLEFINANCE(B211,""close"",DATE(1970,1,1),TODAY()),2,2),"""")"
GRMN,GRMN,Garmin,Consumer Discretionary,"=IFERROR(GOOGLEFINANCE(B212,""price""),"""")","=IFERROR(GOOGLEFINANCE(B212,""marketcap""),"""")","=IFERROR(GOOGLEFINANCE(B212,""volume""),"""")","=IFERROR(INDEX(GOOGLEFINANCE(B212,""close"",WORKDAY(TODAY(),-1),TODAY()),2,2),"""")","=IFERROR(INDEX(GOOGLEFINANCE(B212,""close"",WORKDAY(TODAY(),-5),TODAY()),2,2),"""")","=IFERROR(INDEX(GOOGLEFINANCE(B212,""close"",EDATE(TODAY(),-1),TODAY()),2,2),"""")","=IFERROR(INDEX(GOOGLEFINANCE(B212,""close"",EDATE(TODAY(),-3),TODAY()),2,2),"""")","=IFERROR(INDEX(GOOGLEFINANCE(B212,""close"",EDATE(TODAY(),-12),TODAY()),2,2),"""")","=IFERROR(INDEX(GOOGLEFINANCE(B212,""close"",EDATE(TODAY(),-24),TODAY()),2,2),"""")","=IFERROR(INDEX(GOOGLEFINANCE(B212,""close"",EDATE(TODAY(),-36),TODAY()),2,2),"""")","=IFERROR(INDEX(GOOGLEFINANCE(B212,""close"",EDATE(TODAY(),-60),TODAY()),2,2),"""")","=IFERROR(INDEX(GOOGLEFINANCE(B212,""close"",DATE(1970,1,1),TODAY()),2,2),"""")"
IT,IT,Gartner,Information Technology,"=IFERROR(GOOGLEFINANCE(B213,""price""),"""")","=IFERROR(GOOGLEFINANCE(B213,""marketcap""),"""")","=IFERROR(GOOGLEFINANCE(B213,""volume""),"""")","=IFERROR(INDEX(GOOGLEFINANCE(B213,""close"",WORKDAY(TODAY(),-1),TODAY()),2,2),"""")","=IFERROR(INDEX(GOOGLEFINANCE(B213,""close"",WORKDAY(TODAY(),-5),TODAY()),2,2),"""")","=IFERROR(INDEX(GOOGLEFINANCE(B213,""close"",EDATE(TODAY(),-1),TODAY()),2,2),"""")","=IFERROR(INDEX(GOOGLEFINANCE(B213,""close"",EDATE(TODAY(),-3),TODAY()),2,2),"""")","=IFERROR(INDEX(GOOGLEFINANCE(B213,""close"",EDATE(TODAY(),-12),TODAY()),2,2),"""")","=IFERROR(INDEX(GOOGLEFINANCE(B213,""close"",EDATE(TODAY(),-24),TODAY()),2,2),"""")","=IFERROR(INDEX(GOOGLEFINANCE(B213,""close"",EDATE(TODAY(),-36),TODAY()),2,2),"""")","=IFERROR(INDEX(GOOGLEFINANCE(B213,""close"",EDATE(TODAY(),-60),TODAY()),2,2),"""")","=IFERROR(INDEX(GOOGLEFINANCE(B213,""close"",DATE(1970,1,1),TODAY()),2,2),"""")"
GE,GE,GE Aerospace,Industrials,"=IFERROR(GOOGLEFINANCE(B214,""price""),"""")","=IFERROR(GOOGLEFINANCE(B214,""marketcap""),"""")","=IFERROR(GOOGLEFINANCE(B214,""volume""),"""")","=IFERROR(INDEX(GOOGLEFINANCE(B214,""close"",WORKDAY(TODAY(),-1),TODAY()),2,2),"""")","=IFERROR(INDEX(GOOGLEFINANCE(B214,""close"",WORKDAY(TODAY(),-5),TODAY()),2,2),"""")","=IFERROR(INDEX(GOOGLEFINANCE(B214,""close"",EDATE(TODAY(),-1),TODAY()),2,2),"""")","=IFERROR(INDEX(GOOGLEFINANCE(B214,""close"",EDATE(TODAY(),-3),TODAY()),2,2),"""")","=IFERROR(INDEX(GOOGLEFINANCE(B214,""close"",EDATE(TODAY(),-12),TODAY()),2,2),"""")","=IFERROR(INDEX(GOOGLEFINANCE(B214,""close"",EDATE(TODAY(),-24),TODAY()),2,2),"""")","=IFERROR(INDEX(GOOGLEFINANCE(B214,""close"",EDATE(TODAY(),-36),TODAY()),2,2),"""")","=IFERROR(INDEX(GOOGLEFINANCE(B214,""close"",EDATE(TODAY(),-60),TODAY()),2,2),"""")","=IFERROR(INDEX(GOOGLEFINANCE(B214,""close"",DATE(1970,1,1),TODAY()),2,2),"""")"
GEHC,GEHC,GE HealthCare,Health Care,"=IFERROR(GOOGLEFINANCE(B215,""price""),"""")","=IFERROR(GOOGLEFINANCE(B215,""marketcap""),"""")","=IFERROR(GOOGLEFINANCE(B215,""volume""),"""")","=IFERROR(INDEX(GOOGLEFINANCE(B215,""close"",WORKDAY(TODAY(),-1),TODAY()),2,2),"""")","=IFERROR(INDEX(GOOGLEFINANCE(B215,""close"",WORKDAY(TODAY(),-5),TODAY()),2,2),"""")","=IFERROR(INDEX(GOOGLEFINANCE(B215,""close"",EDATE(TODAY(),-1),TODAY()),2,2),"""")","=IFERROR(INDEX(GOOGLEFINANCE(B215,""close"",EDATE(TODAY(),-3),TODAY()),2,2),"""")","=IFERROR(INDEX(GOOGLEFINANCE(B215,""close"",EDATE(TODAY(),-12),TODAY()),2,2),"""")","=IFERROR(INDEX(GOOGLEFINANCE(B215,""close"",EDATE(TODAY(),-24),TODAY()),2,2),"""")","=IFERROR(INDEX(GOOGLEFINANCE(B215,""close"",EDATE(TODAY(),-36),TODAY()),2,2),"""")","=IFERROR(INDEX(GOOGLEFINANCE(B215,""close"",EDATE(TODAY(),-60),TODAY()),2,2),"""")","=IFERROR(INDEX(GOOGLEFINANCE(B215,""close"",DATE(1970,1,1),TODAY()),2,2),"""")"
GEV,GEV,GE Vernova,Industrials,"=IFERROR(GOOGLEFINANCE(B216,""price""),"""")","=IFERROR(GOOGLEFINANCE(B216,""marketcap""),"""")","=IFERROR(GOOGLEFINANCE(B216,""volume""),"""")","=IFERROR(INDEX(GOOGLEFINANCE(B216,""close"",WORKDAY(TODAY(),-1),TODAY()),2,2),"""")","=IFERROR(INDEX(GOOGLEFINANCE(B216,""close"",WORKDAY(TODAY(),-5),TODAY()),2,2),"""")","=IFERROR(INDEX(GOOGLEFINANCE(B216,""close"",EDATE(TODAY(),-1),TODAY()),2,2),"""")","=IFERROR(INDEX(GOOGLEFINANCE(B216,""close"",EDATE(TODAY(),-3),TODAY()),2,2),"""")","=IFERROR(INDEX(GOOGLEFINANCE(B216,""close"",EDATE(TODAY(),-12),TODAY()),2,2),"""")","=IFERROR(INDEX(GOOGLEFINANCE(B216,""close"",EDATE(TODAY(),-24),TODAY()),2,2),"""")","=IFERROR(INDEX(GOOGLEFINANCE(B216,""close"",EDATE(TODAY(),-36),TODAY()),2,2),"""")","=IFERROR(INDEX(GOOGLEFINANCE(B216,""close"",EDATE(TODAY(),-60),TODAY()),2,2),"""")","=IFERROR(INDEX(GOOGLEFINANCE(B216,""close"",DATE(1970,1,1),TODAY()),2,2),"""")"
GEN,GEN,Gen Digital,Information Technology,"=IFERROR(GOOGLEFINANCE(B217,""price""),"""")","=IFERROR(GOOGLEFINANCE(B217,""marketcap""),"""")","=IFERROR(GOOGLEFINANCE(B217,""volume""),"""")","=IFERROR(INDEX(GOOGLEFINANCE(B217,""close"",WORKDAY(TODAY(),-1),TODAY()),2,2),"""")","=IFERROR(INDEX(GOOGLEFINANCE(B217,""close"",WORKDAY(TODAY(),-5),TODAY()),2,2),"""")","=IFERROR(INDEX(GOOGLEFINANCE(B217,""close"",EDATE(TODAY(),-1),TODAY()),2,2),"""")","=IFERROR(INDEX(GOOGLEFINANCE(B217,""close"",EDATE(TODAY(),-3),TODAY()),2,2),"""")","=IFERROR(INDEX(GOOGLEFINANCE(B217,""close"",EDATE(TODAY(),-12),TODAY()),2,2),"""")","=IFERROR(INDEX(GOOGLEFINANCE(B217,""close"",EDATE(TODAY(),-24),TODAY()),2,2),"""")","=IFERROR(INDEX(GOOGLEFINANCE(B217,""close"",EDATE(TODAY(),-36),TODAY()),2,2),"""")","=IFERROR(INDEX(GOOGLEFINANCE(B217,""close"",EDATE(TODAY(),-60),TODAY()),2,2),"""")","=IFERROR(INDEX(GOOGLEFINANCE(B217,""close"",DATE(1970,1,1),TODAY()),2,2),"""")"
GNRC,GNRC,Generac,Industrials,"=IFERROR(GOOGLEFINANCE(B218,""price""),"""")","=IFERROR(GOOGLEFINANCE(B218,""marketcap""),"""")","=IFERROR(GOOGLEFINANCE(B218,""volume""),"""")","=IFERROR(INDEX(GOOGLEFINANCE(B218,""close"",WORKDAY(TODAY(),-1),TODAY()),2,2),"""")","=IFERROR(INDEX(GOOGLEFINANCE(B218,""close"",WORKDAY(TODAY(),-5),TODAY()),2,2),"""")","=IFERROR(INDEX(GOOGLEFINANCE(B218,""close"",EDATE(TODAY(),-1),TODAY()),2,2),"""")","=IFERROR(INDEX(GOOGLEFINANCE(B218,""close"",EDATE(TODAY(),-3),TODAY()),2,2),"""")","=IFERROR(INDEX(GOOGLEFINANCE(B218,""close"",EDATE(TODAY(),-12),TODAY()),2,2),"""")","=IFERROR(INDEX(GOOGLEFINANCE(B218,""close"",EDATE(TODAY(),-24),TODAY()),2,2),"""")","=IFERROR(INDEX(GOOGLEFINANCE(B218,""close"",EDATE(TODAY(),-36),TODAY()),2,2),"""")","=IFERROR(INDEX(GOOGLEFINANCE(B218,""close"",EDATE(TODAY(),-60),TODAY()),2,2),"""")","=IFERROR(INDEX(GOOGLEFINANCE(B218,""close"",DATE(1970,1,1),TODAY()),2,2),"""")"
GD,GD,General Dynamics,Industrials,"=IFERROR(GOOGLEFINANCE(B219,""price""),"""")","=IFERROR(GOOGLEFINANCE(B219,""marketcap""),"""")","=IFERROR(GOOGLEFINANCE(B219,""volume""),"""")","=IFERROR(INDEX(GOOGLEFINANCE(B219,""close"",WORKDAY(TODAY(),-1),TODAY()),2,2),"""")","=IFERROR(INDEX(GOOGLEFINANCE(B219,""close"",WORKDAY(TODAY(),-5),TODAY()),2,2),"""")","=IFERROR(INDEX(GOOGLEFINANCE(B219,""close"",EDATE(TODAY(),-1),TODAY()),2,2),"""")","=IFERROR(INDEX(GOOGLEFINANCE(B219,""close"",EDATE(TODAY(),-3),TODAY()),2,2),"""")","=IFERROR(INDEX(GOOGLEFINANCE(B219,""close"",EDATE(TODAY(),-12),TODAY()),2,2),"""")","=IFERROR(INDEX(GOOGLEFINANCE(B219,""close"",EDATE(TODAY(),-24),TODAY()),2,2),"""")","=IFERROR(INDEX(GOOGLEFINANCE(B219,""close"",EDATE(TODAY(),-36),TODAY()),2,2),"""")","=IFERROR(INDEX(GOOGLEFINANCE(B219,""close"",EDATE(TODAY(),-60),TODAY()),2,2),"""")","=IFERROR(INDEX(GOOGLEFINANCE(B219,""close"",DATE(1970,1,1),TODAY()),2,2),"""")"
GIS,GIS,General Mills,Consumer Staples,"=IFERROR(GOOGLEFINANCE(B220,""price""),"""")","=IFERROR(GOOGLEFINANCE(B220,""marketcap""),"""")","=IFERROR(GOOGLEFINANCE(B220,""volume""),"""")","=IFERROR(INDEX(GOOGLEFINANCE(B220,""close"",WORKDAY(TODAY(),-1),TODAY()),2,2),"""")","=IFERROR(INDEX(GOOGLEFINANCE(B220,""close"",WORKDAY(TODAY(),-5),TODAY()),2,2),"""")","=IFERROR(INDEX(GOOGLEFINANCE(B220,""close"",EDATE(TODAY(),-1),TODAY()),2,2),"""")","=IFERROR(INDEX(GOOGLEFINANCE(B220,""close"",EDATE(TODAY(),-3),TODAY()),2,2),"""")","=IFERROR(INDEX(GOOGLEFINANCE(B220,""close"",EDATE(TODAY(),-12),TODAY()),2,2),"""")","=IFERROR(INDEX(GOOGLEFINANCE(B220,""close"",EDATE(TODAY(),-24),TODAY()),2,2),"""")","=IFERROR(INDEX(GOOGLEFINANCE(B220,""close"",EDATE(TODAY(),-36),TODAY()),2,2),"""")","=IFERROR(INDEX(GOOGLEFINANCE(B220,""close"",EDATE(TODAY(),-60),TODAY()),2,2),"""")","=IFERROR(INDEX(GOOGLEFINANCE(B220,""close"",DATE(1970,1,1),TODAY()),2,2),"""")"
GM,GM,General Motors,Consumer Discretionary,"=IFERROR(GOOGLEFINANCE(B221,""price""),"""")","=IFERROR(GOOGLEFINANCE(B221,""marketcap""),"""")","=IFERROR(GOOGLEFINANCE(B221,""volume""),"""")","=IFERROR(INDEX(GOOGLEFINANCE(B221,""close"",WORKDAY(TODAY(),-1),TODAY()),2,2),"""")","=IFERROR(INDEX(GOOGLEFINANCE(B221,""close"",WORKDAY(TODAY(),-5),TODAY()),2,2),"""")","=IFERROR(INDEX(GOOGLEFINANCE(B221,""close"",EDATE(TODAY(),-1),TODAY()),2,2),"""")","=IFERROR(INDEX(GOOGLEFINANCE(B221,""close"",EDATE(TODAY(),-3),TODAY()),2,2),"""")","=IFERROR(INDEX(GOOGLEFINANCE(B221,""close"",EDATE(TODAY(),-12),TODAY()),2,2),"""")","=IFERROR(INDEX(GOOGLEFINANCE(B221,""close"",EDATE(TODAY(),-24),TODAY()),2,2),"""")","=IFERROR(INDEX(GOOGLEFINANCE(B221,""close"",EDATE(TODAY(),-36),TODAY()),2,2),"""")","=IFERROR(INDEX(GOOGLEFINANCE(B221,""close"",EDATE(TODAY(),-60),TODAY()),2,2),"""")","=IFERROR(INDEX(GOOGLEFINANCE(B221,""close"",DATE(1970,1,1),TODAY()),2,2),"""")"
GPC,GPC,Genuine Parts Company,Consumer Discretionary,"=IFERROR(GOOGLEFINANCE(B222,""price""),"""")","=IFERROR(GOOGLEFINANCE(B222,""marketcap""),"""")","=IFERROR(GOOGLEFINANCE(B222,""volume""),"""")","=IFERROR(INDEX(GOOGLEFINANCE(B222,""close"",WORKDAY(TODAY(),-1),TODAY()),2,2),"""")","=IFERROR(INDEX(GOOGLEFINANCE(B222,""close"",WORKDAY(TODAY(),-5),TODAY()),2,2),"""")","=IFERROR(INDEX(GOOGLEFINANCE(B222,""close"",EDATE(TODAY(),-1),TODAY()),2,2),"""")","=IFERROR(INDEX(GOOGLEFINANCE(B222,""close"",EDATE(TODAY(),-3),TODAY()),2,2),"""")","=IFERROR(INDEX(GOOGLEFINANCE(B222,""close"",EDATE(TODAY(),-12),TODAY()),2,2),"""")","=IFERROR(INDEX(GOOGLEFINANCE(B222,""close"",EDATE(TODAY(),-24),TODAY()),2,2),"""")","=IFERROR(INDEX(GOOGLEFINANCE(B222,""close"",EDATE(TODAY(),-36),TODAY()),2,2),"""")","=IFERROR(INDEX(GOOGLEFINANCE(B222,""close"",EDATE(TODAY(),-60),TODAY()),2,2),"""")","=IFERROR(INDEX(GOOGLEFINANCE(B222,""close"",DATE(1970,1,1),TODAY()),2,2),"""")"
GILD,GILD,Gilead Sciences,Health Care,"=IFERROR(GOOGLEFINANCE(B223,""price""),"""")","=IFERROR(GOOGLEFINANCE(B223,""marketcap""),"""")","=IFERROR(GOOGLEFINANCE(B223,""volume""),"""")","=IFERROR(INDEX(GOOGLEFINANCE(B223,""close"",WORKDAY(TODAY(),-1),TODAY()),2,2),"""")","=IFERROR(INDEX(GOOGLEFINANCE(B223,""close"",WORKDAY(TODAY(),-5),TODAY()),2,2),"""")","=IFERROR(INDEX(GOOGLEFINANCE(B223,""close"",EDATE(TODAY(),-1),TODAY()),2,2),"""")","=IFERROR(INDEX(GOOGLEFINANCE(B223,""close"",EDATE(TODAY(),-3),TODAY()),2,2),"""")","=IFERROR(INDEX(GOOGLEFINANCE(B223,""close"",EDATE(TODAY(),-12),TODAY()),2,2),"""")","=IFERROR(INDEX(GOOGLEFINANCE(B223,""close"",EDATE(TODAY(),-24),TODAY()),2,2),"""")","=IFERROR(INDEX(GOOGLEFINANCE(B223,""close"",EDATE(TODAY(),-36),TODAY()),2,2),"""")","=IFERROR(INDEX(GOOGLEFINANCE(B223,""close"",EDATE(TODAY(),-60),TODAY()),2,2),"""")","=IFERROR(INDEX(GOOGLEFINANCE(B223,""close"",DATE(1970,1,1),TODAY()),2,2),"""")"
GPN,GPN,Global Payments,Financials,"=IFERROR(GOOGLEFINANCE(B224,""price""),"""")","=IFERROR(GOOGLEFINANCE(B224,""marketcap""),"""")","=IFERROR(GOOGLEFINANCE(B224,""volume""),"""")","=IFERROR(INDEX(GOOGLEFINANCE(B224,""close"",WORKDAY(TODAY(),-1),TODAY()),2,2),"""")","=IFERROR(INDEX(GOOGLEFINANCE(B224,""close"",WORKDAY(TODAY(),-5),TODAY()),2,2),"""")","=IFERROR(INDEX(GOOGLEFINANCE(B224,""close"",EDATE(TODAY(),-1),TODAY()),2,2),"""")","=IFERROR(INDEX(GOOGLEFINANCE(B224,""close"",EDATE(TODAY(),-3),TODAY()),2,2),"""")","=IFERROR(INDEX(GOOGLEFINANCE(B224,""close"",EDATE(TODAY(),-12),TODAY()),2,2),"""")","=IFERROR(INDEX(GOOGLEFINANCE(B224,""close"",EDATE(TODAY(),-24),TODAY()),2,2),"""")","=IFERROR(INDEX(GOOGLEFINANCE(B224,""close"",EDATE(TODAY(),-36),TODAY()),2,2),"""")","=IFERROR(INDEX(GOOGLEFINANCE(B224,""close"",EDATE(TODAY(),-60),TODAY()),2,2),"""")","=IFERROR(INDEX(GOOGLEFINANCE(B224,""close"",DATE(1970,1,1),TODAY()),2,2),"""")"
GL,GL,Globe Life,Financials,"=IFERROR(GOOGLEFINANCE(B225,""price""),"""")","=IFERROR(GOOGLEFINANCE(B225,""marketcap""),"""")","=IFERROR(GOOGLEFINANCE(B225,""volume""),"""")","=IFERROR(INDEX(GOOGLEFINANCE(B225,""close"",WORKDAY(TODAY(),-1),TODAY()),2,2),"""")","=IFERROR(INDEX(GOOGLEFINANCE(B225,""close"",WORKDAY(TODAY(),-5),TODAY()),2,2),"""")","=IFERROR(INDEX(GOOGLEFINANCE(B225,""close"",EDATE(TODAY(),-1),TODAY()),2,2),"""")","=IFERROR(INDEX(GOOGLEFINANCE(B225,""close"",EDATE(TODAY(),-3),TODAY()),2,2),"""")","=IFERROR(INDEX(GOOGLEFINANCE(B225,""close"",EDATE(TODAY(),-12),TODAY()),2,2),"""")","=IFERROR(INDEX(GOOGLEFINANCE(B225,""close"",EDATE(TODAY(),-24),TODAY()),2,2),"""")","=IFERROR(INDEX(GOOGLEFINANCE(B225,""close"",EDATE(TODAY(),-36),TODAY()),2,2),"""")","=IFERROR(INDEX(GOOGLEFINANCE(B225,""close"",EDATE(TODAY(),-60),TODAY()),2,2),"""")","=IFERROR(INDEX(GOOGLEFINANCE(B225,""close"",DATE(1970,1,1),TODAY()),2,2),"""")"
GDDY,GDDY,GoDaddy,Information Technology,"=IFERROR(GOOGLEFINANCE(B226,""price""),"""")","=IFERROR(GOOGLEFINANCE(B226,""marketcap""),"""")","=IFERROR(GOOGLEFINANCE(B226,""volume""),"""")","=IFERROR(INDEX(GOOGLEFINANCE(B226,""close"",WORKDAY(TODAY(),-1),TODAY()),2,2),"""")","=IFERROR(INDEX(GOOGLEFINANCE(B226,""close"",WORKDAY(TODAY(),-5),TODAY()),2,2),"""")","=IFERROR(INDEX(GOOGLEFINANCE(B226,""close"",EDATE(TODAY(),-1),TODAY()),2,2),"""")","=IFERROR(INDEX(GOOGLEFINANCE(B226,""close"",EDATE(TODAY(),-3),TODAY()),2,2),"""")","=IFERROR(INDEX(GOOGLEFINANCE(B226,""close"",EDATE(TODAY(),-12),TODAY()),2,2),"""")","=IFERROR(INDEX(GOOGLEFINANCE(B226,""close"",EDATE(TODAY(),-24),TODAY()),2,2),"""")","=IFERROR(INDEX(GOOGLEFINANCE(B226,""close"",EDATE(TODAY(),-36),TODAY()),2,2),"""")","=IFERROR(INDEX(GOOGLEFINANCE(B226,""close"",EDATE(TODAY(),-60),TODAY()),2,2),"""")","=IFERROR(INDEX(GOOGLEFINANCE(B226,""close"",DATE(1970,1,1),TODAY()),2,2),"""")"
GS,GS,Goldman Sachs,Financials,"=IFERROR(GOOGLEFINANCE(B227,""price""),"""")","=IFERROR(GOOGLEFINANCE(B227,""marketcap""),"""")","=IFERROR(GOOGLEFINANCE(B227,""volume""),"""")","=IFERROR(INDEX(GOOGLEFINANCE(B227,""close"",WORKDAY(TODAY(),-1),TODAY()),2,2),"""")","=IFERROR(INDEX(GOOGLEFINANCE(B227,""close"",WORKDAY(TODAY(),-5),TODAY()),2,2),"""")","=IFERROR(INDEX(GOOGLEFINANCE(B227,""close"",EDATE(TODAY(),-1),TODAY()),2,2),"""")","=IFERROR(INDEX(GOOGLEFINANCE(B227,""close"",EDATE(TODAY(),-3),TODAY()),2,2),"""")","=IFERROR(INDEX(GOOGLEFINANCE(B227,""close"",EDATE(TODAY(),-12),TODAY()),2,2),"""")","=IFERROR(INDEX(GOOGLEFINANCE(B227,""close"",EDATE(TODAY(),-24),TODAY()),2,2),"""")","=IFERROR(INDEX(GOOGLEFINANCE(B227,""close"",EDATE(TODAY(),-36),TODAY()),2,2),"""")","=IFERROR(INDEX(GOOGLEFINANCE(B227,""close"",EDATE(TODAY(),-60),TODAY()),2,2),"""")","=IFERROR(INDEX(GOOGLEFINANCE(B227,""close"",DATE(1970,1,1),TODAY()),2,2),"""")"
HAL,HAL,Halliburton,Energy,"=IFERROR(GOOGLEFINANCE(B228,""price""),"""")","=IFERROR(GOOGLEFINANCE(B228,""marketcap""),"""")","=IFERROR(GOOGLEFINANCE(B228,""volume""),"""")","=IFERROR(INDEX(GOOGLEFINANCE(B228,""close"",WORKDAY(TODAY(),-1),TODAY()),2,2),"""")","=IFERROR(INDEX(GOOGLEFINANCE(B228,""close"",WORKDAY(TODAY(),-5),TODAY()),2,2),"""")","=IFERROR(INDEX(GOOGLEFINANCE(B228,""close"",EDATE(TODAY(),-1),TODAY()),2,2),"""")","=IFERROR(INDEX(GOOGLEFINANCE(B228,""close"",EDATE(TODAY(),-3),TODAY()),2,2),"""")","=IFERROR(INDEX(GOOGLEFINANCE(B228,""close"",EDATE(TODAY(),-12),TODAY()),2,2),"""")","=IFERROR(INDEX(GOOGLEFINANCE(B228,""close"",EDATE(TODAY(),-24),TODAY()),2,2),"""")","=IFERROR(INDEX(GOOGLEFINANCE(B228,""close"",EDATE(TODAY(),-36),TODAY()),2,2),"""")","=IFERROR(INDEX(GOOGLEFINANCE(B228,""close"",EDATE(TODAY(),-60),TODAY()),2,2),"""")","=IFERROR(INDEX(GOOGLEFINANCE(B228,""close"",DATE(1970,1,1),TODAY()),2,2),"""")"
HIG,HIG,Hartford (The),Financials,"=IFERROR(GOOGLEFINANCE(B229,""price""),"""")","=IFERROR(GOOGLEFINANCE(B229,""marketcap""),"""")","=IFERROR(GOOGLEFINANCE(B229,""volume""),"""")","=IFERROR(INDEX(GOOGLEFINANCE(B229,""close"",WORKDAY(TODAY(),-1),TODAY()),2,2),"""")","=IFERROR(INDEX(GOOGLEFINANCE(B229,""close"",WORKDAY(TODAY(),-5),TODAY()),2,2),"""")","=IFERROR(INDEX(GOOGLEFINANCE(B229,""close"",EDATE(TODAY(),-1),TODAY()),2,2),"""")","=IFERROR(INDEX(GOOGLEFINANCE(B229,""close"",EDATE(TODAY(),-3),TODAY()),2,2),"""")","=IFERROR(INDEX(GOOGLEFINANCE(B229,""close"",EDATE(TODAY(),-12),TODAY()),2,2),"""")","=IFERROR(INDEX(GOOGLEFINANCE(B229,""close"",EDATE(TODAY(),-24),TODAY()),2,2),"""")","=IFERROR(INDEX(GOOGLEFINANCE(B229,""close"",EDATE(TODAY(),-36),TODAY()),2,2),"""")","=IFERROR(INDEX(GOOGLEFINANCE(B229,""close"",EDATE(TODAY(),-60),TODAY()),2,2),"""")","=IFERROR(INDEX(GOOGLEFINANCE(B229,""close"",DATE(1970,1,1),TODAY()),2,2),"""")"
HAS,HAS,Hasbro,Consumer Discretionary,"=IFERROR(GOOGLEFINANCE(B230,""price""),"""")","=IFERROR(GOOGLEFINANCE(B230,""marketcap""),"""")","=IFERROR(GOOGLEFINANCE(B230,""volume""),"""")","=IFERROR(INDEX(GOOGLEFINANCE(B230,""close"",WORKDAY(TODAY(),-1),TODAY()),2,2),"""")","=IFERROR(INDEX(GOOGLEFINANCE(B230,""close"",WORKDAY(TODAY(),-5),TODAY()),2,2),"""")","=IFERROR(INDEX(GOOGLEFINANCE(B230,""close"",EDATE(TODAY(),-1),TODAY()),2,2),"""")","=IFERROR(INDEX(GOOGLEFINANCE(B230,""close"",EDATE(TODAY(),-3),TODAY()),2,2),"""")","=IFERROR(INDEX(GOOGLEFINANCE(B230,""close"",EDATE(TODAY(),-12),TODAY()),2,2),"""")","=IFERROR(INDEX(GOOGLEFINANCE(B230,""close"",EDATE(TODAY(),-24),TODAY()),2,2),"""")","=IFERROR(INDEX(GOOGLEFINANCE(B230,""close"",EDATE(TODAY(),-36),TODAY()),2,2),"""")","=IFERROR(INDEX(GOOGLEFINANCE(B230,""close"",EDATE(TODAY(),-60),TODAY()),2,2),"""")","=IFERROR(INDEX(GOOGLEFINANCE(B230,""close"",DATE(1970,1,1),TODAY()),2,2),"""")"
HCA,HCA,HCA Healthcare,Health Care,"=IFERROR(GOOGLEFINANCE(B231,""price""),"""")","=IFERROR(GOOGLEFINANCE(B231,""marketcap""),"""")","=IFERROR(GOOGLEFINANCE(B231,""volume""),"""")","=IFERROR(INDEX(GOOGLEFINANCE(B231,""close"",WORKDAY(TODAY(),-1),TODAY()),2,2),"""")","=IFERROR(INDEX(GOOGLEFINANCE(B231,""close"",WORKDAY(TODAY(),-5),TODAY()),2,2),"""")","=IFERROR(INDEX(GOOGLEFINANCE(B231,""close"",EDATE(TODAY(),-1),TODAY()),2,2),"""")","=IFERROR(INDEX(GOOGLEFINANCE(B231,""close"",EDATE(TODAY(),-3),TODAY()),2,2),"""")","=IFERROR(INDEX(GOOGLEFINANCE(B231,""close"",EDATE(TODAY(),-12),TODAY()),2,2),"""")","=IFERROR(INDEX(GOOGLEFINANCE(B231,""close"",EDATE(TODAY(),-24),TODAY()),2,2),"""")","=IFERROR(INDEX(GOOGLEFINANCE(B231,""close"",EDATE(TODAY(),-36),TODAY()),2,2),"""")","=IFERROR(INDEX(GOOGLEFINANCE(B231,""close"",EDATE(TODAY(),-60),TODAY()),2,2),"""")","=IFERROR(INDEX(GOOGLEFINANCE(B231,""close"",DATE(1970,1,1),TODAY()),2,2),"""")"
DOC,DOC,Healthpeak Properties,Real Estate,"=IFERROR(GOOGLEFINANCE(B232,""price""),"""")","=IFERROR(GOOGLEFINANCE(B232,""marketcap""),"""")","=IFERROR(GOOGLEFINANCE(B232,""volume""),"""")","=IFERROR(INDEX(GOOGLEFINANCE(B232,""close"",WORKDAY(TODAY(),-1),TODAY()),2,2),"""")","=IFERROR(INDEX(GOOGLEFINANCE(B232,""close"",WORKDAY(TODAY(),-5),TODAY()),2,2),"""")","=IFERROR(INDEX(GOOGLEFINANCE(B232,""close"",EDATE(TODAY(),-1),TODAY()),2,2),"""")","=IFERROR(INDEX(GOOGLEFINANCE(B232,""close"",EDATE(TODAY(),-3),TODAY()),2,2),"""")","=IFERROR(INDEX(GOOGLEFINANCE(B232,""close"",EDATE(TODAY(),-12),TODAY()),2,2),"""")","=IFERROR(INDEX(GOOGLEFINANCE(B232,""close"",EDATE(TODAY(),-24),TODAY()),2,2),"""")","=IFERROR(INDEX(GOOGLEFINANCE(B232,""close"",EDATE(TODAY(),-36),TODAY()),2,2),"""")","=IFERROR(INDEX(GOOGLEFINANCE(B232,""close"",EDATE(TODAY(),-60),TODAY()),2,2),"""")","=IFERROR(INDEX(GOOGLEFINANCE(B232,""close"",DATE(1970,1,1),TODAY()),2,2),"""")"
HSIC,HSIC,Henry Schein,Health Care,"=IFERROR(GOOGLEFINANCE(B233,""price""),"""")","=IFERROR(GOOGLEFINANCE(B233,""marketcap""),"""")","=IFERROR(GOOGLEFINANCE(B233,""volume""),"""")","=IFERROR(INDEX(GOOGLEFINANCE(B233,""close"",WORKDAY(TODAY(),-1),TODAY()),2,2),"""")","=IFERROR(INDEX(GOOGLEFINANCE(B233,""close"",WORKDAY(TODAY(),-5),TODAY()),2,2),"""")","=IFERROR(INDEX(GOOGLEFINANCE(B233,""close"",EDATE(TODAY(),-1),TODAY()),2,2),"""")","=IFERROR(INDEX(GOOGLEFINANCE(B233,""close"",EDATE(TODAY(),-3),TODAY()),2,2),"""")","=IFERROR(INDEX(GOOGLEFINANCE(B233,""close"",EDATE(TODAY(),-12),TODAY()),2,2),"""")","=IFERROR(INDEX(GOOGLEFINANCE(B233,""close"",EDATE(TODAY(),-24),TODAY()),2,2),"""")","=IFERROR(INDEX(GOOGLEFINANCE(B233,""close"",EDATE(TODAY(),-36),TODAY()),2,2),"""")","=IFERROR(INDEX(GOOGLEFINANCE(B233,""close"",EDATE(TODAY(),-60),TODAY()),2,2),"""")","=IFERROR(INDEX(GOOGLEFINANCE(B233,""close"",DATE(1970,1,1),TODAY()),2,2),"""")"
HSY,HSY,Hershey Company (The),Consumer Staples,"=IFERROR(GOOGLEFINANCE(B234,""price""),"""")","=IFERROR(GOOGLEFINANCE(B234,""marketcap""),"""")","=IFERROR(GOOGLEFINANCE(B234,""volume""),"""")","=IFERROR(INDEX(GOOGLEFINANCE(B234,""close"",WORKDAY(TODAY(),-1),TODAY()),2,2),"""")","=IFERROR(INDEX(GOOGLEFINANCE(B234,""close"",WORKDAY(TODAY(),-5),TODAY()),2,2),"""")","=IFERROR(INDEX(GOOGLEFINANCE(B234,""close"",EDATE(TODAY(),-1),TODAY()),2,2),"""")","=IFERROR(INDEX(GOOGLEFINANCE(B234,""close"",EDATE(TODAY(),-3),TODAY()),2,2),"""")","=IFERROR(INDEX(GOOGLEFINANCE(B234,""close"",EDATE(TODAY(),-12),TODAY()),2,2),"""")","=IFERROR(INDEX(GOOGLEFINANCE(B234,""close"",EDATE(TODAY(),-24),TODAY()),2,2),"""")","=IFERROR(INDEX(GOOGLEFINANCE(B234,""close"",EDATE(TODAY(),-36),TODAY()),2,2),"""")","=IFERROR(INDEX(GOOGLEFINANCE(B234,""close"",EDATE(TODAY(),-60),TODAY()),2,2),"""")","=IFERROR(INDEX(GOOGLEFINANCE(B234,""close"",DATE(1970,1,1),TODAY()),2,2),"""")"
HPE,HPE,Hewlett Packard Enterprise,Information Technology,"=IFERROR(GOOGLEFINANCE(B235,""price""),"""")","=IFERROR(GOOGLEFINANCE(B235,""marketcap""),"""")","=IFERROR(GOOGLEFINANCE(B235,""volume""),"""")","=IFERROR(INDEX(GOOGLEFINANCE(B235,""close"",WORKDAY(TODAY(),-1),TODAY()),2,2),"""")","=IFERROR(INDEX(GOOGLEFINANCE(B235,""close"",WORKDAY(TODAY(),-5),TODAY()),2,2),"""")","=IFERROR(INDEX(GOOGLEFINANCE(B235,""close"",EDATE(TODAY(),-1),TODAY()),2,2),"""")","=IFERROR(INDEX(GOOGLEFINANCE(B235,""close"",EDATE(TODAY(),-3),TODAY()),2,2),"""")","=IFERROR(INDEX(GOOGLEFINANCE(B235,""close"",EDATE(TODAY(),-12),TODAY()),2,2),"""")","=IFERROR(INDEX(GOOGLEFINANCE(B235,""close"",EDATE(TODAY(),-24),TODAY()),2,2),"""")","=IFERROR(INDEX(GOOGLEFINANCE(B235,""close"",EDATE(TODAY(),-36),TODAY()),2,2),"""")","=IFERROR(INDEX(GOOGLEFINANCE(B235,""close"",EDATE(TODAY(),-60),TODAY()),2,2),"""")","=IFERROR(INDEX(GOOGLEFINANCE(B235,""close"",DATE(1970,1,1),TODAY()),2,2),"""")"
HLT,HLT,Hilton Worldwide,Consumer Discretionary,"=IFERROR(GOOGLEFINANCE(B236,""price""),"""")","=IFERROR(GOOGLEFINANCE(B236,""marketcap""),"""")","=IFERROR(GOOGLEFINANCE(B236,""volume""),"""")","=IFERROR(INDEX(GOOGLEFINANCE(B236,""close"",WORKDAY(TODAY(),-1),TODAY()),2,2),"""")","=IFERROR(INDEX(GOOGLEFINANCE(B236,""close"",WORKDAY(TODAY(),-5),TODAY()),2,2),"""")","=IFERROR(INDEX(GOOGLEFINANCE(B236,""close"",EDATE(TODAY(),-1),TODAY()),2,2),"""")","=IFERROR(INDEX(GOOGLEFINANCE(B236,""close"",EDATE(TODAY(),-3),TODAY()),2,2),"""")","=IFERROR(INDEX(GOOGLEFINANCE(B236,""close"",EDATE(TODAY(),-12),TODAY()),2,2),"""")","=IFERROR(INDEX(GOOGLEFINANCE(B236,""close"",EDATE(TODAY(),-24),TODAY()),2,2),"""")","=IFERROR(INDEX(GOOGLEFINANCE(B236,""close"",EDATE(TODAY(),-36),TODAY()),2,2),"""")","=IFERROR(INDEX(GOOGLEFINANCE(B236,""close"",EDATE(TODAY(),-60),TODAY()),2,2),"""")","=IFERROR(INDEX(GOOGLEFINANCE(B236,""close"",DATE(1970,1,1),TODAY()),2,2),"""")"
HD,HD,Home Depot (The),Consumer Discretionary,"=IFERROR(GOOGLEFINANCE(B237,""price""),"""")","=IFERROR(GOOGLEFINANCE(B237,""marketcap""),"""")","=IFERROR(GOOGLEFINANCE(B237,""volume""),"""")","=IFERROR(INDEX(GOOGLEFINANCE(B237,""close"",WORKDAY(TODAY(),-1),TODAY()),2,2),"""")","=IFERROR(INDEX(GOOGLEFINANCE(B237,""close"",WORKDAY(TODAY(),-5),TODAY()),2,2),"""")","=IFERROR(INDEX(GOOGLEFINANCE(B237,""close"",EDATE(TODAY(),-1),TODAY()),2,2),"""")","=IFERROR(INDEX(GOOGLEFINANCE(B237,""close"",EDATE(TODAY(),-3),TODAY()),2,2),"""")","=IFERROR(INDEX(GOOGLEFINANCE(B237,""close"",EDATE(TODAY(),-12),TODAY()),2,2),"""")","=IFERROR(INDEX(GOOGLEFINANCE(B237,""close"",EDATE(TODAY(),-24),TODAY()),2,2),"""")","=IFERROR(INDEX(GOOGLEFINANCE(B237,""close"",EDATE(TODAY(),-36),TODAY()),2,2),"""")","=IFERROR(INDEX(GOOGLEFINANCE(B237,""close"",EDATE(TODAY(),-60),TODAY()),2,2),"""")","=IFERROR(INDEX(GOOGLEFINANCE(B237,""close"",DATE(1970,1,1),TODAY()),2,2),"""")"
HON,HON,Honeywell,Industrials,"=IFERROR(GOOGLEFINANCE(B238,""price""),"""")","=IFERROR(GOOGLEFINANCE(B238,""marketcap""),"""")","=IFERROR(GOOGLEFINANCE(B238,""volume""),"""")","=IFERROR(INDEX(GOOGLEFINANCE(B238,""close"",WORKDAY(TODAY(),-1),TODAY()),2,2),"""")","=IFERROR(INDEX(GOOGLEFINANCE(B238,""close"",WORKDAY(TODAY(),-5),TODAY()),2,2),"""")","=IFERROR(INDEX(GOOGLEFINANCE(B238,""close"",EDATE(TODAY(),-1),TODAY()),2,2),"""")","=IFERROR(INDEX(GOOGLEFINANCE(B238,""close"",EDATE(TODAY(),-3),TODAY()),2,2),"""")","=IFERROR(INDEX(GOOGLEFINANCE(B238,""close"",EDATE(TODAY(),-12),TODAY()),2,2),"""")","=IFERROR(INDEX(GOOGLEFINANCE(B238,""close"",EDATE(TODAY(),-24),TODAY()),2,2),"""")","=IFERROR(INDEX(GOOGLEFINANCE(B238,""close"",EDATE(TODAY(),-36),TODAY()),2,2),"""")","=IFERROR(INDEX(GOOGLEFINANCE(B238,""close"",EDATE(TODAY(),-60),TODAY()),2,2),"""")","=IFERROR(INDEX(GOOGLEFINANCE(B238,""close"",DATE(1970,1,1),TODAY()),2,2),"""")"
HRL,HRL,Hormel Foods,Consumer Staples,"=IFERROR(GOOGLEFINANCE(B239,""price""),"""")","=IFERROR(GOOGLEFINANCE(B239,""marketcap""),"""")","=IFERROR(GOOGLEFINANCE(B239,""volume""),"""")","=IFERROR(INDEX(GOOGLEFINANCE(B239,""close"",WORKDAY(TODAY(),-1),TODAY()),2,2),"""")","=IFERROR(INDEX(GOOGLEFINANCE(B239,""close"",WORKDAY(TODAY(),-5),TODAY()),2,2),"""")","=IFERROR(INDEX(GOOGLEFINANCE(B239,""close"",EDATE(TODAY(),-1),TODAY()),2,2),"""")","=IFERROR(INDEX(GOOGLEFINANCE(B239,""close"",EDATE(TODAY(),-3),TODAY()),2,2),"""")","=IFERROR(INDEX(GOOGLEFINANCE(B239,""close"",EDATE(TODAY(),-12),TODAY()),2,2),"""")","=IFERROR(INDEX(GOOGLEFINANCE(B239,""close"",EDATE(TODAY(),-24),TODAY()),2,2),"""")","=IFERROR(INDEX(GOOGLEFINANCE(B239,""close"",EDATE(TODAY(),-36),TODAY()),2,2),"""")","=IFERROR(INDEX(GOOGLEFINANCE(B239,""close"",EDATE(TODAY(),-60),TODAY()),2,2),"""")","=IFERROR(INDEX(GOOGLEFINANCE(B239,""close"",DATE(1970,1,1),TODAY()),2,2),"""")"
HST,HST,Host Hotels & Resorts,Real Estate,"=IFERROR(GOOGLEFINANCE(B240,""price""),"""")","=IFERROR(GOOGLEFINANCE(B240,""marketcap""),"""")","=IFERROR(GOOGLEFINANCE(B240,""volume""),"""")","=IFERROR(INDEX(GOOGLEFINANCE(B240,""close"",WORKDAY(TODAY(),-1),TODAY()),2,2),"""")","=IFERROR(INDEX(GOOGLEFINANCE(B240,""close"",WORKDAY(TODAY(),-5),TODAY()),2,2),"""")","=IFERROR(INDEX(GOOGLEFINANCE(B240,""close"",EDATE(TODAY(),-1),TODAY()),2,2),"""")","=IFERROR(INDEX(GOOGLEFINANCE(B240,""close"",EDATE(TODAY(),-3),TODAY()),2,2),"""")","=IFERROR(INDEX(GOOGLEFINANCE(B240,""close"",EDATE(TODAY(),-12),TODAY()),2,2),"""")","=IFERROR(INDEX(GOOGLEFINANCE(B240,""close"",EDATE(TODAY(),-24),TODAY()),2,2),"""")","=IFERROR(INDEX(GOOGLEFINANCE(B240,""close"",EDATE(TODAY(),-36),TODAY()),2,2),"""")","=IFERROR(INDEX(GOOGLEFINANCE(B240,""close"",EDATE(TODAY(),-60),TODAY()),2,2),"""")","=IFERROR(INDEX(GOOGLEFINANCE(B240,""close"",DATE(1970,1,1),TODAY()),2,2),"""")"
HWM,HWM,Howmet Aerospace,Industrials,"=IFERROR(GOOGLEFINANCE(B241,""price""),"""")","=IFERROR(GOOGLEFINANCE(B241,""marketcap""),"""")","=IFERROR(GOOGLEFINANCE(B241,""volume""),"""")","=IFERROR(INDEX(GOOGLEFINANCE(B241,""close"",WORKDAY(TODAY(),-1),TODAY()),2,2),"""")","=IFERROR(INDEX(GOOGLEFINANCE(B241,""close"",WORKDAY(TODAY(),-5),TODAY()),2,2),"""")","=IFERROR(INDEX(GOOGLEFINANCE(B241,""close"",EDATE(TODAY(),-1),TODAY()),2,2),"""")","=IFERROR(INDEX(GOOGLEFINANCE(B241,""close"",EDATE(TODAY(),-3),TODAY()),2,2),"""")","=IFERROR(INDEX(GOOGLEFINANCE(B241,""close"",EDATE(TODAY(),-12),TODAY()),2,2),"""")","=IFERROR(INDEX(GOOGLEFINANCE(B241,""close"",EDATE(TODAY(),-24),TODAY()),2,2),"""")","=IFERROR(INDEX(GOOGLEFINANCE(B241,""close"",EDATE(TODAY(),-36),TODAY()),2,2),"""")","=IFERROR(INDEX(GOOGLEFINANCE(B241,""close"",EDATE(TODAY(),-60),TODAY()),2,2),"""")","=IFERROR(INDEX(GOOGLEFINANCE(B241,""close"",DATE(1970,1,1),TODAY()),2,2),"""")"
HPQ,HPQ,HP Inc.,Information Technology,"=IFERROR(GOOGLEFINANCE(B242,""price""),"""")","=IFERROR(GOOGLEFINANCE(B242,""marketcap""),"""")","=IFERROR(GOOGLEFINANCE(B242,""volume""),"""")","=IFERROR(INDEX(GOOGLEFINANCE(B242,""close"",WORKDAY(TODAY(),-1),TODAY()),2,2),"""")","=IFERROR(INDEX(GOOGLEFINANCE(B242,""close"",WORKDAY(TODAY(),-5),TODAY()),2,2),"""")","=IFERROR(INDEX(GOOGLEFINANCE(B242,""close"",EDATE(TODAY(),-1),TODAY()),2,2),"""")","=IFERROR(INDEX(GOOGLEFINANCE(B242,""close"",EDATE(TODAY(),-3),TODAY()),2,2),"""")","=IFERROR(INDEX(GOOGLEFINANCE(B242,""close"",EDATE(TODAY(),-12),TODAY()),2,2),"""")","=IFERROR(INDEX(GOOGLEFINANCE(B242,""close"",EDATE(TODAY(),-24),TODAY()),2,2),"""")","=IFERROR(INDEX(GOOGLEFINANCE(B242,""close"",EDATE(TODAY(),-36),TODAY()),2,2),"""")","=IFERROR(INDEX(GOOGLEFINANCE(B242,""close"",EDATE(TODAY(),-60),TODAY()),2,2),"""")","=IFERROR(INDEX(GOOGLEFINANCE(B242,""close"",DATE(1970,1,1),TODAY()),2,2),"""")"
HUBB,HUBB,Hubbell Incorporated,Industrials,"=IFERROR(GOOGLEFINANCE(B243,""price""),"""")","=IFERROR(GOOGLEFINANCE(B243,""marketcap""),"""")","=IFERROR(GOOGLEFINANCE(B243,""volume""),"""")","=IFERROR(INDEX(GOOGLEFINANCE(B243,""close"",WORKDAY(TODAY(),-1),TODAY()),2,2),"""")","=IFERROR(INDEX(GOOGLEFINANCE(B243,""close"",WORKDAY(TODAY(),-5),TODAY()),2,2),"""")","=IFERROR(INDEX(GOOGLEFINANCE(B243,""close"",EDATE(TODAY(),-1),TODAY()),2,2),"""")","=IFERROR(INDEX(GOOGLEFINANCE(B243,""close"",EDATE(TODAY(),-3),TODAY()),2,2),"""")","=IFERROR(INDEX(GOOGLEFINANCE(B243,""close"",EDATE(TODAY(),-12),TODAY()),2,2),"""")","=IFERROR(INDEX(GOOGLEFINANCE(B243,""close"",EDATE(TODAY(),-24),TODAY()),2,2),"""")","=IFERROR(INDEX(GOOGLEFINANCE(B243,""close"",EDATE(TODAY(),-36),TODAY()),2,2),"""")","=IFERROR(INDEX(GOOGLEFINANCE(B243,""close"",EDATE(TODAY(),-60),TODAY()),2,2),"""")","=IFERROR(INDEX(GOOGLEFINANCE(B243,""close"",DATE(1970,1,1),TODAY()),2,2),"""")"
HUM,HUM,Humana,Health Care,"=IFERROR(GOOGLEFINANCE(B244,""price""),"""")","=IFERROR(GOOGLEFINANCE(B244,""marketcap""),"""")","=IFERROR(GOOGLEFINANCE(B244,""volume""),"""")","=IFERROR(INDEX(GOOGLEFINANCE(B244,""close"",WORKDAY(TODAY(),-1),TODAY()),2,2),"""")","=IFERROR(INDEX(GOOGLEFINANCE(B244,""close"",WORKDAY(TODAY(),-5),TODAY()),2,2),"""")","=IFERROR(INDEX(GOOGLEFINANCE(B244,""close"",EDATE(TODAY(),-1),TODAY()),2,2),"""")","=IFERROR(INDEX(GOOGLEFINANCE(B244,""close"",EDATE(TODAY(),-3),TODAY()),2,2),"""")","=IFERROR(INDEX(GOOGLEFINANCE(B244,""close"",EDATE(TODAY(),-12),TODAY()),2,2),"""")","=IFERROR(INDEX(GOOGLEFINANCE(B244,""close"",EDATE(TODAY(),-24),TODAY()),2,2),"""")","=IFERROR(INDEX(GOOGLEFINANCE(B244,""close"",EDATE(TODAY(),-36),TODAY()),2,2),"""")","=IFERROR(INDEX(GOOGLEFINANCE(B244,""close"",EDATE(TODAY(),-60),TODAY()),2,2),"""")","=IFERROR(INDEX(GOOGLEFINANCE(B244,""close"",DATE(1970,1,1),TODAY()),2,2),"""")"
HBAN,HBAN,Huntington Bancshares,Financials,"=IFERROR(GOOGLEFINANCE(B245,""price""),"""")","=IFERROR(GOOGLEFINANCE(B245,""marketcap""),"""")","=IFERROR(GOOGLEFINANCE(B245,""volume""),"""")","=IFERROR(INDEX(GOOGLEFINANCE(B245,""close"",WORKDAY(TODAY(),-1),TODAY()),2,2),"""")","=IFERROR(INDEX(GOOGLEFINANCE(B245,""close"",WORKDAY(TODAY(),-5),TODAY()),2,2),"""")","=IFERROR(INDEX(GOOGLEFINANCE(B245,""close"",EDATE(TODAY(),-1),TODAY()),2,2),"""")","=IFERROR(INDEX(GOOGLEFINANCE(B245,""close"",EDATE(TODAY(),-3),TODAY()),2,2),"""")","=IFERROR(INDEX(GOOGLEFINANCE(B245,""close"",EDATE(TODAY(),-12),TODAY()),2,2),"""")","=IFERROR(INDEX(GOOGLEFINANCE(B245,""close"",EDATE(TODAY(),-24),TODAY()),2,2),"""")","=IFERROR(INDEX(GOOGLEFINANCE(B245,""close"",EDATE(TODAY(),-36),TODAY()),2,2),"""")","=IFERROR(INDEX(GOOGLEFINANCE(B245,""close"",EDATE(TODAY(),-60),TODAY()),2,2),"""")","=IFERROR(INDEX(GOOGLEFINANCE(B245,""close"",DATE(1970,1,1),TODAY()),2,2),"""")"
HII,HII,Huntington Ingalls Industries,Industrials,"=IFERROR(GOOGLEFINANCE(B246,""price""),"""")","=IFERROR(GOOGLEFINANCE(B246,""marketcap""),"""")","=IFERROR(GOOGLEFINANCE(B246,""volume""),"""")","=IFERROR(INDEX(GOOGLEFINANCE(B246,""close"",WORKDAY(TODAY(),-1),TODAY()),2,2),"""")","=IFERROR(INDEX(GOOGLEFINANCE(B246,""close"",WORKDAY(TODAY(),-5),TODAY()),2,2),"""")","=IFERROR(INDEX(GOOGLEFINANCE(B246,""close"",EDATE(TODAY(),-1),TODAY()),2,2),"""")","=IFERROR(INDEX(GOOGLEFINANCE(B246,""close"",EDATE(TODAY(),-3),TODAY()),2,2),"""")","=IFERROR(INDEX(GOOGLEFINANCE(B246,""close"",EDATE(TODAY(),-12),TODAY()),2,2),"""")","=IFERROR(INDEX(GOOGLEFINANCE(B246,""close"",EDATE(TODAY(),-24),TODAY()),2,2),"""")","=IFERROR(INDEX(GOOGLEFINANCE(B246,""close"",EDATE(TODAY(),-36),TODAY()),2,2),"""")","=IFERROR(INDEX(GOOGLEFINANCE(B246,""close"",EDATE(TODAY(),-60),TODAY()),2,2),"""")","=IFERROR(INDEX(GOOGLEFINANCE(B246,""close"",DATE(1970,1,1),TODAY()),2,2),"""")"
IBM,IBM,IBM,Information Technology,"=IFERROR(GOOGLEFINANCE(B247,""price""),"""")","=IFERROR(GOOGLEFINANCE(B247,""marketcap""),"""")","=IFERROR(GOOGLEFINANCE(B247,""volume""),"""")","=IFERROR(INDEX(GOOGLEFINANCE(B247,""close"",WORKDAY(TODAY(),-1),TODAY()),2,2),"""")","=IFERROR(INDEX(GOOGLEFINANCE(B247,""close"",WORKDAY(TODAY(),-5),TODAY()),2,2),"""")","=IFERROR(INDEX(GOOGLEFINANCE(B247,""close"",EDATE(TODAY(),-1),TODAY()),2,2),"""")","=IFERROR(INDEX(GOOGLEFINANCE(B247,""close"",EDATE(TODAY(),-3),TODAY()),2,2),"""")","=IFERROR(INDEX(GOOGLEFINANCE(B247,""close"",EDATE(TODAY(),-12),TODAY()),2,2),"""")","=IFERROR(INDEX(GOOGLEFINANCE(B247,""close"",EDATE(TODAY(),-24),TODAY()),2,2),"""")","=IFERROR(INDEX(GOOGLEFINANCE(B247,""close"",EDATE(TODAY(),-36),TODAY()),2,2),"""")","=IFERROR(INDEX(GOOGLEFINANCE(B247,""close"",EDATE(TODAY(),-60),TODAY()),2,2),"""")","=IFERROR(INDEX(GOOGLEFINANCE(B247,""close"",DATE(1970,1,1),TODAY()),2,2),"""")"
IEX,IEX,IDEX Corporation,Industrials,"=IFERROR(GOOGLEFINANCE(B248,""price""),"""")","=IFERROR(GOOGLEFINANCE(B248,""marketcap""),"""")","=IFERROR(GOOGLEFINANCE(B248,""volume""),"""")","=IFERROR(INDEX(GOOGLEFINANCE(B248,""close"",WORKDAY(TODAY(),-1),TODAY()),2,2),"""")","=IFERROR(INDEX(GOOGLEFINANCE(B248,""close"",WORKDAY(TODAY(),-5),TODAY()),2,2),"""")","=IFERROR(INDEX(GOOGLEFINANCE(B248,""close"",EDATE(TODAY(),-1),TODAY()),2,2),"""")","=IFERROR(INDEX(GOOGLEFINANCE(B248,""close"",EDATE(TODAY(),-3),TODAY()),2,2),"""")","=IFERROR(INDEX(GOOGLEFINANCE(B248,""close"",EDATE(TODAY(),-12),TODAY()),2,2),"""")","=IFERROR(INDEX(GOOGLEFINANCE(B248,""close"",EDATE(TODAY(),-24),TODAY()),2,2),"""")","=IFERROR(INDEX(GOOGLEFINANCE(B248,""close"",EDATE(TODAY(),-36),TODAY()),2,2),"""")","=IFERROR(INDEX(GOOGLEFINANCE(B248,""close"",EDATE(TODAY(),-60),TODAY()),2,2),"""")","=IFERROR(INDEX(GOOGLEFINANCE(B248,""close"",DATE(1970,1,1),TODAY()),2,2),"""")"
IDXX,IDXX,Idexx Laboratories,Health Care,"=IFERROR(GOOGLEFINANCE(B249,""price""),"""")","=IFERROR(GOOGLEFINANCE(B249,""marketcap""),"""")","=IFERROR(GOOGLEFINANCE(B249,""volume""),"""")","=IFERROR(INDEX(GOOGLEFINANCE(B249,""close"",WORKDAY(TODAY(),-1),TODAY()),2,2),"""")","=IFERROR(INDEX(GOOGLEFINANCE(B249,""close"",WORKDAY(TODAY(),-5),TODAY()),2,2),"""")","=IFERROR(INDEX(GOOGLEFINANCE(B249,""close"",EDATE(TODAY(),-1),TODAY()),2,2),"""")","=IFERROR(INDEX(GOOGLEFINANCE(B249,""close"",EDATE(TODAY(),-3),TODAY()),2,2),"""")","=IFERROR(INDEX(GOOGLEFINANCE(B249,""close"",EDATE(TODAY(),-12),TODAY()),2,2),"""")","=IFERROR(INDEX(GOOGLEFINANCE(B249,""close"",EDATE(TODAY(),-24),TODAY()),2,2),"""")","=IFERROR(INDEX(GOOGLEFINANCE(B249,""close"",EDATE(TODAY(),-36),TODAY()),2,2),"""")","=IFERROR(INDEX(GOOGLEFINANCE(B249,""close"",EDATE(TODAY(),-60),TODAY()),2,2),"""")","=IFERROR(INDEX(GOOGLEFINANCE(B249,""close"",DATE(1970,1,1),TODAY()),2,2),"""")"
ITW,ITW,Illinois Tool Works,Industrials,"=IFERROR(GOOGLEFINANCE(B250,""price""),"""")","=IFERROR(GOOGLEFINANCE(B250,""marketcap""),"""")","=IFERROR(GOOGLEFINANCE(B250,""volume""),"""")","=IFERROR(INDEX(GOOGLEFINANCE(B250,""close"",WORKDAY(TODAY(),-1),TODAY()),2,2),"""")","=IFERROR(INDEX(GOOGLEFINANCE(B250,""close"",WORKDAY(TODAY(),-5),TODAY()),2,2),"""")","=IFERROR(INDEX(GOOGLEFINANCE(B250,""close"",EDATE(TODAY(),-1),TODAY()),2,2),"""")","=IFERROR(INDEX(GOOGLEFINANCE(B250,""close"",EDATE(TODAY(),-3),TODAY()),2,2),"""")","=IFERROR(INDEX(GOOGLEFINANCE(B250,""close"",EDATE(TODAY(),-12),TODAY()),2,2),"""")","=IFERROR(INDEX(GOOGLEFINANCE(B250,""close"",EDATE(TODAY(),-24),TODAY()),2,2),"""")","=IFERROR(INDEX(GOOGLEFINANCE(B250,""close"",EDATE(TODAY(),-36),TODAY()),2,2),"""")","=IFERROR(INDEX(GOOGLEFINANCE(B250,""close"",EDATE(TODAY(),-60),TODAY()),2,2),"""")","=IFERROR(INDEX(GOOGLEFINANCE(B250,""close"",DATE(1970,1,1),TODAY()),2,2),"""")"
INCY,INCY,Incyte,Health Care,"=IFERROR(GOOGLEFINANCE(B251,""price""),"""")","=IFERROR(GOOGLEFINANCE(B251,""marketcap""),"""")","=IFERROR(GOOGLEFINANCE(B251,""volume""),"""")","=IFERROR(INDEX(GOOGLEFINANCE(B251,""close"",WORKDAY(TODAY(),-1),TODAY()),2,2),"""")","=IFERROR(INDEX(GOOGLEFINANCE(B251,""close"",WORKDAY(TODAY(),-5),TODAY()),2,2),"""")","=IFERROR(INDEX(GOOGLEFINANCE(B251,""close"",EDATE(TODAY(),-1),TODAY()),2,2),"""")","=IFERROR(INDEX(GOOGLEFINANCE(B251,""close"",EDATE(TODAY(),-3),TODAY()),2,2),"""")","=IFERROR(INDEX(GOOGLEFINANCE(B251,""close"",EDATE(TODAY(),-12),TODAY()),2,2),"""")","=IFERROR(INDEX(GOOGLEFINANCE(B251,""close"",EDATE(TODAY(),-24),TODAY()),2,2),"""")","=IFERROR(INDEX(GOOGLEFINANCE(B251,""close"",EDATE(TODAY(),-36),TODAY()),2,2),"""")","=IFERROR(INDEX(GOOGLEFINANCE(B251,""close"",EDATE(TODAY(),-60),TODAY()),2,2),"""")","=IFERROR(INDEX(GOOGLEFINANCE(B251,""close"",DATE(1970,1,1),TODAY()),2,2),"""")"
IR,IR,Ingersoll Rand,Industrials,"=IFERROR(GOOGLEFINANCE(B252,""price""),"""")","=IFERROR(GOOGLEFINANCE(B252,""marketcap""),"""")","=IFERROR(GOOGLEFINANCE(B252,""volume""),"""")","=IFERROR(INDEX(GOOGLEFINANCE(B252,""close"",WORKDAY(TODAY(),-1),TODAY()),2,2),"""")","=IFERROR(INDEX(GOOGLEFINANCE(B252,""close"",WORKDAY(TODAY(),-5),TODAY()),2,2),"""")","=IFERROR(INDEX(GOOGLEFINANCE(B252,""close"",EDATE(TODAY(),-1),TODAY()),2,2),"""")","=IFERROR(INDEX(GOOGLEFINANCE(B252,""close"",EDATE(TODAY(),-3),TODAY()),2,2),"""")","=IFERROR(INDEX(GOOGLEFINANCE(B252,""close"",EDATE(TODAY(),-12),TODAY()),2,2),"""")","=IFERROR(INDEX(GOOGLEFINANCE(B252,""close"",EDATE(TODAY(),-24),TODAY()),2,2),"""")","=IFERROR(INDEX(GOOGLEFINANCE(B252,""close"",EDATE(TODAY(),-36),TODAY()),2,2),"""")","=IFERROR(INDEX(GOOGLEFINANCE(B252,""close"",EDATE(TODAY(),-60),TODAY()),2,2),"""")","=IFERROR(INDEX(GOOGLEFINANCE(B252,""close"",DATE(1970,1,1),TODAY()),2,2),"""")"
PODD,PODD,Insulet Corporation,Health Care,"=IFERROR(GOOGLEFINANCE(B253,""price""),"""")","=IFERROR(GOOGLEFINANCE(B253,""marketcap""),"""")","=IFERROR(GOOGLEFINANCE(B253,""volume""),"""")","=IFERROR(INDEX(GOOGLEFINANCE(B253,""close"",WORKDAY(TODAY(),-1),TODAY()),2,2),"""")","=IFERROR(INDEX(GOOGLEFINANCE(B253,""close"",WORKDAY(TODAY(),-5),TODAY()),2,2),"""")","=IFERROR(INDEX(GOOGLEFINANCE(B253,""close"",EDATE(TODAY(),-1),TODAY()),2,2),"""")","=IFERROR(INDEX(GOOGLEFINANCE(B253,""close"",EDATE(TODAY(),-3),TODAY()),2,2),"""")","=IFERROR(INDEX(GOOGLEFINANCE(B253,""close"",EDATE(TODAY(),-12),TODAY()),2,2),"""")","=IFERROR(INDEX(GOOGLEFINANCE(B253,""close"",EDATE(TODAY(),-24),TODAY()),2,2),"""")","=IFERROR(INDEX(GOOGLEFINANCE(B253,""close"",EDATE(TODAY(),-36),TODAY()),2,2),"""")","=IFERROR(INDEX(GOOGLEFINANCE(B253,""close"",EDATE(TODAY(),-60),TODAY()),2,2),"""")","=IFERROR(INDEX(GOOGLEFINANCE(B253,""close"",DATE(1970,1,1),TODAY()),2,2),"""")"
INTC,INTC,Intel,Information Technology,"=IFERROR(GOOGLEFINANCE(B254,""price""),"""")","=IFERROR(GOOGLEFINANCE(B254,""marketcap""),"""")","=IFERROR(GOOGLEFINANCE(B254,""volume""),"""")","=IFERROR(INDEX(GOOGLEFINANCE(B254,""close"",WORKDAY(TODAY(),-1),TODAY()),2,2),"""")","=IFERROR(INDEX(GOOGLEFINANCE(B254,""close"",WORKDAY(TODAY(),-5),TODAY()),2,2),"""")","=IFERROR(INDEX(GOOGLEFINANCE(B254,""close"",EDATE(TODAY(),-1),TODAY()),2,2),"""")","=IFERROR(INDEX(GOOGLEFINANCE(B254,""close"",EDATE(TODAY(),-3),TODAY()),2,2),"""")","=IFERROR(INDEX(GOOGLEFINANCE(B254,""close"",EDATE(TODAY(),-12),TODAY()),2,2),"""")","=IFERROR(INDEX(GOOGLEFINANCE(B254,""close"",EDATE(TODAY(),-24),TODAY()),2,2),"""")","=IFERROR(INDEX(GOOGLEFINANCE(B254,""close"",EDATE(TODAY(),-36),TODAY()),2,2),"""")","=IFERROR(INDEX(GOOGLEFINANCE(B254,""close"",EDATE(TODAY(),-60),TODAY()),2,2),"""")","=IFERROR(INDEX(GOOGLEFINANCE(B254,""close"",DATE(1970,1,1),TODAY()),2,2),"""")"
IBKR,IBKR,Interactive Brokers,Financials,"=IFERROR(GOOGLEFINANCE(B255,""price""),"""")","=IFERROR(GOOGLEFINANCE(B255,""marketcap""),"""")","=IFERROR(GOOGLEFINANCE(B255,""volume""),"""")","=IFERROR(INDEX(GOOGLEFINANCE(B255,""close"",WORKDAY(TODAY(),-1),TODAY()),2,2),"""")","=IFERROR(INDEX(GOOGLEFINANCE(B255,""close"",WORKDAY(TODAY(),-5),TODAY()),2,2),"""")","=IFERROR(INDEX(GOOGLEFINANCE(B255,""close"",EDATE(TODAY(),-1),TODAY()),2,2),"""")","=IFERROR(INDEX(GOOGLEFINANCE(B255,""close"",EDATE(TODAY(),-3),TODAY()),2,2),"""")","=IFERROR(INDEX(GOOGLEFINANCE(B255,""close"",EDATE(TODAY(),-12),TODAY()),2,2),"""")","=IFERROR(INDEX(GOOGLEFINANCE(B255,""close"",EDATE(TODAY(),-24),TODAY()),2,2),"""")","=IFERROR(INDEX(GOOGLEFINANCE(B255,""close"",EDATE(TODAY(),-36),TODAY()),2,2),"""")","=IFERROR(INDEX(GOOGLEFINANCE(B255,""close"",EDATE(TODAY(),-60),TODAY()),2,2),"""")","=IFERROR(INDEX(GOOGLEFINANCE(B255,""close"",DATE(1970,1,1),TODAY()),2,2),"""")"
ICE,ICE,Intercontinental Exchange,Financials,"=IFERROR(GOOGLEFINANCE(B256,""price""),"""")","=IFERROR(GOOGLEFINANCE(B256,""marketcap""),"""")","=IFERROR(GOOGLEFINANCE(B256,""volume""),"""")","=IFERROR(INDEX(GOOGLEFINANCE(B256,""close"",WORKDAY(TODAY(),-1),TODAY()),2,2),"""")","=IFERROR(INDEX(GOOGLEFINANCE(B256,""close"",WORKDAY(TODAY(),-5),TODAY()),2,2),"""")","=IFERROR(INDEX(GOOGLEFINANCE(B256,""close"",EDATE(TODAY(),-1),TODAY()),2,2),"""")","=IFERROR(INDEX(GOOGLEFINANCE(B256,""close"",EDATE(TODAY(),-3),TODAY()),2,2),"""")","=IFERROR(INDEX(GOOGLEFINANCE(B256,""close"",EDATE(TODAY(),-12),TODAY()),2,2),"""")","=IFERROR(INDEX(GOOGLEFINANCE(B256,""close"",EDATE(TODAY(),-24),TODAY()),2,2),"""")","=IFERROR(INDEX(GOOGLEFINANCE(B256,""close"",EDATE(TODAY(),-36),TODAY()),2,2),"""")","=IFERROR(INDEX(GOOGLEFINANCE(B256,""close"",EDATE(TODAY(),-60),TODAY()),2,2),"""")","=IFERROR(INDEX(GOOGLEFINANCE(B256,""close"",DATE(1970,1,1),TODAY()),2,2),"""")"
IFF,IFF,International Flavors & Fragrances,Materials,"=IFERROR(GOOGLEFINANCE(B257,""price""),"""")","=IFERROR(GOOGLEFINANCE(B257,""marketcap""),"""")","=IFERROR(GOOGLEFINANCE(B257,""volume""),"""")","=IFERROR(INDEX(GOOGLEFINANCE(B257,""close"",WORKDAY(TODAY(),-1),TODAY()),2,2),"""")","=IFERROR(INDEX(GOOGLEFINANCE(B257,""close"",WORKDAY(TODAY(),-5),TODAY()),2,2),"""")","=IFERROR(INDEX(GOOGLEFINANCE(B257,""close"",EDATE(TODAY(),-1),TODAY()),2,2),"""")","=IFERROR(INDEX(GOOGLEFINANCE(B257,""close"",EDATE(TODAY(),-3),TODAY()),2,2),"""")","=IFERROR(INDEX(GOOGLEFINANCE(B257,""close"",EDATE(TODAY(),-12),TODAY()),2,2),"""")","=IFERROR(INDEX(GOOGLEFINANCE(B257,""close"",EDATE(TODAY(),-24),TODAY()),2,2),"""")","=IFERROR(INDEX(GOOGLEFINANCE(B257,""close"",EDATE(TODAY(),-36),TODAY()),2,2),"""")","=IFERROR(INDEX(GOOGLEFINANCE(B257,""close"",EDATE(TODAY(),-60),TODAY()),2,2),"""")","=IFERROR(INDEX(GOOGLEFINANCE(B257,""close"",DATE(1970,1,1),TODAY()),2,2),"""")"
IP,IP,International Paper,Materials,"=IFERROR(GOOGLEFINANCE(B258,""price""),"""")","=IFERROR(GOOGLEFINANCE(B258,""marketcap""),"""")","=IFERROR(GOOGLEFINANCE(B258,""volume""),"""")","=IFERROR(INDEX(GOOGLEFINANCE(B258,""close"",WORKDAY(TODAY(),-1),TODAY()),2,2),"""")","=IFERROR(INDEX(GOOGLEFINANCE(B258,""close"",WORKDAY(TODAY(),-5),TODAY()),2,2),"""")","=IFERROR(INDEX(GOOGLEFINANCE(B258,""close"",EDATE(TODAY(),-1),TODAY()),2,2),"""")","=IFERROR(INDEX(GOOGLEFINANCE(B258,""close"",EDATE(TODAY(),-3),TODAY()),2,2),"""")","=IFERROR(INDEX(GOOGLEFINANCE(B258,""close"",EDATE(TODAY(),-12),TODAY()),2,2),"""")","=IFERROR(INDEX(GOOGLEFINANCE(B258,""close"",EDATE(TODAY(),-24),TODAY()),2,2),"""")","=IFERROR(INDEX(GOOGLEFINANCE(B258,""close"",EDATE(TODAY(),-36),TODAY()),2,2),"""")","=IFERROR(INDEX(GOOGLEFINANCE(B258,""close"",EDATE(TODAY(),-60),TODAY()),2,2),"""")","=IFERROR(INDEX(GOOGLEFINANCE(B258,""close"",DATE(1970,1,1),TODAY()),2,2),"""")"
INTU,INTU,Intuit,Information Technology,"=IFERROR(GOOGLEFINANCE(B259,""price""),"""")","=IFERROR(GOOGLEFINANCE(B259,""marketcap""),"""")","=IFERROR(GOOGLEFINANCE(B259,""volume""),"""")","=IFERROR(INDEX(GOOGLEFINANCE(B259,""close"",WORKDAY(TODAY(),-1),TODAY()),2,2),"""")","=IFERROR(INDEX(GOOGLEFINANCE(B259,""close"",WORKDAY(TODAY(),-5),TODAY()),2,2),"""")","=IFERROR(INDEX(GOOGLEFINANCE(B259,""close"",EDATE(TODAY(),-1),TODAY()),2,2),"""")","=IFERROR(INDEX(GOOGLEFINANCE(B259,""close"",EDATE(TODAY(),-3),TODAY()),2,2),"""")","=IFERROR(INDEX(GOOGLEFINANCE(B259,""close"",EDATE(TODAY(),-12),TODAY()),2,2),"""")","=IFERROR(INDEX(GOOGLEFINANCE(B259,""close"",EDATE(TODAY(),-24),TODAY()),2,2),"""")","=IFERROR(INDEX(GOOGLEFINANCE(B259,""close"",EDATE(TODAY(),-36),TODAY()),2,2),"""")","=IFERROR(INDEX(GOOGLEFINANCE(B259,""close"",EDATE(TODAY(),-60),TODAY()),2,2),"""")","=IFERROR(INDEX(GOOGLEFINANCE(B259,""close"",DATE(1970,1,1),TODAY()),2,2),"""")"
ISRG,ISRG,Intuitive Surgical,Health Care,"=IFERROR(GOOGLEFINANCE(B260,""price""),"""")","=IFERROR(GOOGLEFINANCE(B260,""marketcap""),"""")","=IFERROR(GOOGLEFINANCE(B260,""volume""),"""")","=IFERROR(INDEX(GOOGLEFINANCE(B260,""close"",WORKDAY(TODAY(),-1),TODAY()),2,2),"""")","=IFERROR(INDEX(GOOGLEFINANCE(B260,""close"",WORKDAY(TODAY(),-5),TODAY()),2,2),"""")","=IFERROR(INDEX(GOOGLEFINANCE(B260,""close"",EDATE(TODAY(),-1),TODAY()),2,2),"""")","=IFERROR(INDEX(GOOGLEFINANCE(B260,""close"",EDATE(TODAY(),-3),TODAY()),2,2),"""")","=IFERROR(INDEX(GOOGLEFINANCE(B260,""close"",EDATE(TODAY(),-12),TODAY()),2,2),"""")","=IFERROR(INDEX(GOOGLEFINANCE(B260,""close"",EDATE(TODAY(),-24),TODAY()),2,2),"""")","=IFERROR(INDEX(GOOGLEFINANCE(B260,""close"",EDATE(TODAY(),-36),TODAY()),2,2),"""")","=IFERROR(INDEX(GOOGLEFINANCE(B260,""close"",EDATE(TODAY(),-60),TODAY()),2,2),"""")","=IFERROR(INDEX(GOOGLEFINANCE(B260,""close"",DATE(1970,1,1),TODAY()),2,2),"""")"
IVZ,IVZ,Invesco,Financials,"=IFERROR(GOOGLEFINANCE(B261,""price""),"""")","=IFERROR(GOOGLEFINANCE(B261,""marketcap""),"""")","=IFERROR(GOOGLEFINANCE(B261,""volume""),"""")","=IFERROR(INDEX(GOOGLEFINANCE(B261,""close"",WORKDAY(TODAY(),-1),TODAY()),2,2),"""")","=IFERROR(INDEX(GOOGLEFINANCE(B261,""close"",WORKDAY(TODAY(),-5),TODAY()),2,2),"""")","=IFERROR(INDEX(GOOGLEFINANCE(B261,""close"",EDATE(TODAY(),-1),TODAY()),2,2),"""")","=IFERROR(INDEX(GOOGLEFINANCE(B261,""close"",EDATE(TODAY(),-3),TODAY()),2,2),"""")","=IFERROR(INDEX(GOOGLEFINANCE(B261,""close"",EDATE(TODAY(),-12),TODAY()),2,2),"""")","=IFERROR(INDEX(GOOGLEFINANCE(B261,""close"",EDATE(TODAY(),-24),TODAY()),2,2),"""")","=IFERROR(INDEX(GOOGLEFINANCE(B261,""close"",EDATE(TODAY(),-36),TODAY()),2,2),"""")","=IFERROR(INDEX(GOOGLEFINANCE(B261,""close"",EDATE(TODAY(),-60),TODAY()),2,2),"""")","=IFERROR(INDEX(GOOGLEFINANCE(B261,""close"",DATE(1970,1,1),TODAY()),2,2),"""")"
INVH,INVH,Invitation Homes,Real Estate,"=IFERROR(GOOGLEFINANCE(B262,""price""),"""")","=IFERROR(GOOGLEFINANCE(B262,""marketcap""),"""")","=IFERROR(GOOGLEFINANCE(B262,""volume""),"""")","=IFERROR(INDEX(GOOGLEFINANCE(B262,""close"",WORKDAY(TODAY(),-1),TODAY()),2,2),"""")","=IFERROR(INDEX(GOOGLEFINANCE(B262,""close"",WORKDAY(TODAY(),-5),TODAY()),2,2),"""")","=IFERROR(INDEX(GOOGLEFINANCE(B262,""close"",EDATE(TODAY(),-1),TODAY()),2,2),"""")","=IFERROR(INDEX(GOOGLEFINANCE(B262,""close"",EDATE(TODAY(),-3),TODAY()),2,2),"""")","=IFERROR(INDEX(GOOGLEFINANCE(B262,""close"",EDATE(TODAY(),-12),TODAY()),2,2),"""")","=IFERROR(INDEX(GOOGLEFINANCE(B262,""close"",EDATE(TODAY(),-24),TODAY()),2,2),"""")","=IFERROR(INDEX(GOOGLEFINANCE(B262,""close"",EDATE(TODAY(),-36),TODAY()),2,2),"""")","=IFERROR(INDEX(GOOGLEFINANCE(B262,""close"",EDATE(TODAY(),-60),TODAY()),2,2),"""")","=IFERROR(INDEX(GOOGLEFINANCE(B262,""close"",DATE(1970,1,1),TODAY()),2,2),"""")"
IQV,IQV,IQVIA,Health Care,"=IFERROR(GOOGLEFINANCE(B263,""price""),"""")","=IFERROR(GOOGLEFINANCE(B263,""marketcap""),"""")","=IFERROR(GOOGLEFINANCE(B263,""volume""),"""")","=IFERROR(INDEX(GOOGLEFINANCE(B263,""close"",WORKDAY(TODAY(),-1),TODAY()),2,2),"""")","=IFERROR(INDEX(GOOGLEFINANCE(B263,""close"",WORKDAY(TODAY(),-5),TODAY()),2,2),"""")","=IFERROR(INDEX(GOOGLEFINANCE(B263,""close"",EDATE(TODAY(),-1),TODAY()),2,2),"""")","=IFERROR(INDEX(GOOGLEFINANCE(B263,""close"",EDATE(TODAY(),-3),TODAY()),2,2),"""")","=IFERROR(INDEX(GOOGLEFINANCE(B263,""close"",EDATE(TODAY(),-12),TODAY()),2,2),"""")","=IFERROR(INDEX(GOOGLEFINANCE(B263,""close"",EDATE(TODAY(),-24),TODAY()),2,2),"""")","=IFERROR(INDEX(GOOGLEFINANCE(B263,""close"",EDATE(TODAY(),-36),TODAY()),2,2),"""")","=IFERROR(INDEX(GOOGLEFINANCE(B263,""close"",EDATE(TODAY(),-60),TODAY()),2,2),"""")","=IFERROR(INDEX(GOOGLEFINANCE(B263,""close"",DATE(1970,1,1),TODAY()),2,2),"""")"
IRM,IRM,Iron Mountain,Real Estate,"=IFERROR(GOOGLEFINANCE(B264,""price""),"""")","=IFERROR(GOOGLEFINANCE(B264,""marketcap""),"""")","=IFERROR(GOOGLEFINANCE(B264,""volume""),"""")","=IFERROR(INDEX(GOOGLEFINANCE(B264,""close"",WORKDAY(TODAY(),-1),TODAY()),2,2),"""")","=IFERROR(INDEX(GOOGLEFINANCE(B264,""close"",WORKDAY(TODAY(),-5),TODAY()),2,2),"""")","=IFERROR(INDEX(GOOGLEFINANCE(B264,""close"",EDATE(TODAY(),-1),TODAY()),2,2),"""")","=IFERROR(INDEX(GOOGLEFINANCE(B264,""close"",EDATE(TODAY(),-3),TODAY()),2,2),"""")","=IFERROR(INDEX(GOOGLEFINANCE(B264,""close"",EDATE(TODAY(),-12),TODAY()),2,2),"""")","=IFERROR(INDEX(GOOGLEFINANCE(B264,""close"",EDATE(TODAY(),-24),TODAY()),2,2),"""")","=IFERROR(INDEX(GOOGLEFINANCE(B264,""close"",EDATE(TODAY(),-36),TODAY()),2,2),"""")","=IFERROR(INDEX(GOOGLEFINANCE(B264,""close"",EDATE(TODAY(),-60),TODAY()),2,2),"""")","=IFERROR(INDEX(GOOGLEFINANCE(B264,""close"",DATE(1970,1,1),TODAY()),2,2),"""")"
JBHT,JBHT,J.B. Hunt,Industrials,"=IFERROR(GOOGLEFINANCE(B265,""price""),"""")","=IFERROR(GOOGLEFINANCE(B265,""marketcap""),"""")","=IFERROR(GOOGLEFINANCE(B265,""volume""),"""")","=IFERROR(INDEX(GOOGLEFINANCE(B265,""close"",WORKDAY(TODAY(),-1),TODAY()),2,2),"""")","=IFERROR(INDEX(GOOGLEFINANCE(B265,""close"",WORKDAY(TODAY(),-5),TODAY()),2,2),"""")","=IFERROR(INDEX(GOOGLEFINANCE(B265,""close"",EDATE(TODAY(),-1),TODAY()),2,2),"""")","=IFERROR(INDEX(GOOGLEFINANCE(B265,""close"",EDATE(TODAY(),-3),TODAY()),2,2),"""")","=IFERROR(INDEX(GOOGLEFINANCE(B265,""close"",EDATE(TODAY(),-12),TODAY()),2,2),"""")","=IFERROR(INDEX(GOOGLEFINANCE(B265,""close"",EDATE(TODAY(),-24),TODAY()),2,2),"""")","=IFERROR(INDEX(GOOGLEFINANCE(B265,""close"",EDATE(TODAY(),-36),TODAY()),2,2),"""")","=IFERROR(INDEX(GOOGLEFINANCE(B265,""close"",EDATE(TODAY(),-60),TODAY()),2,2),"""")","=IFERROR(INDEX(GOOGLEFINANCE(B265,""close"",DATE(1970,1,1),TODAY()),2,2),"""")"
JBL,JBL,Jabil,Information Technology,"=IFERROR(GOOGLEFINANCE(B266,""price""),"""")","=IFERROR(GOOGLEFINANCE(B266,""marketcap""),"""")","=IFERROR(GOOGLEFINANCE(B266,""volume""),"""")","=IFERROR(INDEX(GOOGLEFINANCE(B266,""close"",WORKDAY(TODAY(),-1),TODAY()),2,2),"""")","=IFERROR(INDEX(GOOGLEFINANCE(B266,""close"",WORKDAY(TODAY(),-5),TODAY()),2,2),"""")","=IFERROR(INDEX(GOOGLEFINANCE(B266,""close"",EDATE(TODAY(),-1),TODAY()),2,2),"""")","=IFERROR(INDEX(GOOGLEFINANCE(B266,""close"",EDATE(TODAY(),-3),TODAY()),2,2),"""")","=IFERROR(INDEX(GOOGLEFINANCE(B266,""close"",EDATE(TODAY(),-12),TODAY()),2,2),"""")","=IFERROR(INDEX(GOOGLEFINANCE(B266,""close"",EDATE(TODAY(),-24),TODAY()),2,2),"""")","=IFERROR(INDEX(GOOGLEFINANCE(B266,""close"",EDATE(TODAY(),-36),TODAY()),2,2),"""")","=IFERROR(INDEX(GOOGLEFINANCE(B266,""close"",EDATE(TODAY(),-60),TODAY()),2,2),"""")","=IFERROR(INDEX(GOOGLEFINANCE(B266,""close"",DATE(1970,1,1),TODAY()),2,2),"""")"
JKHY,JKHY,Jack Henry & Associates,Financials,"=IFERROR(GOOGLEFINANCE(B267,""price""),"""")","=IFERROR(GOOGLEFINANCE(B267,""marketcap""),"""")","=IFERROR(GOOGLEFINANCE(B267,""volume""),"""")","=IFERROR(INDEX(GOOGLEFINANCE(B267,""close"",WORKDAY(TODAY(),-1),TODAY()),2,2),"""")","=IFERROR(INDEX(GOOGLEFINANCE(B267,""close"",WORKDAY(TODAY(),-5),TODAY()),2,2),"""")","=IFERROR(INDEX(GOOGLEFINANCE(B267,""close"",EDATE(TODAY(),-1),TODAY()),2,2),"""")","=IFERROR(INDEX(GOOGLEFINANCE(B267,""close"",EDATE(TODAY(),-3),TODAY()),2,2),"""")","=IFERROR(INDEX(GOOGLEFINANCE(B267,""close"",EDATE(TODAY(),-12),TODAY()),2,2),"""")","=IFERROR(INDEX(GOOGLEFINANCE(B267,""close"",EDATE(TODAY(),-24),TODAY()),2,2),"""")","=IFERROR(INDEX(GOOGLEFINANCE(B267,""close"",EDATE(TODAY(),-36),TODAY()),2,2),"""")","=IFERROR(INDEX(GOOGLEFINANCE(B267,""close"",EDATE(TODAY(),-60),TODAY()),2,2),"""")","=IFERROR(INDEX(GOOGLEFINANCE(B267,""close"",DATE(1970,1,1),TODAY()),2,2),"""")"
J,J,Jacobs Solutions,Industrials,"=IFERROR(GOOGLEFINANCE(B268,""price""),"""")","=IFERROR(GOOGLEFINANCE(B268,""marketcap""),"""")","=IFERROR(GOOGLEFINANCE(B268,""volume""),"""")","=IFERROR(INDEX(GOOGLEFINANCE(B268,""close"",WORKDAY(TODAY(),-1),TODAY()),2,2),"""")","=IFERROR(INDEX(GOOGLEFINANCE(B268,""close"",WORKDAY(TODAY(),-5),TODAY()),2,2),"""")","=IFERROR(INDEX(GOOGLEFINANCE(B268,""close"",EDATE(TODAY(),-1),TODAY()),2,2),"""")","=IFERROR(INDEX(GOOGLEFINANCE(B268,""close"",EDATE(TODAY(),-3),TODAY()),2,2),"""")","=IFERROR(INDEX(GOOGLEFINANCE(B268,""close"",EDATE(TODAY(),-12),TODAY()),2,2),"""")","=IFERROR(INDEX(GOOGLEFINANCE(B268,""close"",EDATE(TODAY(),-24),TODAY()),2,2),"""")","=IFERROR(INDEX(GOOGLEFINANCE(B268,""close"",EDATE(TODAY(),-36),TODAY()),2,2),"""")","=IFERROR(INDEX(GOOGLEFINANCE(B268,""close"",EDATE(TODAY(),-60),TODAY()),2,2),"""")","=IFERROR(INDEX(GOOGLEFINANCE(B268,""close"",DATE(1970,1,1),TODAY()),2,2),"""")"
JNJ,JNJ,Johnson & Johnson,Health Care,"=IFERROR(GOOGLEFINANCE(B269,""price""),"""")","=IFERROR(GOOGLEFINANCE(B269,""marketcap""),"""")","=IFERROR(GOOGLEFINANCE(B269,""volume""),"""")","=IFERROR(INDEX(GOOGLEFINANCE(B269,""close"",WORKDAY(TODAY(),-1),TODAY()),2,2),"""")","=IFERROR(INDEX(GOOGLEFINANCE(B269,""close"",WORKDAY(TODAY(),-5),TODAY()),2,2),"""")","=IFERROR(INDEX(GOOGLEFINANCE(B269,""close"",EDATE(TODAY(),-1),TODAY()),2,2),"""")","=IFERROR(INDEX(GOOGLEFINANCE(B269,""close"",EDATE(TODAY(),-3),TODAY()),2,2),"""")","=IFERROR(INDEX(GOOGLEFINANCE(B269,""close"",EDATE(TODAY(),-12),TODAY()),2,2),"""")","=IFERROR(INDEX(GOOGLEFINANCE(B269,""close"",EDATE(TODAY(),-24),TODAY()),2,2),"""")","=IFERROR(INDEX(GOOGLEFINANCE(B269,""close"",EDATE(TODAY(),-36),TODAY()),2,2),"""")","=IFERROR(INDEX(GOOGLEFINANCE(B269,""close"",EDATE(TODAY(),-60),TODAY()),2,2),"""")","=IFERROR(INDEX(GOOGLEFINANCE(B269,""close"",DATE(1970,1,1),TODAY()),2,2),"""")"
JCI,JCI,Johnson Controls,Industrials,"=IFERROR(GOOGLEFINANCE(B270,""price""),"""")","=IFERROR(GOOGLEFINANCE(B270,""marketcap""),"""")","=IFERROR(GOOGLEFINANCE(B270,""volume""),"""")","=IFERROR(INDEX(GOOGLEFINANCE(B270,""close"",WORKDAY(TODAY(),-1),TODAY()),2,2),"""")","=IFERROR(INDEX(GOOGLEFINANCE(B270,""close"",WORKDAY(TODAY(),-5),TODAY()),2,2),"""")","=IFERROR(INDEX(GOOGLEFINANCE(B270,""close"",EDATE(TODAY(),-1),TODAY()),2,2),"""")","=IFERROR(INDEX(GOOGLEFINANCE(B270,""close"",EDATE(TODAY(),-3),TODAY()),2,2),"""")","=IFERROR(INDEX(GOOGLEFINANCE(B270,""close"",EDATE(TODAY(),-12),TODAY()),2,2),"""")","=IFERROR(INDEX(GOOGLEFINANCE(B270,""close"",EDATE(TODAY(),-24),TODAY()),2,2),"""")","=IFERROR(INDEX(GOOGLEFINANCE(B270,""close"",EDATE(TODAY(),-36),TODAY()),2,2),"""")","=IFERROR(INDEX(GOOGLEFINANCE(B270,""close"",EDATE(TODAY(),-60),TODAY()),2,2),"""")","=IFERROR(INDEX(GOOGLEFINANCE(B270,""close"",DATE(1970,1,1),TODAY()),2,2),"""")"
JPM,JPM,JPMorgan Chase,Financials,"=IFERROR(GOOGLEFINANCE(B271,""price""),"""")","=IFERROR(GOOGLEFINANCE(B271,""marketcap""),"""")","=IFERROR(GOOGLEFINANCE(B271,""volume""),"""")","=IFERROR(INDEX(GOOGLEFINANCE(B271,""close"",WORKDAY(TODAY(),-1),TODAY()),2,2),"""")","=IFERROR(INDEX(GOOGLEFINANCE(B271,""close"",WORKDAY(TODAY(),-5),TODAY()),2,2),"""")","=IFERROR(INDEX(GOOGLEFINANCE(B271,""close"",EDATE(TODAY(),-1),TODAY()),2,2),"""")","=IFERROR(INDEX(GOOGLEFINANCE(B271,""close"",EDATE(TODAY(),-3),TODAY()),2,2),"""")","=IFERROR(INDEX(GOOGLEFINANCE(B271,""close"",EDATE(TODAY(),-12),TODAY()),2,2),"""")","=IFERROR(INDEX(GOOGLEFINANCE(B271,""close"",EDATE(TODAY(),-24),TODAY()),2,2),"""")","=IFERROR(INDEX(GOOGLEFINANCE(B271,""close"",EDATE(TODAY(),-36),TODAY()),2,2),"""")","=IFERROR(INDEX(GOOGLEFINANCE(B271,""close"",EDATE(TODAY(),-60),TODAY()),2,2),"""")","=IFERROR(INDEX(GOOGLEFINANCE(B271,""close"",DATE(1970,1,1),TODAY()),2,2),"""")"
KVUE,KVUE,Kenvue,Consumer Staples,"=IFERROR(GOOGLEFINANCE(B272,""price""),"""")","=IFERROR(GOOGLEFINANCE(B272,""marketcap""),"""")","=IFERROR(GOOGLEFINANCE(B272,""volume""),"""")","=IFERROR(INDEX(GOOGLEFINANCE(B272,""close"",WORKDAY(TODAY(),-1),TODAY()),2,2),"""")","=IFERROR(INDEX(GOOGLEFINANCE(B272,""close"",WORKDAY(TODAY(),-5),TODAY()),2,2),"""")","=IFERROR(INDEX(GOOGLEFINANCE(B272,""close"",EDATE(TODAY(),-1),TODAY()),2,2),"""")","=IFERROR(INDEX(GOOGLEFINANCE(B272,""close"",EDATE(TODAY(),-3),TODAY()),2,2),"""")","=IFERROR(INDEX(GOOGLEFINANCE(B272,""close"",EDATE(TODAY(),-12),TODAY()),2,2),"""")","=IFERROR(INDEX(GOOGLEFINANCE(B272,""close"",EDATE(TODAY(),-24),TODAY()),2,2),"""")","=IFERROR(INDEX(GOOGLEFINANCE(B272,""close"",EDATE(TODAY(),-36),TODAY()),2,2),"""")","=IFERROR(INDEX(GOOGLEFINANCE(B272,""close"",EDATE(TODAY(),-60),TODAY()),2,2),"""")","=IFERROR(INDEX(GOOGLEFINANCE(B272,""close"",DATE(1970,1,1),TODAY()),2,2),"""")"
KDP,KDP,Keurig Dr Pepper,Consumer Staples,"=IFERROR(GOOGLEFINANCE(B273,""price""),"""")","=IFERROR(GOOGLEFINANCE(B273,""marketcap""),"""")","=IFERROR(GOOGLEFINANCE(B273,""volume""),"""")","=IFERROR(INDEX(GOOGLEFINANCE(B273,""close"",WORKDAY(TODAY(),-1),TODAY()),2,2),"""")","=IFERROR(INDEX(GOOGLEFINANCE(B273,""close"",WORKDAY(TODAY(),-5),TODAY()),2,2),"""")","=IFERROR(INDEX(GOOGLEFINANCE(B273,""close"",EDATE(TODAY(),-1),TODAY()),2,2),"""")","=IFERROR(INDEX(GOOGLEFINANCE(B273,""close"",EDATE(TODAY(),-3),TODAY()),2,2),"""")","=IFERROR(INDEX(GOOGLEFINANCE(B273,""close"",EDATE(TODAY(),-12),TODAY()),2,2),"""")","=IFERROR(INDEX(GOOGLEFINANCE(B273,""close"",EDATE(TODAY(),-24),TODAY()),2,2),"""")","=IFERROR(INDEX(GOOGLEFINANCE(B273,""close"",EDATE(TODAY(),-36),TODAY()),2,2),"""")","=IFERROR(INDEX(GOOGLEFINANCE(B273,""close"",EDATE(TODAY(),-60),TODAY()),2,2),"""")","=IFERROR(INDEX(GOOGLEFINANCE(B273,""close"",DATE(1970,1,1),TODAY()),2,2),"""")"
KEY,KEY,KeyCorp,Financials,"=IFERROR(GOOGLEFINANCE(B274,""price""),"""")","=IFERROR(GOOGLEFINANCE(B274,""marketcap""),"""")","=IFERROR(GOOGLEFINANCE(B274,""volume""),"""")","=IFERROR(INDEX(GOOGLEFINANCE(B274,""close"",WORKDAY(TODAY(),-1),TODAY()),2,2),"""")","=IFERROR(INDEX(GOOGLEFINANCE(B274,""close"",WORKDAY(TODAY(),-5),TODAY()),2,2),"""")","=IFERROR(INDEX(GOOGLEFINANCE(B274,""close"",EDATE(TODAY(),-1),TODAY()),2,2),"""")","=IFERROR(INDEX(GOOGLEFINANCE(B274,""close"",EDATE(TODAY(),-3),TODAY()),2,2),"""")","=IFERROR(INDEX(GOOGLEFINANCE(B274,""close"",EDATE(TODAY(),-12),TODAY()),2,2),"""")","=IFERROR(INDEX(GOOGLEFINANCE(B274,""close"",EDATE(TODAY(),-24),TODAY()),2,2),"""")","=IFERROR(INDEX(GOOGLEFINANCE(B274,""close"",EDATE(TODAY(),-36),TODAY()),2,2),"""")","=IFERROR(INDEX(GOOGLEFINANCE(B274,""close"",EDATE(TODAY(),-60),TODAY()),2,2),"""")","=IFERROR(INDEX(GOOGLEFINANCE(B274,""close"",DATE(1970,1,1),TODAY()),2,2),"""")"
KEYS,KEYS,Keysight Technologies,Information Technology,"=IFERROR(GOOGLEFINANCE(B275,""price""),"""")","=IFERROR(GOOGLEFINANCE(B275,""marketcap""),"""")","=IFERROR(GOOGLEFINANCE(B275,""volume""),"""")","=IFERROR(INDEX(GOOGLEFINANCE(B275,""close"",WORKDAY(TODAY(),-1),TODAY()),2,2),"""")","=IFERROR(INDEX(GOOGLEFINANCE(B275,""close"",WORKDAY(TODAY(),-5),TODAY()),2,2),"""")","=IFERROR(INDEX(GOOGLEFINANCE(B275,""close"",EDATE(TODAY(),-1),TODAY()),2,2),"""")","=IFERROR(INDEX(GOOGLEFINANCE(B275,""close"",EDATE(TODAY(),-3),TODAY()),2,2),"""")","=IFERROR(INDEX(GOOGLEFINANCE(B275,""close"",EDATE(TODAY(),-12),TODAY()),2,2),"""")","=IFERROR(INDEX(GOOGLEFINANCE(B275,""close"",EDATE(TODAY(),-24),TODAY()),2,2),"""")","=IFERROR(INDEX(GOOGLEFINANCE(B275,""close"",EDATE(TODAY(),-36),TODAY()),2,2),"""")","=IFERROR(INDEX(GOOGLEFINANCE(B275,""close"",EDATE(TODAY(),-60),TODAY()),2,2),"""")","=IFERROR(INDEX(GOOGLEFINANCE(B275,""close"",DATE(1970,1,1),TODAY()),2,2),"""")"
KMB,KMB,Kimberly-Clark,Consumer Staples,"=IFERROR(GOOGLEFINANCE(B276,""price""),"""")","=IFERROR(GOOGLEFINANCE(B276,""marketcap""),"""")","=IFERROR(GOOGLEFINANCE(B276,""volume""),"""")","=IFERROR(INDEX(GOOGLEFINANCE(B276,""close"",WORKDAY(TODAY(),-1),TODAY()),2,2),"""")","=IFERROR(INDEX(GOOGLEFINANCE(B276,""close"",WORKDAY(TODAY(),-5),TODAY()),2,2),"""")","=IFERROR(INDEX(GOOGLEFINANCE(B276,""close"",EDATE(TODAY(),-1),TODAY()),2,2),"""")","=IFERROR(INDEX(GOOGLEFINANCE(B276,""close"",EDATE(TODAY(),-3),TODAY()),2,2),"""")","=IFERROR(INDEX(GOOGLEFINANCE(B276,""close"",EDATE(TODAY(),-12),TODAY()),2,2),"""")","=IFERROR(INDEX(GOOGLEFINANCE(B276,""close"",EDATE(TODAY(),-24),TODAY()),2,2),"""")","=IFERROR(INDEX(GOOGLEFINANCE(B276,""close"",EDATE(TODAY(),-36),TODAY()),2,2),"""")","=IFERROR(INDEX(GOOGLEFINANCE(B276,""close"",EDATE(TODAY(),-60),TODAY()),2,2),"""")","=IFERROR(INDEX(GOOGLEFINANCE(B276,""close"",DATE(1970,1,1),TODAY()),2,2),"""")"
KIM,KIM,Kimco Realty,Real Estate,"=IFERROR(GOOGLEFINANCE(B277,""price""),"""")","=IFERROR(GOOGLEFINANCE(B277,""marketcap""),"""")","=IFERROR(GOOGLEFINANCE(B277,""volume""),"""")","=IFERROR(INDEX(GOOGLEFINANCE(B277,""close"",WORKDAY(TODAY(),-1),TODAY()),2,2),"""")","=IFERROR(INDEX(GOOGLEFINANCE(B277,""close"",WORKDAY(TODAY(),-5),TODAY()),2,2),"""")","=IFERROR(INDEX(GOOGLEFINANCE(B277,""close"",EDATE(TODAY(),-1),TODAY()),2,2),"""")","=IFERROR(INDEX(GOOGLEFINANCE(B277,""close"",EDATE(TODAY(),-3),TODAY()),2,2),"""")","=IFERROR(INDEX(GOOGLEFINANCE(B277,""close"",EDATE(TODAY(),-12),TODAY()),2,2),"""")","=IFERROR(INDEX(GOOGLEFINANCE(B277,""close"",EDATE(TODAY(),-24),TODAY()),2,2),"""")","=IFERROR(INDEX(GOOGLEFINANCE(B277,""close"",EDATE(TODAY(),-36),TODAY()),2,2),"""")","=IFERROR(INDEX(GOOGLEFINANCE(B277,""close"",EDATE(TODAY(),-60),TODAY()),2,2),"""")","=IFERROR(INDEX(GOOGLEFINANCE(B277,""close"",DATE(1970,1,1),TODAY()),2,2),"""")"
KMI,KMI,Kinder Morgan,Energy,"=IFERROR(GOOGLEFINANCE(B278,""price""),"""")","=IFERROR(GOOGLEFINANCE(B278,""marketcap""),"""")","=IFERROR(GOOGLEFINANCE(B278,""volume""),"""")","=IFERROR(INDEX(GOOGLEFINANCE(B278,""close"",WORKDAY(TODAY(),-1),TODAY()),2,2),"""")","=IFERROR(INDEX(GOOGLEFINANCE(B278,""close"",WORKDAY(TODAY(),-5),TODAY()),2,2),"""")","=IFERROR(INDEX(GOOGLEFINANCE(B278,""close"",EDATE(TODAY(),-1),TODAY()),2,2),"""")","=IFERROR(INDEX(GOOGLEFINANCE(B278,""close"",EDATE(TODAY(),-3),TODAY()),2,2),"""")","=IFERROR(INDEX(GOOGLEFINANCE(B278,""close"",EDATE(TODAY(),-12),TODAY()),2,2),"""")","=IFERROR(INDEX(GOOGLEFINANCE(B278,""close"",EDATE(TODAY(),-24),TODAY()),2,2),"""")","=IFERROR(INDEX(GOOGLEFINANCE(B278,""close"",EDATE(TODAY(),-36),TODAY()),2,2),"""")","=IFERROR(INDEX(GOOGLEFINANCE(B278,""close"",EDATE(TODAY(),-60),TODAY()),2,2),"""")","=IFERROR(INDEX(GOOGLEFINANCE(B278,""close"",DATE(1970,1,1),TODAY()),2,2),"""")"
KKR,KKR,KKR & Co.,Financials,"=IFERROR(GOOGLEFINANCE(B279,""price""),"""")","=IFERROR(GOOGLEFINANCE(B279,""marketcap""),"""")","=IFERROR(GOOGLEFINANCE(B279,""volume""),"""")","=IFERROR(INDEX(GOOGLEFINANCE(B279,""close"",WORKDAY(TODAY(),-1),TODAY()),2,2),"""")","=IFERROR(INDEX(GOOGLEFINANCE(B279,""close"",WORKDAY(TODAY(),-5),TODAY()),2,2),"""")","=IFERROR(INDEX(GOOGLEFINANCE(B279,""close"",EDATE(TODAY(),-1),TODAY()),2,2),"""")","=IFERROR(INDEX(GOOGLEFINANCE(B279,""close"",EDATE(TODAY(),-3),TODAY()),2,2),"""")","=IFERROR(INDEX(GOOGLEFINANCE(B279,""close"",EDATE(TODAY(),-12),TODAY()),2,2),"""")","=IFERROR(INDEX(GOOGLEFINANCE(B279,""close"",EDATE(TODAY(),-24),TODAY()),2,2),"""")","=IFERROR(INDEX(GOOGLEFINANCE(B279,""close"",EDATE(TODAY(),-36),TODAY()),2,2),"""")","=IFERROR(INDEX(GOOGLEFINANCE(B279,""close"",EDATE(TODAY(),-60),TODAY()),2,2),"""")","=IFERROR(INDEX(GOOGLEFINANCE(B279,""close"",DATE(1970,1,1),TODAY()),2,2),"""")"
KLAC,KLAC,KLA Corporation,Information Technology,"=IFERROR(GOOGLEFINANCE(B280,""price""),"""")","=IFERROR(GOOGLEFINANCE(B280,""marketcap""),"""")","=IFERROR(GOOGLEFINANCE(B280,""volume""),"""")","=IFERROR(INDEX(GOOGLEFINANCE(B280,""close"",WORKDAY(TODAY(),-1),TODAY()),2,2),"""")","=IFERROR(INDEX(GOOGLEFINANCE(B280,""close"",WORKDAY(TODAY(),-5),TODAY()),2,2),"""")","=IFERROR(INDEX(GOOGLEFINANCE(B280,""close"",EDATE(TODAY(),-1),TODAY()),2,2),"""")","=IFERROR(INDEX(GOOGLEFINANCE(B280,""close"",EDATE(TODAY(),-3),TODAY()),2,2),"""")","=IFERROR(INDEX(GOOGLEFINANCE(B280,""close"",EDATE(TODAY(),-12),TODAY()),2,2),"""")","=IFERROR(INDEX(GOOGLEFINANCE(B280,""close"",EDATE(TODAY(),-24),TODAY()),2,2),"""")","=IFERROR(INDEX(GOOGLEFINANCE(B280,""close"",EDATE(TODAY(),-36),TODAY()),2,2),"""")","=IFERROR(INDEX(GOOGLEFINANCE(B280,""close"",EDATE(TODAY(),-60),TODAY()),2,2),"""")","=IFERROR(INDEX(GOOGLEFINANCE(B280,""close"",DATE(1970,1,1),TODAY()),2,2),"""")"
KHC,KHC,Kraft Heinz,Consumer Staples,"=IFERROR(GOOGLEFINANCE(B281,""price""),"""")","=IFERROR(GOOGLEFINANCE(B281,""marketcap""),"""")","=IFERROR(GOOGLEFINANCE(B281,""volume""),"""")","=IFERROR(INDEX(GOOGLEFINANCE(B281,""close"",WORKDAY(TODAY(),-1),TODAY()),2,2),"""")","=IFERROR(INDEX(GOOGLEFINANCE(B281,""close"",WORKDAY(TODAY(),-5),TODAY()),2,2),"""")","=IFERROR(INDEX(GOOGLEFINANCE(B281,""close"",EDATE(TODAY(),-1),TODAY()),2,2),"""")","=IFERROR(INDEX(GOOGLEFINANCE(B281,""close"",EDATE(TODAY(),-3),TODAY()),2,2),"""")","=IFERROR(INDEX(GOOGLEFINANCE(B281,""close"",EDATE(TODAY(),-12),TODAY()),2,2),"""")","=IFERROR(INDEX(GOOGLEFINANCE(B281,""close"",EDATE(TODAY(),-24),TODAY()),2,2),"""")","=IFERROR(INDEX(GOOGLEFINANCE(B281,""close"",EDATE(TODAY(),-36),TODAY()),2,2),"""")","=IFERROR(INDEX(GOOGLEFINANCE(B281,""close"",EDATE(TODAY(),-60),TODAY()),2,2),"""")","=IFERROR(INDEX(GOOGLEFINANCE(B281,""close"",DATE(1970,1,1),TODAY()),2,2),"""")"
KR,KR,Kroger,Consumer Staples,"=IFERROR(GOOGLEFINANCE(B282,""price""),"""")","=IFERROR(GOOGLEFINANCE(B282,""marketcap""),"""")","=IFERROR(GOOGLEFINANCE(B282,""volume""),"""")","=IFERROR(INDEX(GOOGLEFINANCE(B282,""close"",WORKDAY(TODAY(),-1),TODAY()),2,2),"""")","=IFERROR(INDEX(GOOGLEFINANCE(B282,""close"",WORKDAY(TODAY(),-5),TODAY()),2,2),"""")","=IFERROR(INDEX(GOOGLEFINANCE(B282,""close"",EDATE(TODAY(),-1),TODAY()),2,2),"""")","=IFERROR(INDEX(GOOGLEFINANCE(B282,""close"",EDATE(TODAY(),-3),TODAY()),2,2),"""")","=IFERROR(INDEX(GOOGLEFINANCE(B282,""close"",EDATE(TODAY(),-12),TODAY()),2,2),"""")","=IFERROR(INDEX(GOOGLEFINANCE(B282,""close"",EDATE(TODAY(),-24),TODAY()),2,2),"""")","=IFERROR(INDEX(GOOGLEFINANCE(B282,""close"",EDATE(TODAY(),-36),TODAY()),2,2),"""")","=IFERROR(INDEX(GOOGLEFINANCE(B282,""close"",EDATE(TODAY(),-60),TODAY()),2,2),"""")","=IFERROR(INDEX(GOOGLEFINANCE(B282,""close"",DATE(1970,1,1),TODAY()),2,2),"""")"
LHX,LHX,L3Harris,Industrials,"=IFERROR(GOOGLEFINANCE(B283,""price""),"""")","=IFERROR(GOOGLEFINANCE(B283,""marketcap""),"""")","=IFERROR(GOOGLEFINANCE(B283,""volume""),"""")","=IFERROR(INDEX(GOOGLEFINANCE(B283,""close"",WORKDAY(TODAY(),-1),TODAY()),2,2),"""")","=IFERROR(INDEX(GOOGLEFINANCE(B283,""close"",WORKDAY(TODAY(),-5),TODAY()),2,2),"""")","=IFERROR(INDEX(GOOGLEFINANCE(B283,""close"",EDATE(TODAY(),-1),TODAY()),2,2),"""")","=IFERROR(INDEX(GOOGLEFINANCE(B283,""close"",EDATE(TODAY(),-3),TODAY()),2,2),"""")","=IFERROR(INDEX(GOOGLEFINANCE(B283,""close"",EDATE(TODAY(),-12),TODAY()),2,2),"""")","=IFERROR(INDEX(GOOGLEFINANCE(B283,""close"",EDATE(TODAY(),-24),TODAY()),2,2),"""")","=IFERROR(INDEX(GOOGLEFINANCE(B283,""close"",EDATE(TODAY(),-36),TODAY()),2,2),"""")","=IFERROR(INDEX(GOOGLEFINANCE(B283,""close"",EDATE(TODAY(),-60),TODAY()),2,2),"""")","=IFERROR(INDEX(GOOGLEFINANCE(B283,""close"",DATE(1970,1,1),TODAY()),2,2),"""")"
LH,LH,Labcorp,Health Care,"=IFERROR(GOOGLEFINANCE(B284,""price""),"""")","=IFERROR(GOOGLEFINANCE(B284,""marketcap""),"""")","=IFERROR(GOOGLEFINANCE(B284,""volume""),"""")","=IFERROR(INDEX(GOOGLEFINANCE(B284,""close"",WORKDAY(TODAY(),-1),TODAY()),2,2),"""")","=IFERROR(INDEX(GOOGLEFINANCE(B284,""close"",WORKDAY(TODAY(),-5),TODAY()),2,2),"""")","=IFERROR(INDEX(GOOGLEFINANCE(B284,""close"",EDATE(TODAY(),-1),TODAY()),2,2),"""")","=IFERROR(INDEX(GOOGLEFINANCE(B284,""close"",EDATE(TODAY(),-3),TODAY()),2,2),"""")","=IFERROR(INDEX(GOOGLEFINANCE(B284,""close"",EDATE(TODAY(),-12),TODAY()),2,2),"""")","=IFERROR(INDEX(GOOGLEFINANCE(B284,""close"",EDATE(TODAY(),-24),TODAY()),2,2),"""")","=IFERROR(INDEX(GOOGLEFINANCE(B284,""close"",EDATE(TODAY(),-36),TODAY()),2,2),"""")","=IFERROR(INDEX(GOOGLEFINANCE(B284,""close"",EDATE(TODAY(),-60),TODAY()),2,2),"""")","=IFERROR(INDEX(GOOGLEFINANCE(B284,""close"",DATE(1970,1,1),TODAY()),2,2),"""")"
LRCX,LRCX,Lam Research,Information Technology,"=IFERROR(GOOGLEFINANCE(B285,""price""),"""")","=IFERROR(GOOGLEFINANCE(B285,""marketcap""),"""")","=IFERROR(GOOGLEFINANCE(B285,""volume""),"""")","=IFERROR(INDEX(GOOGLEFINANCE(B285,""close"",WORKDAY(TODAY(),-1),TODAY()),2,2),"""")","=IFERROR(INDEX(GOOGLEFINANCE(B285,""close"",WORKDAY(TODAY(),-5),TODAY()),2,2),"""")","=IFERROR(INDEX(GOOGLEFINANCE(B285,""close"",EDATE(TODAY(),-1),TODAY()),2,2),"""")","=IFERROR(INDEX(GOOGLEFINANCE(B285,""close"",EDATE(TODAY(),-3),TODAY()),2,2),"""")","=IFERROR(INDEX(GOOGLEFINANCE(B285,""close"",EDATE(TODAY(),-12),TODAY()),2,2),"""")","=IFERROR(INDEX(GOOGLEFINANCE(B285,""close"",EDATE(TODAY(),-24),TODAY()),2,2),"""")","=IFERROR(INDEX(GOOGLEFINANCE(B285,""close"",EDATE(TODAY(),-36),TODAY()),2,2),"""")","=IFERROR(INDEX(GOOGLEFINANCE(B285,""close"",EDATE(TODAY(),-60),TODAY()),2,2),"""")","=IFERROR(INDEX(GOOGLEFINANCE(B285,""close"",DATE(1970,1,1),TODAY()),2,2),"""")"
LVS,LVS,Las Vegas Sands,Consumer Discretionary,"=IFERROR(GOOGLEFINANCE(B286,""price""),"""")","=IFERROR(GOOGLEFINANCE(B286,""marketcap""),"""")","=IFERROR(GOOGLEFINANCE(B286,""volume""),"""")","=IFERROR(INDEX(GOOGLEFINANCE(B286,""close"",WORKDAY(TODAY(),-1),TODAY()),2,2),"""")","=IFERROR(INDEX(GOOGLEFINANCE(B286,""close"",WORKDAY(TODAY(),-5),TODAY()),2,2),"""")","=IFERROR(INDEX(GOOGLEFINANCE(B286,""close"",EDATE(TODAY(),-1),TODAY()),2,2),"""")","=IFERROR(INDEX(GOOGLEFINANCE(B286,""close"",EDATE(TODAY(),-3),TODAY()),2,2),"""")","=IFERROR(INDEX(GOOGLEFINANCE(B286,""close"",EDATE(TODAY(),-12),TODAY()),2,2),"""")","=IFERROR(INDEX(GOOGLEFINANCE(B286,""close"",EDATE(TODAY(),-24),TODAY()),2,2),"""")","=IFERROR(INDEX(GOOGLEFINANCE(B286,""close"",EDATE(TODAY(),-36),TODAY()),2,2),"""")","=IFERROR(INDEX(GOOGLEFINANCE(B286,""close"",EDATE(TODAY(),-60),TODAY()),2,2),"""")","=IFERROR(INDEX(GOOGLEFINANCE(B286,""close"",DATE(1970,1,1),TODAY()),2,2),"""")"
LDOS,LDOS,Leidos,Industrials,"=IFERROR(GOOGLEFINANCE(B287,""price""),"""")","=IFERROR(GOOGLEFINANCE(B287,""marketcap""),"""")","=IFERROR(GOOGLEFINANCE(B287,""volume""),"""")","=IFERROR(INDEX(GOOGLEFINANCE(B287,""close"",WORKDAY(TODAY(),-1),TODAY()),2,2),"""")","=IFERROR(INDEX(GOOGLEFINANCE(B287,""close"",WORKDAY(TODAY(),-5),TODAY()),2,2),"""")","=IFERROR(INDEX(GOOGLEFINANCE(B287,""close"",EDATE(TODAY(),-1),TODAY()),2,2),"""")","=IFERROR(INDEX(GOOGLEFINANCE(B287,""close"",EDATE(TODAY(),-3),TODAY()),2,2),"""")","=IFERROR(INDEX(GOOGLEFINANCE(B287,""close"",EDATE(TODAY(),-12),TODAY()),2,2),"""")","=IFERROR(INDEX(GOOGLEFINANCE(B287,""close"",EDATE(TODAY(),-24),TODAY()),2,2),"""")","=IFERROR(INDEX(GOOGLEFINANCE(B287,""close"",EDATE(TODAY(),-36),TODAY()),2,2),"""")","=IFERROR(INDEX(GOOGLEFINANCE(B287,""close"",EDATE(TODAY(),-60),TODAY()),2,2),"""")","=IFERROR(INDEX(GOOGLEFINANCE(B287,""close"",DATE(1970,1,1),TODAY()),2,2),"""")"
LEN,LEN,Lennar,Consumer Discretionary,"=IFERROR(GOOGLEFINANCE(B288,""price""),"""")","=IFERROR(GOOGLEFINANCE(B288,""marketcap""),"""")","=IFERROR(GOOGLEFINANCE(B288,""volume""),"""")","=IFERROR(INDEX(GOOGLEFINANCE(B288,""close"",WORKDAY(TODAY(),-1),TODAY()),2,2),"""")","=IFERROR(INDEX(GOOGLEFINANCE(B288,""close"",WORKDAY(TODAY(),-5),TODAY()),2,2),"""")","=IFERROR(INDEX(GOOGLEFINANCE(B288,""close"",EDATE(TODAY(),-1),TODAY()),2,2),"""")","=IFERROR(INDEX(GOOGLEFINANCE(B288,""close"",EDATE(TODAY(),-3),TODAY()),2,2),"""")","=IFERROR(INDEX(GOOGLEFINANCE(B288,""close"",EDATE(TODAY(),-12),TODAY()),2,2),"""")","=IFERROR(INDEX(GOOGLEFINANCE(B288,""close"",EDATE(TODAY(),-24),TODAY()),2,2),"""")","=IFERROR(INDEX(GOOGLEFINANCE(B288,""close"",EDATE(TODAY(),-36),TODAY()),2,2),"""")","=IFERROR(INDEX(GOOGLEFINANCE(B288,""close"",EDATE(TODAY(),-60),TODAY()),2,2),"""")","=IFERROR(INDEX(GOOGLEFINANCE(B288,""close"",DATE(1970,1,1),TODAY()),2,2),"""")"
LII,LII,Lennox International,Industrials,"=IFERROR(GOOGLEFINANCE(B289,""price""),"""")","=IFERROR(GOOGLEFINANCE(B289,""marketcap""),"""")","=IFERROR(GOOGLEFINANCE(B289,""volume""),"""")","=IFERROR(INDEX(GOOGLEFINANCE(B289,""close"",WORKDAY(TODAY(),-1),TODAY()),2,2),"""")","=IFERROR(INDEX(GOOGLEFINANCE(B289,""close"",WORKDAY(TODAY(),-5),TODAY()),2,2),"""")","=IFERROR(INDEX(GOOGLEFINANCE(B289,""close"",EDATE(TODAY(),-1),TODAY()),2,2),"""")","=IFERROR(INDEX(GOOGLEFINANCE(B289,""close"",EDATE(TODAY(),-3),TODAY()),2,2),"""")","=IFERROR(INDEX(GOOGLEFINANCE(B289,""close"",EDATE(TODAY(),-12),TODAY()),2,2),"""")","=IFERROR(INDEX(GOOGLEFINANCE(B289,""close"",EDATE(TODAY(),-24),TODAY()),2,2),"""")","=IFERROR(INDEX(GOOGLEFINANCE(B289,""close"",EDATE(TODAY(),-36),TODAY()),2,2),"""")","=IFERROR(INDEX(GOOGLEFINANCE(B289,""close"",EDATE(TODAY(),-60),TODAY()),2,2),"""")","=IFERROR(INDEX(GOOGLEFINANCE(B289,""close"",DATE(1970,1,1),TODAY()),2,2),"""")"
LLY,LLY,Lilly (Eli),Health Care,"=IFERROR(GOOGLEFINANCE(B290,""price""),"""")","=IFERROR(GOOGLEFINANCE(B290,""marketcap""),"""")","=IFERROR(GOOGLEFINANCE(B290,""volume""),"""")","=IFERROR(INDEX(GOOGLEFINANCE(B290,""close"",WORKDAY(TODAY(),-1),TODAY()),2,2),"""")","=IFERROR(INDEX(GOOGLEFINANCE(B290,""close"",WORKDAY(TODAY(),-5),TODAY()),2,2),"""")","=IFERROR(INDEX(GOOGLEFINANCE(B290,""close"",EDATE(TODAY(),-1),TODAY()),2,2),"""")","=IFERROR(INDEX(GOOGLEFINANCE(B290,""close"",EDATE(TODAY(),-3),TODAY()),2,2),"""")","=IFERROR(INDEX(GOOGLEFINANCE(B290,""close"",EDATE(TODAY(),-12),TODAY()),2,2),"""")","=IFERROR(INDEX(GOOGLEFINANCE(B290,""close"",EDATE(TODAY(),-24),TODAY()),2,2),"""")","=IFERROR(INDEX(GOOGLEFINANCE(B290,""close"",EDATE(TODAY(),-36),TODAY()),2,2),"""")","=IFERROR(INDEX(GOOGLEFINANCE(B290,""close"",EDATE(TODAY(),-60),TODAY()),2,2),"""")","=IFERROR(INDEX(GOOGLEFINANCE(B290,""close"",DATE(1970,1,1),TODAY()),2,2),"""")"
LIN,LIN,Linde plc,Materials,"=IFERROR(GOOGLEFINANCE(B291,""price""),"""")","=IFERROR(GOOGLEFINANCE(B291,""marketcap""),"""")","=IFERROR(GOOGLEFINANCE(B291,""volume""),"""")","=IFERROR(INDEX(GOOGLEFINANCE(B291,""close"",WORKDAY(TODAY(),-1),TODAY()),2,2),"""")","=IFERROR(INDEX(GOOGLEFINANCE(B291,""close"",WORKDAY(TODAY(),-5),TODAY()),2,2),"""")","=IFERROR(INDEX(GOOGLEFINANCE(B291,""close"",EDATE(TODAY(),-1),TODAY()),2,2),"""")","=IFERROR(INDEX(GOOGLEFINANCE(B291,""close"",EDATE(TODAY(),-3),TODAY()),2,2),"""")","=IFERROR(INDEX(GOOGLEFINANCE(B291,""close"",EDATE(TODAY(),-12),TODAY()),2,2),"""")","=IFERROR(INDEX(GOOGLEFINANCE(B291,""close"",EDATE(TODAY(),-24),TODAY()),2,2),"""")","=IFERROR(INDEX(GOOGLEFINANCE(B291,""close"",EDATE(TODAY(),-36),TODAY()),2,2),"""")","=IFERROR(INDEX(GOOGLEFINANCE(B291,""close"",EDATE(TODAY(),-60),TODAY()),2,2),"""")","=IFERROR(INDEX(GOOGLEFINANCE(B291,""close"",DATE(1970,1,1),TODAY()),2,2),"""")"
LYV,LYV,Live Nation Entertainment,Communication Services,"=IFERROR(GOOGLEFINANCE(B292,""price""),"""")","=IFERROR(GOOGLEFINANCE(B292,""marketcap""),"""")","=IFERROR(GOOGLEFINANCE(B292,""volume""),"""")","=IFERROR(INDEX(GOOGLEFINANCE(B292,""close"",WORKDAY(TODAY(),-1),TODAY()),2,2),"""")","=IFERROR(INDEX(GOOGLEFINANCE(B292,""close"",WORKDAY(TODAY(),-5),TODAY()),2,2),"""")","=IFERROR(INDEX(GOOGLEFINANCE(B292,""close"",EDATE(TODAY(),-1),TODAY()),2,2),"""")","=IFERROR(INDEX(GOOGLEFINANCE(B292,""close"",EDATE(TODAY(),-3),TODAY()),2,2),"""")","=IFERROR(INDEX(GOOGLEFINANCE(B292,""close"",EDATE(TODAY(),-12),TODAY()),2,2),"""")","=IFERROR(INDEX(GOOGLEFINANCE(B292,""close"",EDATE(TODAY(),-24),TODAY()),2,2),"""")","=IFERROR(INDEX(GOOGLEFINANCE(B292,""close"",EDATE(TODAY(),-36),TODAY()),2,2),"""")","=IFERROR(INDEX(GOOGLEFINANCE(B292,""close"",EDATE(TODAY(),-60),TODAY()),2,2),"""")","=IFERROR(INDEX(GOOGLEFINANCE(B292,""close"",DATE(1970,1,1),TODAY()),2,2),"""")"
LMT,LMT,Lockheed Martin,Industrials,"=IFERROR(GOOGLEFINANCE(B293,""price""),"""")","=IFERROR(GOOGLEFINANCE(B293,""marketcap""),"""")","=IFERROR(GOOGLEFINANCE(B293,""volume""),"""")","=IFERROR(INDEX(GOOGLEFINANCE(B293,""close"",WORKDAY(TODAY(),-1),TODAY()),2,2),"""")","=IFERROR(INDEX(GOOGLEFINANCE(B293,""close"",WORKDAY(TODAY(),-5),TODAY()),2,2),"""")","=IFERROR(INDEX(GOOGLEFINANCE(B293,""close"",EDATE(TODAY(),-1),TODAY()),2,2),"""")","=IFERROR(INDEX(GOOGLEFINANCE(B293,""close"",EDATE(TODAY(),-3),TODAY()),2,2),"""")","=IFERROR(INDEX(GOOGLEFINANCE(B293,""close"",EDATE(TODAY(),-12),TODAY()),2,2),"""")","=IFERROR(INDEX(GOOGLEFINANCE(B293,""close"",EDATE(TODAY(),-24),TODAY()),2,2),"""")","=IFERROR(INDEX(GOOGLEFINANCE(B293,""close"",EDATE(TODAY(),-36),TODAY()),2,2),"""")","=IFERROR(INDEX(GOOGLEFINANCE(B293,""close"",EDATE(TODAY(),-60),TODAY()),2,2),"""")","=IFERROR(INDEX(GOOGLEFINANCE(B293,""close"",DATE(1970,1,1),TODAY()),2,2),"""")"
L,L,Loews Corporation,Financials,"=IFERROR(GOOGLEFINANCE(B294,""price""),"""")","=IFERROR(GOOGLEFINANCE(B294,""marketcap""),"""")","=IFERROR(GOOGLEFINANCE(B294,""volume""),"""")","=IFERROR(INDEX(GOOGLEFINANCE(B294,""close"",WORKDAY(TODAY(),-1),TODAY()),2,2),"""")","=IFERROR(INDEX(GOOGLEFINANCE(B294,""close"",WORKDAY(TODAY(),-5),TODAY()),2,2),"""")","=IFERROR(INDEX(GOOGLEFINANCE(B294,""close"",EDATE(TODAY(),-1),TODAY()),2,2),"""")","=IFERROR(INDEX(GOOGLEFINANCE(B294,""close"",EDATE(TODAY(),-3),TODAY()),2,2),"""")","=IFERROR(INDEX(GOOGLEFINANCE(B294,""close"",EDATE(TODAY(),-12),TODAY()),2,2),"""")","=IFERROR(INDEX(GOOGLEFINANCE(B294,""close"",EDATE(TODAY(),-24),TODAY()),2,2),"""")","=IFERROR(INDEX(GOOGLEFINANCE(B294,""close"",EDATE(TODAY(),-36),TODAY()),2,2),"""")","=IFERROR(INDEX(GOOGLEFINANCE(B294,""close"",EDATE(TODAY(),-60),TODAY()),2,2),"""")","=IFERROR(INDEX(GOOGLEFINANCE(B294,""close"",DATE(1970,1,1),TODAY()),2,2),"""")"
LOW,LOW,Lowe's,Consumer Discretionary,"=IFERROR(GOOGLEFINANCE(B295,""price""),"""")","=IFERROR(GOOGLEFINANCE(B295,""marketcap""),"""")","=IFERROR(GOOGLEFINANCE(B295,""volume""),"""")","=IFERROR(INDEX(GOOGLEFINANCE(B295,""close"",WORKDAY(TODAY(),-1),TODAY()),2,2),"""")","=IFERROR(INDEX(GOOGLEFINANCE(B295,""close"",WORKDAY(TODAY(),-5),TODAY()),2,2),"""")","=IFERROR(INDEX(GOOGLEFINANCE(B295,""close"",EDATE(TODAY(),-1),TODAY()),2,2),"""")","=IFERROR(INDEX(GOOGLEFINANCE(B295,""close"",EDATE(TODAY(),-3),TODAY()),2,2),"""")","=IFERROR(INDEX(GOOGLEFINANCE(B295,""close"",EDATE(TODAY(),-12),TODAY()),2,2),"""")","=IFERROR(INDEX(GOOGLEFINANCE(B295,""close"",EDATE(TODAY(),-24),TODAY()),2,2),"""")","=IFERROR(INDEX(GOOGLEFINANCE(B295,""close"",EDATE(TODAY(),-36),TODAY()),2,2),"""")","=IFERROR(INDEX(GOOGLEFINANCE(B295,""close"",EDATE(TODAY(),-60),TODAY()),2,2),"""")","=IFERROR(INDEX(GOOGLEFINANCE(B295,""close"",DATE(1970,1,1),TODAY()),2,2),"""")"
LULU,LULU,Lululemon Athletica,Consumer Discretionary,"=IFERROR(GOOGLEFINANCE(B296,""price""),"""")","=IFERROR(GOOGLEFINANCE(B296,""marketcap""),"""")","=IFERROR(GOOGLEFINANCE(B296,""volume""),"""")","=IFERROR(INDEX(GOOGLEFINANCE(B296,""close"",WORKDAY(TODAY(),-1),TODAY()),2,2),"""")","=IFERROR(INDEX(GOOGLEFINANCE(B296,""close"",WORKDAY(TODAY(),-5),TODAY()),2,2),"""")","=IFERROR(INDEX(GOOGLEFINANCE(B296,""close"",EDATE(TODAY(),-1),TODAY()),2,2),"""")","=IFERROR(INDEX(GOOGLEFINANCE(B296,""close"",EDATE(TODAY(),-3),TODAY()),2,2),"""")","=IFERROR(INDEX(GOOGLEFINANCE(B296,""close"",EDATE(TODAY(),-12),TODAY()),2,2),"""")","=IFERROR(INDEX(GOOGLEFINANCE(B296,""close"",EDATE(TODAY(),-24),TODAY()),2,2),"""")","=IFERROR(INDEX(GOOGLEFINANCE(B296,""close"",EDATE(TODAY(),-36),TODAY()),2,2),"""")","=IFERROR(INDEX(GOOGLEFINANCE(B296,""close"",EDATE(TODAY(),-60),TODAY()),2,2),"""")","=IFERROR(INDEX(GOOGLEFINANCE(B296,""close"",DATE(1970,1,1),TODAY()),2,2),"""")"
LITE,LITE,Lumentum,Information Technology,"=IFERROR(GOOGLEFINANCE(B297,""price""),"""")","=IFERROR(GOOGLEFINANCE(B297,""marketcap""),"""")","=IFERROR(GOOGLEFINANCE(B297,""volume""),"""")","=IFERROR(INDEX(GOOGLEFINANCE(B297,""close"",WORKDAY(TODAY(),-1),TODAY()),2,2),"""")","=IFERROR(INDEX(GOOGLEFINANCE(B297,""close"",WORKDAY(TODAY(),-5),TODAY()),2,2),"""")","=IFERROR(INDEX(GOOGLEFINANCE(B297,""close"",EDATE(TODAY(),-1),TODAY()),2,2),"""")","=IFERROR(INDEX(GOOGLEFINANCE(B297,""close"",EDATE(TODAY(),-3),TODAY()),2,2),"""")","=IFERROR(INDEX(GOOGLEFINANCE(B297,""close"",EDATE(TODAY(),-12),TODAY()),2,2),"""")","=IFERROR(INDEX(GOOGLEFINANCE(B297,""close"",EDATE(TODAY(),-24),TODAY()),2,2),"""")","=IFERROR(INDEX(GOOGLEFINANCE(B297,""close"",EDATE(TODAY(),-36),TODAY()),2,2),"""")","=IFERROR(INDEX(GOOGLEFINANCE(B297,""close"",EDATE(TODAY(),-60),TODAY()),2,2),"""")","=IFERROR(INDEX(GOOGLEFINANCE(B297,""close"",DATE(1970,1,1),TODAY()),2,2),"""")"
LYB,LYB,LyondellBasell,Materials,"=IFERROR(GOOGLEFINANCE(B298,""price""),"""")","=IFERROR(GOOGLEFINANCE(B298,""marketcap""),"""")","=IFERROR(GOOGLEFINANCE(B298,""volume""),"""")","=IFERROR(INDEX(GOOGLEFINANCE(B298,""close"",WORKDAY(TODAY(),-1),TODAY()),2,2),"""")","=IFERROR(INDEX(GOOGLEFINANCE(B298,""close"",WORKDAY(TODAY(),-5),TODAY()),2,2),"""")","=IFERROR(INDEX(GOOGLEFINANCE(B298,""close"",EDATE(TODAY(),-1),TODAY()),2,2),"""")","=IFERROR(INDEX(GOOGLEFINANCE(B298,""close"",EDATE(TODAY(),-3),TODAY()),2,2),"""")","=IFERROR(INDEX(GOOGLEFINANCE(B298,""close"",EDATE(TODAY(),-12),TODAY()),2,2),"""")","=IFERROR(INDEX(GOOGLEFINANCE(B298,""close"",EDATE(TODAY(),-24),TODAY()),2,2),"""")","=IFERROR(INDEX(GOOGLEFINANCE(B298,""close"",EDATE(TODAY(),-36),TODAY()),2,2),"""")","=IFERROR(INDEX(GOOGLEFINANCE(B298,""close"",EDATE(TODAY(),-60),TODAY()),2,2),"""")","=IFERROR(INDEX(GOOGLEFINANCE(B298,""close"",DATE(1970,1,1),TODAY()),2,2),"""")"
MTB,MTB,M&T Bank,Financials,"=IFERROR(GOOGLEFINANCE(B299,""price""),"""")","=IFERROR(GOOGLEFINANCE(B299,""marketcap""),"""")","=IFERROR(GOOGLEFINANCE(B299,""volume""),"""")","=IFERROR(INDEX(GOOGLEFINANCE(B299,""close"",WORKDAY(TODAY(),-1),TODAY()),2,2),"""")","=IFERROR(INDEX(GOOGLEFINANCE(B299,""close"",WORKDAY(TODAY(),-5),TODAY()),2,2),"""")","=IFERROR(INDEX(GOOGLEFINANCE(B299,""close"",EDATE(TODAY(),-1),TODAY()),2,2),"""")","=IFERROR(INDEX(GOOGLEFINANCE(B299,""close"",EDATE(TODAY(),-3),TODAY()),2,2),"""")","=IFERROR(INDEX(GOOGLEFINANCE(B299,""close"",EDATE(TODAY(),-12),TODAY()),2,2),"""")","=IFERROR(INDEX(GOOGLEFINANCE(B299,""close"",EDATE(TODAY(),-24),TODAY()),2,2),"""")","=IFERROR(INDEX(GOOGLEFINANCE(B299,""close"",EDATE(TODAY(),-36),TODAY()),2,2),"""")","=IFERROR(INDEX(GOOGLEFINANCE(B299,""close"",EDATE(TODAY(),-60),TODAY()),2,2),"""")","=IFERROR(INDEX(GOOGLEFINANCE(B299,""close"",DATE(1970,1,1),TODAY()),2,2),"""")"
MPC,MPC,Marathon Petroleum,Energy,"=IFERROR(GOOGLEFINANCE(B300,""price""),"""")","=IFERROR(GOOGLEFINANCE(B300,""marketcap""),"""")","=IFERROR(GOOGLEFINANCE(B300,""volume""),"""")","=IFERROR(INDEX(GOOGLEFINANCE(B300,""close"",WORKDAY(TODAY(),-1),TODAY()),2,2),"""")","=IFERROR(INDEX(GOOGLEFINANCE(B300,""close"",WORKDAY(TODAY(),-5),TODAY()),2,2),"""")","=IFERROR(INDEX(GOOGLEFINANCE(B300,""close"",EDATE(TODAY(),-1),TODAY()),2,2),"""")","=IFERROR(INDEX(GOOGLEFINANCE(B300,""close"",EDATE(TODAY(),-3),TODAY()),2,2),"""")","=IFERROR(INDEX(GOOGLEFINANCE(B300,""close"",EDATE(TODAY(),-12),TODAY()),2,2),"""")","=IFERROR(INDEX(GOOGLEFINANCE(B300,""close"",EDATE(TODAY(),-24),TODAY()),2,2),"""")","=IFERROR(INDEX(GOOGLEFINANCE(B300,""close"",EDATE(TODAY(),-36),TODAY()),2,2),"""")","=IFERROR(INDEX(GOOGLEFINANCE(B300,""close"",EDATE(TODAY(),-60),TODAY()),2,2),"""")","=IFERROR(INDEX(GOOGLEFINANCE(B300,""close"",DATE(1970,1,1),TODAY()),2,2),"""")"
MAR,MAR,Marriott International,Consumer Discretionary,"=IFERROR(GOOGLEFINANCE(B301,""price""),"""")","=IFERROR(GOOGLEFINANCE(B301,""marketcap""),"""")","=IFERROR(GOOGLEFINANCE(B301,""volume""),"""")","=IFERROR(INDEX(GOOGLEFINANCE(B301,""close"",WORKDAY(TODAY(),-1),TODAY()),2,2),"""")","=IFERROR(INDEX(GOOGLEFINANCE(B301,""close"",WORKDAY(TODAY(),-5),TODAY()),2,2),"""")","=IFERROR(INDEX(GOOGLEFINANCE(B301,""close"",EDATE(TODAY(),-1),TODAY()),2,2),"""")","=IFERROR(INDEX(GOOGLEFINANCE(B301,""close"",EDATE(TODAY(),-3),TODAY()),2,2),"""")","=IFERROR(INDEX(GOOGLEFINANCE(B301,""close"",EDATE(TODAY(),-12),TODAY()),2,2),"""")","=IFERROR(INDEX(GOOGLEFINANCE(B301,""close"",EDATE(TODAY(),-24),TODAY()),2,2),"""")","=IFERROR(INDEX(GOOGLEFINANCE(B301,""close"",EDATE(TODAY(),-36),TODAY()),2,2),"""")","=IFERROR(INDEX(GOOGLEFINANCE(B301,""close"",EDATE(TODAY(),-60),TODAY()),2,2),"""")","=IFERROR(INDEX(GOOGLEFINANCE(B301,""close"",DATE(1970,1,1),TODAY()),2,2),"""")"
MRSH,MRSH,Marsh McLennan,Financials,"=IFERROR(GOOGLEFINANCE(B302,""price""),"""")","=IFERROR(GOOGLEFINANCE(B302,""marketcap""),"""")","=IFERROR(GOOGLEFINANCE(B302,""volume""),"""")","=IFERROR(INDEX(GOOGLEFINANCE(B302,""close"",WORKDAY(TODAY(),-1),TODAY()),2,2),"""")","=IFERROR(INDEX(GOOGLEFINANCE(B302,""close"",WORKDAY(TODAY(),-5),TODAY()),2,2),"""")","=IFERROR(INDEX(GOOGLEFINANCE(B302,""close"",EDATE(TODAY(),-1),TODAY()),2,2),"""")","=IFERROR(INDEX(GOOGLEFINANCE(B302,""close"",EDATE(TODAY(),-3),TODAY()),2,2),"""")","=IFERROR(INDEX(GOOGLEFINANCE(B302,""close"",EDATE(TODAY(),-12),TODAY()),2,2),"""")","=IFERROR(INDEX(GOOGLEFINANCE(B302,""close"",EDATE(TODAY(),-24),TODAY()),2,2),"""")","=IFERROR(INDEX(GOOGLEFINANCE(B302,""close"",EDATE(TODAY(),-36),TODAY()),2,2),"""")","=IFERROR(INDEX(GOOGLEFINANCE(B302,""close"",EDATE(TODAY(),-60),TODAY()),2,2),"""")","=IFERROR(INDEX(GOOGLEFINANCE(B302,""close"",DATE(1970,1,1),TODAY()),2,2),"""")"
MLM,MLM,Martin Marietta Materials,Materials,"=IFERROR(GOOGLEFINANCE(B303,""price""),"""")","=IFERROR(GOOGLEFINANCE(B303,""marketcap""),"""")","=IFERROR(GOOGLEFINANCE(B303,""volume""),"""")","=IFERROR(INDEX(GOOGLEFINANCE(B303,""close"",WORKDAY(TODAY(),-1),TODAY()),2,2),"""")","=IFERROR(INDEX(GOOGLEFINANCE(B303,""close"",WORKDAY(TODAY(),-5),TODAY()),2,2),"""")","=IFERROR(INDEX(GOOGLEFINANCE(B303,""close"",EDATE(TODAY(),-1),TODAY()),2,2),"""")","=IFERROR(INDEX(GOOGLEFINANCE(B303,""close"",EDATE(TODAY(),-3),TODAY()),2,2),"""")","=IFERROR(INDEX(GOOGLEFINANCE(B303,""close"",EDATE(TODAY(),-12),TODAY()),2,2),"""")","=IFERROR(INDEX(GOOGLEFINANCE(B303,""close"",EDATE(TODAY(),-24),TODAY()),2,2),"""")","=IFERROR(INDEX(GOOGLEFINANCE(B303,""close"",EDATE(TODAY(),-36),TODAY()),2,2),"""")","=IFERROR(INDEX(GOOGLEFINANCE(B303,""close"",EDATE(TODAY(),-60),TODAY()),2,2),"""")","=IFERROR(INDEX(GOOGLEFINANCE(B303,""close"",DATE(1970,1,1),TODAY()),2,2),"""")"
MAS,MAS,Masco,Industrials,"=IFERROR(GOOGLEFINANCE(B304,""price""),"""")","=IFERROR(GOOGLEFINANCE(B304,""marketcap""),"""")","=IFERROR(GOOGLEFINANCE(B304,""volume""),"""")","=IFERROR(INDEX(GOOGLEFINANCE(B304,""close"",WORKDAY(TODAY(),-1),TODAY()),2,2),"""")","=IFERROR(INDEX(GOOGLEFINANCE(B304,""close"",WORKDAY(TODAY(),-5),TODAY()),2,2),"""")","=IFERROR(INDEX(GOOGLEFINANCE(B304,""close"",EDATE(TODAY(),-1),TODAY()),2,2),"""")","=IFERROR(INDEX(GOOGLEFINANCE(B304,""close"",EDATE(TODAY(),-3),TODAY()),2,2),"""")","=IFERROR(INDEX(GOOGLEFINANCE(B304,""close"",EDATE(TODAY(),-12),TODAY()),2,2),"""")","=IFERROR(INDEX(GOOGLEFINANCE(B304,""close"",EDATE(TODAY(),-24),TODAY()),2,2),"""")","=IFERROR(INDEX(GOOGLEFINANCE(B304,""close"",EDATE(TODAY(),-36),TODAY()),2,2),"""")","=IFERROR(INDEX(GOOGLEFINANCE(B304,""close"",EDATE(TODAY(),-60),TODAY()),2,2),"""")","=IFERROR(INDEX(GOOGLEFINANCE(B304,""close"",DATE(1970,1,1),TODAY()),2,2),"""")"
MA,MA,Mastercard,Financials,"=IFERROR(GOOGLEFINANCE(B305,""price""),"""")","=IFERROR(GOOGLEFINANCE(B305,""marketcap""),"""")","=IFERROR(GOOGLEFINANCE(B305,""volume""),"""")","=IFERROR(INDEX(GOOGLEFINANCE(B305,""close"",WORKDAY(TODAY(),-1),TODAY()),2,2),"""")","=IFERROR(INDEX(GOOGLEFINANCE(B305,""close"",WORKDAY(TODAY(),-5),TODAY()),2,2),"""")","=IFERROR(INDEX(GOOGLEFINANCE(B305,""close"",EDATE(TODAY(),-1),TODAY()),2,2),"""")","=IFERROR(INDEX(GOOGLEFINANCE(B305,""close"",EDATE(TODAY(),-3),TODAY()),2,2),"""")","=IFERROR(INDEX(GOOGLEFINANCE(B305,""close"",EDATE(TODAY(),-12),TODAY()),2,2),"""")","=IFERROR(INDEX(GOOGLEFINANCE(B305,""close"",EDATE(TODAY(),-24),TODAY()),2,2),"""")","=IFERROR(INDEX(GOOGLEFINANCE(B305,""close"",EDATE(TODAY(),-36),TODAY()),2,2),"""")","=IFERROR(INDEX(GOOGLEFINANCE(B305,""close"",EDATE(TODAY(),-60),TODAY()),2,2),"""")","=IFERROR(INDEX(GOOGLEFINANCE(B305,""close"",DATE(1970,1,1),TODAY()),2,2),"""")"
MKC,MKC,McCormick & Company,Consumer Staples,"=IFERROR(GOOGLEFINANCE(B306,""price""),"""")","=IFERROR(GOOGLEFINANCE(B306,""marketcap""),"""")","=IFERROR(GOOGLEFINANCE(B306,""volume""),"""")","=IFERROR(INDEX(GOOGLEFINANCE(B306,""close"",WORKDAY(TODAY(),-1),TODAY()),2,2),"""")","=IFERROR(INDEX(GOOGLEFINANCE(B306,""close"",WORKDAY(TODAY(),-5),TODAY()),2,2),"""")","=IFERROR(INDEX(GOOGLEFINANCE(B306,""close"",EDATE(TODAY(),-1),TODAY()),2,2),"""")","=IFERROR(INDEX(GOOGLEFINANCE(B306,""close"",EDATE(TODAY(),-3),TODAY()),2,2),"""")","=IFERROR(INDEX(GOOGLEFINANCE(B306,""close"",EDATE(TODAY(),-12),TODAY()),2,2),"""")","=IFERROR(INDEX(GOOGLEFINANCE(B306,""close"",EDATE(TODAY(),-24),TODAY()),2,2),"""")","=IFERROR(INDEX(GOOGLEFINANCE(B306,""close"",EDATE(TODAY(),-36),TODAY()),2,2),"""")","=IFERROR(INDEX(GOOGLEFINANCE(B306,""close"",EDATE(TODAY(),-60),TODAY()),2,2),"""")","=IFERROR(INDEX(GOOGLEFINANCE(B306,""close"",DATE(1970,1,1),TODAY()),2,2),"""")"
MCD,MCD,McDonald's,Consumer Discretionary,"=IFERROR(GOOGLEFINANCE(B307,""price""),"""")","=IFERROR(GOOGLEFINANCE(B307,""marketcap""),"""")","=IFERROR(GOOGLEFINANCE(B307,""volume""),"""")","=IFERROR(INDEX(GOOGLEFINANCE(B307,""close"",WORKDAY(TODAY(),-1),TODAY()),2,2),"""")","=IFERROR(INDEX(GOOGLEFINANCE(B307,""close"",WORKDAY(TODAY(),-5),TODAY()),2,2),"""")","=IFERROR(INDEX(GOOGLEFINANCE(B307,""close"",EDATE(TODAY(),-1),TODAY()),2,2),"""")","=IFERROR(INDEX(GOOGLEFINANCE(B307,""close"",EDATE(TODAY(),-3),TODAY()),2,2),"""")","=IFERROR(INDEX(GOOGLEFINANCE(B307,""close"",EDATE(TODAY(),-12),TODAY()),2,2),"""")","=IFERROR(INDEX(GOOGLEFINANCE(B307,""close"",EDATE(TODAY(),-24),TODAY()),2,2),"""")","=IFERROR(INDEX(GOOGLEFINANCE(B307,""close"",EDATE(TODAY(),-36),TODAY()),2,2),"""")","=IFERROR(INDEX(GOOGLEFINANCE(B307,""close"",EDATE(TODAY(),-60),TODAY()),2,2),"""")","=IFERROR(INDEX(GOOGLEFINANCE(B307,""close"",DATE(1970,1,1),TODAY()),2,2),"""")"
MCK,MCK,McKesson Corporation,Health Care,"=IFERROR(GOOGLEFINANCE(B308,""price""),"""")","=IFERROR(GOOGLEFINANCE(B308,""marketcap""),"""")","=IFERROR(GOOGLEFINANCE(B308,""volume""),"""")","=IFERROR(INDEX(GOOGLEFINANCE(B308,""close"",WORKDAY(TODAY(),-1),TODAY()),2,2),"""")","=IFERROR(INDEX(GOOGLEFINANCE(B308,""close"",WORKDAY(TODAY(),-5),TODAY()),2,2),"""")","=IFERROR(INDEX(GOOGLEFINANCE(B308,""close"",EDATE(TODAY(),-1),TODAY()),2,2),"""")","=IFERROR(INDEX(GOOGLEFINANCE(B308,""close"",EDATE(TODAY(),-3),TODAY()),2,2),"""")","=IFERROR(INDEX(GOOGLEFINANCE(B308,""close"",EDATE(TODAY(),-12),TODAY()),2,2),"""")","=IFERROR(INDEX(GOOGLEFINANCE(B308,""close"",EDATE(TODAY(),-24),TODAY()),2,2),"""")","=IFERROR(INDEX(GOOGLEFINANCE(B308,""close"",EDATE(TODAY(),-36),TODAY()),2,2),"""")","=IFERROR(INDEX(GOOGLEFINANCE(B308,""close"",EDATE(TODAY(),-60),TODAY()),2,2),"""")","=IFERROR(INDEX(GOOGLEFINANCE(B308,""close"",DATE(1970,1,1),TODAY()),2,2),"""")"
MDT,MDT,Medtronic,Health Care,"=IFERROR(GOOGLEFINANCE(B309,""price""),"""")","=IFERROR(GOOGLEFINANCE(B309,""marketcap""),"""")","=IFERROR(GOOGLEFINANCE(B309,""volume""),"""")","=IFERROR(INDEX(GOOGLEFINANCE(B309,""close"",WORKDAY(TODAY(),-1),TODAY()),2,2),"""")","=IFERROR(INDEX(GOOGLEFINANCE(B309,""close"",WORKDAY(TODAY(),-5),TODAY()),2,2),"""")","=IFERROR(INDEX(GOOGLEFINANCE(B309,""close"",EDATE(TODAY(),-1),TODAY()),2,2),"""")","=IFERROR(INDEX(GOOGLEFINANCE(B309,""close"",EDATE(TODAY(),-3),TODAY()),2,2),"""")","=IFERROR(INDEX(GOOGLEFINANCE(B309,""close"",EDATE(TODAY(),-12),TODAY()),2,2),"""")","=IFERROR(INDEX(GOOGLEFINANCE(B309,""close"",EDATE(TODAY(),-24),TODAY()),2,2),"""")","=IFERROR(INDEX(GOOGLEFINANCE(B309,""close"",EDATE(TODAY(),-36),TODAY()),2,2),"""")","=IFERROR(INDEX(GOOGLEFINANCE(B309,""close"",EDATE(TODAY(),-60),TODAY()),2,2),"""")","=IFERROR(INDEX(GOOGLEFINANCE(B309,""close"",DATE(1970,1,1),TODAY()),2,2),"""")"
MRK,MRK,Merck & Co.,Health Care,"=IFERROR(GOOGLEFINANCE(B310,""price""),"""")","=IFERROR(GOOGLEFINANCE(B310,""marketcap""),"""")","=IFERROR(GOOGLEFINANCE(B310,""volume""),"""")","=IFERROR(INDEX(GOOGLEFINANCE(B310,""close"",WORKDAY(TODAY(),-1),TODAY()),2,2),"""")","=IFERROR(INDEX(GOOGLEFINANCE(B310,""close"",WORKDAY(TODAY(),-5),TODAY()),2,2),"""")","=IFERROR(INDEX(GOOGLEFINANCE(B310,""close"",EDATE(TODAY(),-1),TODAY()),2,2),"""")","=IFERROR(INDEX(GOOGLEFINANCE(B310,""close"",EDATE(TODAY(),-3),TODAY()),2,2),"""")","=IFERROR(INDEX(GOOGLEFINANCE(B310,""close"",EDATE(TODAY(),-12),TODAY()),2,2),"""")","=IFERROR(INDEX(GOOGLEFINANCE(B310,""close"",EDATE(TODAY(),-24),TODAY()),2,2),"""")","=IFERROR(INDEX(GOOGLEFINANCE(B310,""close"",EDATE(TODAY(),-36),TODAY()),2,2),"""")","=IFERROR(INDEX(GOOGLEFINANCE(B310,""close"",EDATE(TODAY(),-60),TODAY()),2,2),"""")","=IFERROR(INDEX(GOOGLEFINANCE(B310,""close"",DATE(1970,1,1),TODAY()),2,2),"""")"
META,META,Meta Platforms,Communication Services,"=IFERROR(GOOGLEFINANCE(B311,""price""),"""")","=IFERROR(GOOGLEFINANCE(B311,""marketcap""),"""")","=IFERROR(GOOGLEFINANCE(B311,""volume""),"""")","=IFERROR(INDEX(GOOGLEFINANCE(B311,""close"",WORKDAY(TODAY(),-1),TODAY()),2,2),"""")","=IFERROR(INDEX(GOOGLEFINANCE(B311,""close"",WORKDAY(TODAY(),-5),TODAY()),2,2),"""")","=IFERROR(INDEX(GOOGLEFINANCE(B311,""close"",EDATE(TODAY(),-1),TODAY()),2,2),"""")","=IFERROR(INDEX(GOOGLEFINANCE(B311,""close"",EDATE(TODAY(),-3),TODAY()),2,2),"""")","=IFERROR(INDEX(GOOGLEFINANCE(B311,""close"",EDATE(TODAY(),-12),TODAY()),2,2),"""")","=IFERROR(INDEX(GOOGLEFINANCE(B311,""close"",EDATE(TODAY(),-24),TODAY()),2,2),"""")","=IFERROR(INDEX(GOOGLEFINANCE(B311,""close"",EDATE(TODAY(),-36),TODAY()),2,2),"""")","=IFERROR(INDEX(GOOGLEFINANCE(B311,""close"",EDATE(TODAY(),-60),TODAY()),2,2),"""")","=IFERROR(INDEX(GOOGLEFINANCE(B311,""close"",DATE(1970,1,1),TODAY()),2,2),"""")"
MET,MET,MetLife,Financials,"=IFERROR(GOOGLEFINANCE(B312,""price""),"""")","=IFERROR(GOOGLEFINANCE(B312,""marketcap""),"""")","=IFERROR(GOOGLEFINANCE(B312,""volume""),"""")","=IFERROR(INDEX(GOOGLEFINANCE(B312,""close"",WORKDAY(TODAY(),-1),TODAY()),2,2),"""")","=IFERROR(INDEX(GOOGLEFINANCE(B312,""close"",WORKDAY(TODAY(),-5),TODAY()),2,2),"""")","=IFERROR(INDEX(GOOGLEFINANCE(B312,""close"",EDATE(TODAY(),-1),TODAY()),2,2),"""")","=IFERROR(INDEX(GOOGLEFINANCE(B312,""close"",EDATE(TODAY(),-3),TODAY()),2,2),"""")","=IFERROR(INDEX(GOOGLEFINANCE(B312,""close"",EDATE(TODAY(),-12),TODAY()),2,2),"""")","=IFERROR(INDEX(GOOGLEFINANCE(B312,""close"",EDATE(TODAY(),-24),TODAY()),2,2),"""")","=IFERROR(INDEX(GOOGLEFINANCE(B312,""close"",EDATE(TODAY(),-36),TODAY()),2,2),"""")","=IFERROR(INDEX(GOOGLEFINANCE(B312,""close"",EDATE(TODAY(),-60),TODAY()),2,2),"""")","=IFERROR(INDEX(GOOGLEFINANCE(B312,""close"",DATE(1970,1,1),TODAY()),2,2),"""")"
MTD,MTD,Mettler Toledo,Health Care,"=IFERROR(GOOGLEFINANCE(B313,""price""),"""")","=IFERROR(GOOGLEFINANCE(B313,""marketcap""),"""")","=IFERROR(GOOGLEFINANCE(B313,""volume""),"""")","=IFERROR(INDEX(GOOGLEFINANCE(B313,""close"",WORKDAY(TODAY(),-1),TODAY()),2,2),"""")","=IFERROR(INDEX(GOOGLEFINANCE(B313,""close"",WORKDAY(TODAY(),-5),TODAY()),2,2),"""")","=IFERROR(INDEX(GOOGLEFINANCE(B313,""close"",EDATE(TODAY(),-1),TODAY()),2,2),"""")","=IFERROR(INDEX(GOOGLEFINANCE(B313,""close"",EDATE(TODAY(),-3),TODAY()),2,2),"""")","=IFERROR(INDEX(GOOGLEFINANCE(B313,""close"",EDATE(TODAY(),-12),TODAY()),2,2),"""")","=IFERROR(INDEX(GOOGLEFINANCE(B313,""close"",EDATE(TODAY(),-24),TODAY()),2,2),"""")","=IFERROR(INDEX(GOOGLEFINANCE(B313,""close"",EDATE(TODAY(),-36),TODAY()),2,2),"""")","=IFERROR(INDEX(GOOGLEFINANCE(B313,""close"",EDATE(TODAY(),-60),TODAY()),2,2),"""")","=IFERROR(INDEX(GOOGLEFINANCE(B313,""close"",DATE(1970,1,1),TODAY()),2,2),"""")"
MGM,MGM,MGM Resorts,Consumer Discretionary,"=IFERROR(GOOGLEFINANCE(B314,""price""),"""")","=IFERROR(GOOGLEFINANCE(B314,""marketcap""),"""")","=IFERROR(GOOGLEFINANCE(B314,""volume""),"""")","=IFERROR(INDEX(GOOGLEFINANCE(B314,""close"",WORKDAY(TODAY(),-1),TODAY()),2,2),"""")","=IFERROR(INDEX(GOOGLEFINANCE(B314,""close"",WORKDAY(TODAY(),-5),TODAY()),2,2),"""")","=IFERROR(INDEX(GOOGLEFINANCE(B314,""close"",EDATE(TODAY(),-1),TODAY()),2,2),"""")","=IFERROR(INDEX(GOOGLEFINANCE(B314,""close"",EDATE(TODAY(),-3),TODAY()),2,2),"""")","=IFERROR(INDEX(GOOGLEFINANCE(B314,""close"",EDATE(TODAY(),-12),TODAY()),2,2),"""")","=IFERROR(INDEX(GOOGLEFINANCE(B314,""close"",EDATE(TODAY(),-24),TODAY()),2,2),"""")","=IFERROR(INDEX(GOOGLEFINANCE(B314,""close"",EDATE(TODAY(),-36),TODAY()),2,2),"""")","=IFERROR(INDEX(GOOGLEFINANCE(B314,""close"",EDATE(TODAY(),-60),TODAY()),2,2),"""")","=IFERROR(INDEX(GOOGLEFINANCE(B314,""close"",DATE(1970,1,1),TODAY()),2,2),"""")"
MCHP,MCHP,Microchip Technology,Information Technology,"=IFERROR(GOOGLEFINANCE(B315,""price""),"""")","=IFERROR(GOOGLEFINANCE(B315,""marketcap""),"""")","=IFERROR(GOOGLEFINANCE(B315,""volume""),"""")","=IFERROR(INDEX(GOOGLEFINANCE(B315,""close"",WORKDAY(TODAY(),-1),TODAY()),2,2),"""")","=IFERROR(INDEX(GOOGLEFINANCE(B315,""close"",WORKDAY(TODAY(),-5),TODAY()),2,2),"""")","=IFERROR(INDEX(GOOGLEFINANCE(B315,""close"",EDATE(TODAY(),-1),TODAY()),2,2),"""")","=IFERROR(INDEX(GOOGLEFINANCE(B315,""close"",EDATE(TODAY(),-3),TODAY()),2,2),"""")","=IFERROR(INDEX(GOOGLEFINANCE(B315,""close"",EDATE(TODAY(),-12),TODAY()),2,2),"""")","=IFERROR(INDEX(GOOGLEFINANCE(B315,""close"",EDATE(TODAY(),-24),TODAY()),2,2),"""")","=IFERROR(INDEX(GOOGLEFINANCE(B315,""close"",EDATE(TODAY(),-36),TODAY()),2,2),"""")","=IFERROR(INDEX(GOOGLEFINANCE(B315,""close"",EDATE(TODAY(),-60),TODAY()),2,2),"""")","=IFERROR(INDEX(GOOGLEFINANCE(B315,""close"",DATE(1970,1,1),TODAY()),2,2),"""")"
MU,MU,Micron Technology,Information Technology,"=IFERROR(GOOGLEFINANCE(B316,""price""),"""")","=IFERROR(GOOGLEFINANCE(B316,""marketcap""),"""")","=IFERROR(GOOGLEFINANCE(B316,""volume""),"""")","=IFERROR(INDEX(GOOGLEFINANCE(B316,""close"",WORKDAY(TODAY(),-1),TODAY()),2,2),"""")","=IFERROR(INDEX(GOOGLEFINANCE(B316,""close"",WORKDAY(TODAY(),-5),TODAY()),2,2),"""")","=IFERROR(INDEX(GOOGLEFINANCE(B316,""close"",EDATE(TODAY(),-1),TODAY()),2,2),"""")","=IFERROR(INDEX(GOOGLEFINANCE(B316,""close"",EDATE(TODAY(),-3),TODAY()),2,2),"""")","=IFERROR(INDEX(GOOGLEFINANCE(B316,""close"",EDATE(TODAY(),-12),TODAY()),2,2),"""")","=IFERROR(INDEX(GOOGLEFINANCE(B316,""close"",EDATE(TODAY(),-24),TODAY()),2,2),"""")","=IFERROR(INDEX(GOOGLEFINANCE(B316,""close"",EDATE(TODAY(),-36),TODAY()),2,2),"""")","=IFERROR(INDEX(GOOGLEFINANCE(B316,""close"",EDATE(TODAY(),-60),TODAY()),2,2),"""")","=IFERROR(INDEX(GOOGLEFINANCE(B316,""close"",DATE(1970,1,1),TODAY()),2,2),"""")"
MSFT,MSFT,Microsoft,Information Technology,"=IFERROR(GOOGLEFINANCE(B317,""price""),"""")","=IFERROR(GOOGLEFINANCE(B317,""marketcap""),"""")","=IFERROR(GOOGLEFINANCE(B317,""volume""),"""")","=IFERROR(INDEX(GOOGLEFINANCE(B317,""close"",WORKDAY(TODAY(),-1),TODAY()),2,2),"""")","=IFERROR(INDEX(GOOGLEFINANCE(B317,""close"",WORKDAY(TODAY(),-5),TODAY()),2,2),"""")","=IFERROR(INDEX(GOOGLEFINANCE(B317,""close"",EDATE(TODAY(),-1),TODAY()),2,2),"""")","=IFERROR(INDEX(GOOGLEFINANCE(B317,""close"",EDATE(TODAY(),-3),TODAY()),2,2),"""")","=IFERROR(INDEX(GOOGLEFINANCE(B317,""close"",EDATE(TODAY(),-12),TODAY()),2,2),"""")","=IFERROR(INDEX(GOOGLEFINANCE(B317,""close"",EDATE(TODAY(),-24),TODAY()),2,2),"""")","=IFERROR(INDEX(GOOGLEFINANCE(B317,""close"",EDATE(TODAY(),-36),TODAY()),2,2),"""")","=IFERROR(INDEX(GOOGLEFINANCE(B317,""close"",EDATE(TODAY(),-60),TODAY()),2,2),"""")","=IFERROR(INDEX(GOOGLEFINANCE(B317,""close"",DATE(1970,1,1),TODAY()),2,2),"""")"
MAA,MAA,Mid-America Apartment Communities,Real Estate,"=IFERROR(GOOGLEFINANCE(B318,""price""),"""")","=IFERROR(GOOGLEFINANCE(B318,""marketcap""),"""")","=IFERROR(GOOGLEFINANCE(B318,""volume""),"""")","=IFERROR(INDEX(GOOGLEFINANCE(B318,""close"",WORKDAY(TODAY(),-1),TODAY()),2,2),"""")","=IFERROR(INDEX(GOOGLEFINANCE(B318,""close"",WORKDAY(TODAY(),-5),TODAY()),2,2),"""")","=IFERROR(INDEX(GOOGLEFINANCE(B318,""close"",EDATE(TODAY(),-1),TODAY()),2,2),"""")","=IFERROR(INDEX(GOOGLEFINANCE(B318,""close"",EDATE(TODAY(),-3),TODAY()),2,2),"""")","=IFERROR(INDEX(GOOGLEFINANCE(B318,""close"",EDATE(TODAY(),-12),TODAY()),2,2),"""")","=IFERROR(INDEX(GOOGLEFINANCE(B318,""close"",EDATE(TODAY(),-24),TODAY()),2,2),"""")","=IFERROR(INDEX(GOOGLEFINANCE(B318,""close"",EDATE(TODAY(),-36),TODAY()),2,2),"""")","=IFERROR(INDEX(GOOGLEFINANCE(B318,""close"",EDATE(TODAY(),-60),TODAY()),2,2),"""")","=IFERROR(INDEX(GOOGLEFINANCE(B318,""close"",DATE(1970,1,1),TODAY()),2,2),"""")"
MRNA,MRNA,Moderna,Health Care,"=IFERROR(GOOGLEFINANCE(B319,""price""),"""")","=IFERROR(GOOGLEFINANCE(B319,""marketcap""),"""")","=IFERROR(GOOGLEFINANCE(B319,""volume""),"""")","=IFERROR(INDEX(GOOGLEFINANCE(B319,""close"",WORKDAY(TODAY(),-1),TODAY()),2,2),"""")","=IFERROR(INDEX(GOOGLEFINANCE(B319,""close"",WORKDAY(TODAY(),-5),TODAY()),2,2),"""")","=IFERROR(INDEX(GOOGLEFINANCE(B319,""close"",EDATE(TODAY(),-1),TODAY()),2,2),"""")","=IFERROR(INDEX(GOOGLEFINANCE(B319,""close"",EDATE(TODAY(),-3),TODAY()),2,2),"""")","=IFERROR(INDEX(GOOGLEFINANCE(B319,""close"",EDATE(TODAY(),-12),TODAY()),2,2),"""")","=IFERROR(INDEX(GOOGLEFINANCE(B319,""close"",EDATE(TODAY(),-24),TODAY()),2,2),"""")","=IFERROR(INDEX(GOOGLEFINANCE(B319,""close"",EDATE(TODAY(),-36),TODAY()),2,2),"""")","=IFERROR(INDEX(GOOGLEFINANCE(B319,""close"",EDATE(TODAY(),-60),TODAY()),2,2),"""")","=IFERROR(INDEX(GOOGLEFINANCE(B319,""close"",DATE(1970,1,1),TODAY()),2,2),"""")"
TAP,TAP,Molson Coors Beverage Company,Consumer Staples,"=IFERROR(GOOGLEFINANCE(B320,""price""),"""")","=IFERROR(GOOGLEFINANCE(B320,""marketcap""),"""")","=IFERROR(GOOGLEFINANCE(B320,""volume""),"""")","=IFERROR(INDEX(GOOGLEFINANCE(B320,""close"",WORKDAY(TODAY(),-1),TODAY()),2,2),"""")","=IFERROR(INDEX(GOOGLEFINANCE(B320,""close"",WORKDAY(TODAY(),-5),TODAY()),2,2),"""")","=IFERROR(INDEX(GOOGLEFINANCE(B320,""close"",EDATE(TODAY(),-1),TODAY()),2,2),"""")","=IFERROR(INDEX(GOOGLEFINANCE(B320,""close"",EDATE(TODAY(),-3),TODAY()),2,2),"""")","=IFERROR(INDEX(GOOGLEFINANCE(B320,""close"",EDATE(TODAY(),-12),TODAY()),2,2),"""")","=IFERROR(INDEX(GOOGLEFINANCE(B320,""close"",EDATE(TODAY(),-24),TODAY()),2,2),"""")","=IFERROR(INDEX(GOOGLEFINANCE(B320,""close"",EDATE(TODAY(),-36),TODAY()),2,2),"""")","=IFERROR(INDEX(GOOGLEFINANCE(B320,""close"",EDATE(TODAY(),-60),TODAY()),2,2),"""")","=IFERROR(INDEX(GOOGLEFINANCE(B320,""close"",DATE(1970,1,1),TODAY()),2,2),"""")"
MDLZ,MDLZ,Mondelez International,Consumer Staples,"=IFERROR(GOOGLEFINANCE(B321,""price""),"""")","=IFERROR(GOOGLEFINANCE(B321,""marketcap""),"""")","=IFERROR(GOOGLEFINANCE(B321,""volume""),"""")","=IFERROR(INDEX(GOOGLEFINANCE(B321,""close"",WORKDAY(TODAY(),-1),TODAY()),2,2),"""")","=IFERROR(INDEX(GOOGLEFINANCE(B321,""close"",WORKDAY(TODAY(),-5),TODAY()),2,2),"""")","=IFERROR(INDEX(GOOGLEFINANCE(B321,""close"",EDATE(TODAY(),-1),TODAY()),2,2),"""")","=IFERROR(INDEX(GOOGLEFINANCE(B321,""close"",EDATE(TODAY(),-3),TODAY()),2,2),"""")","=IFERROR(INDEX(GOOGLEFINANCE(B321,""close"",EDATE(TODAY(),-12),TODAY()),2,2),"""")","=IFERROR(INDEX(GOOGLEFINANCE(B321,""close"",EDATE(TODAY(),-24),TODAY()),2,2),"""")","=IFERROR(INDEX(GOOGLEFINANCE(B321,""close"",EDATE(TODAY(),-36),TODAY()),2,2),"""")","=IFERROR(INDEX(GOOGLEFINANCE(B321,""close"",EDATE(TODAY(),-60),TODAY()),2,2),"""")","=IFERROR(INDEX(GOOGLEFINANCE(B321,""close"",DATE(1970,1,1),TODAY()),2,2),"""")"
MPWR,MPWR,Monolithic Power Systems,Information Technology,"=IFERROR(GOOGLEFINANCE(B322,""price""),"""")","=IFERROR(GOOGLEFINANCE(B322,""marketcap""),"""")","=IFERROR(GOOGLEFINANCE(B322,""volume""),"""")","=IFERROR(INDEX(GOOGLEFINANCE(B322,""close"",WORKDAY(TODAY(),-1),TODAY()),2,2),"""")","=IFERROR(INDEX(GOOGLEFINANCE(B322,""close"",WORKDAY(TODAY(),-5),TODAY()),2,2),"""")","=IFERROR(INDEX(GOOGLEFINANCE(B322,""close"",EDATE(TODAY(),-1),TODAY()),2,2),"""")","=IFERROR(INDEX(GOOGLEFINANCE(B322,""close"",EDATE(TODAY(),-3),TODAY()),2,2),"""")","=IFERROR(INDEX(GOOGLEFINANCE(B322,""close"",EDATE(TODAY(),-12),TODAY()),2,2),"""")","=IFERROR(INDEX(GOOGLEFINANCE(B322,""close"",EDATE(TODAY(),-24),TODAY()),2,2),"""")","=IFERROR(INDEX(GOOGLEFINANCE(B322,""close"",EDATE(TODAY(),-36),TODAY()),2,2),"""")","=IFERROR(INDEX(GOOGLEFINANCE(B322,""close"",EDATE(TODAY(),-60),TODAY()),2,2),"""")","=IFERROR(INDEX(GOOGLEFINANCE(B322,""close"",DATE(1970,1,1),TODAY()),2,2),"""")"
MNST,MNST,Monster Beverage,Consumer Staples,"=IFERROR(GOOGLEFINANCE(B323,""price""),"""")","=IFERROR(GOOGLEFINANCE(B323,""marketcap""),"""")","=IFERROR(GOOGLEFINANCE(B323,""volume""),"""")","=IFERROR(INDEX(GOOGLEFINANCE(B323,""close"",WORKDAY(TODAY(),-1),TODAY()),2,2),"""")","=IFERROR(INDEX(GOOGLEFINANCE(B323,""close"",WORKDAY(TODAY(),-5),TODAY()),2,2),"""")","=IFERROR(INDEX(GOOGLEFINANCE(B323,""close"",EDATE(TODAY(),-1),TODAY()),2,2),"""")","=IFERROR(INDEX(GOOGLEFINANCE(B323,""close"",EDATE(TODAY(),-3),TODAY()),2,2),"""")","=IFERROR(INDEX(GOOGLEFINANCE(B323,""close"",EDATE(TODAY(),-12),TODAY()),2,2),"""")","=IFERROR(INDEX(GOOGLEFINANCE(B323,""close"",EDATE(TODAY(),-24),TODAY()),2,2),"""")","=IFERROR(INDEX(GOOGLEFINANCE(B323,""close"",EDATE(TODAY(),-36),TODAY()),2,2),"""")","=IFERROR(INDEX(GOOGLEFINANCE(B323,""close"",EDATE(TODAY(),-60),TODAY()),2,2),"""")","=IFERROR(INDEX(GOOGLEFINANCE(B323,""close"",DATE(1970,1,1),TODAY()),2,2),"""")"
MCO,MCO,Moody's Corporation,Financials,"=IFERROR(GOOGLEFINANCE(B324,""price""),"""")","=IFERROR(GOOGLEFINANCE(B324,""marketcap""),"""")","=IFERROR(GOOGLEFINANCE(B324,""volume""),"""")","=IFERROR(INDEX(GOOGLEFINANCE(B324,""close"",WORKDAY(TODAY(),-1),TODAY()),2,2),"""")","=IFERROR(INDEX(GOOGLEFINANCE(B324,""close"",WORKDAY(TODAY(),-5),TODAY()),2,2),"""")","=IFERROR(INDEX(GOOGLEFINANCE(B324,""close"",EDATE(TODAY(),-1),TODAY()),2,2),"""")","=IFERROR(INDEX(GOOGLEFINANCE(B324,""close"",EDATE(TODAY(),-3),TODAY()),2,2),"""")","=IFERROR(INDEX(GOOGLEFINANCE(B324,""close"",EDATE(TODAY(),-12),TODAY()),2,2),"""")","=IFERROR(INDEX(GOOGLEFINANCE(B324,""close"",EDATE(TODAY(),-24),TODAY()),2,2),"""")","=IFERROR(INDEX(GOOGLEFINANCE(B324,""close"",EDATE(TODAY(),-36),TODAY()),2,2),"""")","=IFERROR(INDEX(GOOGLEFINANCE(B324,""close"",EDATE(TODAY(),-60),TODAY()),2,2),"""")","=IFERROR(INDEX(GOOGLEFINANCE(B324,""close"",DATE(1970,1,1),TODAY()),2,2),"""")"
MS,MS,Morgan Stanley,Financials,"=IFERROR(GOOGLEFINANCE(B325,""price""),"""")","=IFERROR(GOOGLEFINANCE(B325,""marketcap""),"""")","=IFERROR(GOOGLEFINANCE(B325,""volume""),"""")","=IFERROR(INDEX(GOOGLEFINANCE(B325,""close"",WORKDAY(TODAY(),-1),TODAY()),2,2),"""")","=IFERROR(INDEX(GOOGLEFINANCE(B325,""close"",WORKDAY(TODAY(),-5),TODAY()),2,2),"""")","=IFERROR(INDEX(GOOGLEFINANCE(B325,""close"",EDATE(TODAY(),-1),TODAY()),2,2),"""")","=IFERROR(INDEX(GOOGLEFINANCE(B325,""close"",EDATE(TODAY(),-3),TODAY()),2,2),"""")","=IFERROR(INDEX(GOOGLEFINANCE(B325,""close"",EDATE(TODAY(),-12),TODAY()),2,2),"""")","=IFERROR(INDEX(GOOGLEFINANCE(B325,""close"",EDATE(TODAY(),-24),TODAY()),2,2),"""")","=IFERROR(INDEX(GOOGLEFINANCE(B325,""close"",EDATE(TODAY(),-36),TODAY()),2,2),"""")","=IFERROR(INDEX(GOOGLEFINANCE(B325,""close"",EDATE(TODAY(),-60),TODAY()),2,2),"""")","=IFERROR(INDEX(GOOGLEFINANCE(B325,""close"",DATE(1970,1,1),TODAY()),2,2),"""")"
MOS,MOS,Mosaic Company (The),Materials,"=IFERROR(GOOGLEFINANCE(B326,""price""),"""")","=IFERROR(GOOGLEFINANCE(B326,""marketcap""),"""")","=IFERROR(GOOGLEFINANCE(B326,""volume""),"""")","=IFERROR(INDEX(GOOGLEFINANCE(B326,""close"",WORKDAY(TODAY(),-1),TODAY()),2,2),"""")","=IFERROR(INDEX(GOOGLEFINANCE(B326,""close"",WORKDAY(TODAY(),-5),TODAY()),2,2),"""")","=IFERROR(INDEX(GOOGLEFINANCE(B326,""close"",EDATE(TODAY(),-1),TODAY()),2,2),"""")","=IFERROR(INDEX(GOOGLEFINANCE(B326,""close"",EDATE(TODAY(),-3),TODAY()),2,2),"""")","=IFERROR(INDEX(GOOGLEFINANCE(B326,""close"",EDATE(TODAY(),-12),TODAY()),2,2),"""")","=IFERROR(INDEX(GOOGLEFINANCE(B326,""close"",EDATE(TODAY(),-24),TODAY()),2,2),"""")","=IFERROR(INDEX(GOOGLEFINANCE(B326,""close"",EDATE(TODAY(),-36),TODAY()),2,2),"""")","=IFERROR(INDEX(GOOGLEFINANCE(B326,""close"",EDATE(TODAY(),-60),TODAY()),2,2),"""")","=IFERROR(INDEX(GOOGLEFINANCE(B326,""close"",DATE(1970,1,1),TODAY()),2,2),"""")"
MSI,MSI,Motorola Solutions,Information Technology,"=IFERROR(GOOGLEFINANCE(B327,""price""),"""")","=IFERROR(GOOGLEFINANCE(B327,""marketcap""),"""")","=IFERROR(GOOGLEFINANCE(B327,""volume""),"""")","=IFERROR(INDEX(GOOGLEFINANCE(B327,""close"",WORKDAY(TODAY(),-1),TODAY()),2,2),"""")","=IFERROR(INDEX(GOOGLEFINANCE(B327,""close"",WORKDAY(TODAY(),-5),TODAY()),2,2),"""")","=IFERROR(INDEX(GOOGLEFINANCE(B327,""close"",EDATE(TODAY(),-1),TODAY()),2,2),"""")","=IFERROR(INDEX(GOOGLEFINANCE(B327,""close"",EDATE(TODAY(),-3),TODAY()),2,2),"""")","=IFERROR(INDEX(GOOGLEFINANCE(B327,""close"",EDATE(TODAY(),-12),TODAY()),2,2),"""")","=IFERROR(INDEX(GOOGLEFINANCE(B327,""close"",EDATE(TODAY(),-24),TODAY()),2,2),"""")","=IFERROR(INDEX(GOOGLEFINANCE(B327,""close"",EDATE(TODAY(),-36),TODAY()),2,2),"""")","=IFERROR(INDEX(GOOGLEFINANCE(B327,""close"",EDATE(TODAY(),-60),TODAY()),2,2),"""")","=IFERROR(INDEX(GOOGLEFINANCE(B327,""close"",DATE(1970,1,1),TODAY()),2,2),"""")"
MSCI,MSCI,MSCI Inc.,Financials,"=IFERROR(GOOGLEFINANCE(B328,""price""),"""")","=IFERROR(GOOGLEFINANCE(B328,""marketcap""),"""")","=IFERROR(GOOGLEFINANCE(B328,""volume""),"""")","=IFERROR(INDEX(GOOGLEFINANCE(B328,""close"",WORKDAY(TODAY(),-1),TODAY()),2,2),"""")","=IFERROR(INDEX(GOOGLEFINANCE(B328,""close"",WORKDAY(TODAY(),-5),TODAY()),2,2),"""")","=IFERROR(INDEX(GOOGLEFINANCE(B328,""close"",EDATE(TODAY(),-1),TODAY()),2,2),"""")","=IFERROR(INDEX(GOOGLEFINANCE(B328,""close"",EDATE(TODAY(),-3),TODAY()),2,2),"""")","=IFERROR(INDEX(GOOGLEFINANCE(B328,""close"",EDATE(TODAY(),-12),TODAY()),2,2),"""")","=IFERROR(INDEX(GOOGLEFINANCE(B328,""close"",EDATE(TODAY(),-24),TODAY()),2,2),"""")","=IFERROR(INDEX(GOOGLEFINANCE(B328,""close"",EDATE(TODAY(),-36),TODAY()),2,2),"""")","=IFERROR(INDEX(GOOGLEFINANCE(B328,""close"",EDATE(TODAY(),-60),TODAY()),2,2),"""")","=IFERROR(INDEX(GOOGLEFINANCE(B328,""close"",DATE(1970,1,1),TODAY()),2,2),"""")"
NDAQ,NDAQ,"Nasdaq, Inc.",Financials,"=IFERROR(GOOGLEFINANCE(B329,""price""),"""")","=IFERROR(GOOGLEFINANCE(B329,""marketcap""),"""")","=IFERROR(GOOGLEFINANCE(B329,""volume""),"""")","=IFERROR(INDEX(GOOGLEFINANCE(B329,""close"",WORKDAY(TODAY(),-1),TODAY()),2,2),"""")","=IFERROR(INDEX(GOOGLEFINANCE(B329,""close"",WORKDAY(TODAY(),-5),TODAY()),2,2),"""")","=IFERROR(INDEX(GOOGLEFINANCE(B329,""close"",EDATE(TODAY(),-1),TODAY()),2,2),"""")","=IFERROR(INDEX(GOOGLEFINANCE(B329,""close"",EDATE(TODAY(),-3),TODAY()),2,2),"""")","=IFERROR(INDEX(GOOGLEFINANCE(B329,""close"",EDATE(TODAY(),-12),TODAY()),2,2),"""")","=IFERROR(INDEX(GOOGLEFINANCE(B329,""close"",EDATE(TODAY(),-24),TODAY()),2,2),"""")","=IFERROR(INDEX(GOOGLEFINANCE(B329,""close"",EDATE(TODAY(),-36),TODAY()),2,2),"""")","=IFERROR(INDEX(GOOGLEFINANCE(B329,""close"",EDATE(TODAY(),-60),TODAY()),2,2),"""")","=IFERROR(INDEX(GOOGLEFINANCE(B329,""close"",DATE(1970,1,1),TODAY()),2,2),"""")"
NTAP,NTAP,NetApp,Information Technology,"=IFERROR(GOOGLEFINANCE(B330,""price""),"""")","=IFERROR(GOOGLEFINANCE(B330,""marketcap""),"""")","=IFERROR(GOOGLEFINANCE(B330,""volume""),"""")","=IFERROR(INDEX(GOOGLEFINANCE(B330,""close"",WORKDAY(TODAY(),-1),TODAY()),2,2),"""")","=IFERROR(INDEX(GOOGLEFINANCE(B330,""close"",WORKDAY(TODAY(),-5),TODAY()),2,2),"""")","=IFERROR(INDEX(GOOGLEFINANCE(B330,""close"",EDATE(TODAY(),-1),TODAY()),2,2),"""")","=IFERROR(INDEX(GOOGLEFINANCE(B330,""close"",EDATE(TODAY(),-3),TODAY()),2,2),"""")","=IFERROR(INDEX(GOOGLEFINANCE(B330,""close"",EDATE(TODAY(),-12),TODAY()),2,2),"""")","=IFERROR(INDEX(GOOGLEFINANCE(B330,""close"",EDATE(TODAY(),-24),TODAY()),2,2),"""")","=IFERROR(INDEX(GOOGLEFINANCE(B330,""close"",EDATE(TODAY(),-36),TODAY()),2,2),"""")","=IFERROR(INDEX(GOOGLEFINANCE(B330,""close"",EDATE(TODAY(),-60),TODAY()),2,2),"""")","=IFERROR(INDEX(GOOGLEFINANCE(B330,""close"",DATE(1970,1,1),TODAY()),2,2),"""")"
NFLX,NFLX,Netflix,Communication Services,"=IFERROR(GOOGLEFINANCE(B331,""price""),"""")","=IFERROR(GOOGLEFINANCE(B331,""marketcap""),"""")","=IFERROR(GOOGLEFINANCE(B331,""volume""),"""")","=IFERROR(INDEX(GOOGLEFINANCE(B331,""close"",WORKDAY(TODAY(),-1),TODAY()),2,2),"""")","=IFERROR(INDEX(GOOGLEFINANCE(B331,""close"",WORKDAY(TODAY(),-5),TODAY()),2,2),"""")","=IFERROR(INDEX(GOOGLEFINANCE(B331,""close"",EDATE(TODAY(),-1),TODAY()),2,2),"""")","=IFERROR(INDEX(GOOGLEFINANCE(B331,""close"",EDATE(TODAY(),-3),TODAY()),2,2),"""")","=IFERROR(INDEX(GOOGLEFINANCE(B331,""close"",EDATE(TODAY(),-12),TODAY()),2,2),"""")","=IFERROR(INDEX(GOOGLEFINANCE(B331,""close"",EDATE(TODAY(),-24),TODAY()),2,2),"""")","=IFERROR(INDEX(GOOGLEFINANCE(B331,""close"",EDATE(TODAY(),-36),TODAY()),2,2),"""")","=IFERROR(INDEX(GOOGLEFINANCE(B331,""close"",EDATE(TODAY(),-60),TODAY()),2,2),"""")","=IFERROR(INDEX(GOOGLEFINANCE(B331,""close"",DATE(1970,1,1),TODAY()),2,2),"""")"
NEM,NEM,Newmont,Materials,"=IFERROR(GOOGLEFINANCE(B332,""price""),"""")","=IFERROR(GOOGLEFINANCE(B332,""marketcap""),"""")","=IFERROR(GOOGLEFINANCE(B332,""volume""),"""")","=IFERROR(INDEX(GOOGLEFINANCE(B332,""close"",WORKDAY(TODAY(),-1),TODAY()),2,2),"""")","=IFERROR(INDEX(GOOGLEFINANCE(B332,""close"",WORKDAY(TODAY(),-5),TODAY()),2,2),"""")","=IFERROR(INDEX(GOOGLEFINANCE(B332,""close"",EDATE(TODAY(),-1),TODAY()),2,2),"""")","=IFERROR(INDEX(GOOGLEFINANCE(B332,""close"",EDATE(TODAY(),-3),TODAY()),2,2),"""")","=IFERROR(INDEX(GOOGLEFINANCE(B332,""close"",EDATE(TODAY(),-12),TODAY()),2,2),"""")","=IFERROR(INDEX(GOOGLEFINANCE(B332,""close"",EDATE(TODAY(),-24),TODAY()),2,2),"""")","=IFERROR(INDEX(GOOGLEFINANCE(B332,""close"",EDATE(TODAY(),-36),TODAY()),2,2),"""")","=IFERROR(INDEX(GOOGLEFINANCE(B332,""close"",EDATE(TODAY(),-60),TODAY()),2,2),"""")","=IFERROR(INDEX(GOOGLEFINANCE(B332,""close"",DATE(1970,1,1),TODAY()),2,2),"""")"
NWSA,NWSA,News Corp (Class A),Communication Services,"=IFERROR(GOOGLEFINANCE(B333,""price""),"""")","=IFERROR(GOOGLEFINANCE(B333,""marketcap""),"""")","=IFERROR(GOOGLEFINANCE(B333,""volume""),"""")","=IFERROR(INDEX(GOOGLEFINANCE(B333,""close"",WORKDAY(TODAY(),-1),TODAY()),2,2),"""")","=IFERROR(INDEX(GOOGLEFINANCE(B333,""close"",WORKDAY(TODAY(),-5),TODAY()),2,2),"""")","=IFERROR(INDEX(GOOGLEFINANCE(B333,""close"",EDATE(TODAY(),-1),TODAY()),2,2),"""")","=IFERROR(INDEX(GOOGLEFINANCE(B333,""close"",EDATE(TODAY(),-3),TODAY()),2,2),"""")","=IFERROR(INDEX(GOOGLEFINANCE(B333,""close"",EDATE(TODAY(),-12),TODAY()),2,2),"""")","=IFERROR(INDEX(GOOGLEFINANCE(B333,""close"",EDATE(TODAY(),-24),TODAY()),2,2),"""")","=IFERROR(INDEX(GOOGLEFINANCE(B333,""close"",EDATE(TODAY(),-36),TODAY()),2,2),"""")","=IFERROR(INDEX(GOOGLEFINANCE(B333,""close"",EDATE(TODAY(),-60),TODAY()),2,2),"""")","=IFERROR(INDEX(GOOGLEFINANCE(B333,""close"",DATE(1970,1,1),TODAY()),2,2),"""")"
NWS,NWS,News Corp (Class B),Communication Services,"=IFERROR(GOOGLEFINANCE(B334,""price""),"""")","=IFERROR(GOOGLEFINANCE(B334,""marketcap""),"""")","=IFERROR(GOOGLEFINANCE(B334,""volume""),"""")","=IFERROR(INDEX(GOOGLEFINANCE(B334,""close"",WORKDAY(TODAY(),-1),TODAY()),2,2),"""")","=IFERROR(INDEX(GOOGLEFINANCE(B334,""close"",WORKDAY(TODAY(),-5),TODAY()),2,2),"""")","=IFERROR(INDEX(GOOGLEFINANCE(B334,""close"",EDATE(TODAY(),-1),TODAY()),2,2),"""")","=IFERROR(INDEX(GOOGLEFINANCE(B334,""close"",EDATE(TODAY(),-3),TODAY()),2,2),"""")","=IFERROR(INDEX(GOOGLEFINANCE(B334,""close"",EDATE(TODAY(),-12),TODAY()),2,2),"""")","=IFERROR(INDEX(GOOGLEFINANCE(B334,""close"",EDATE(TODAY(),-24),TODAY()),2,2),"""")","=IFERROR(INDEX(GOOGLEFINANCE(B334,""close"",EDATE(TODAY(),-36),TODAY()),2,2),"""")","=IFERROR(INDEX(GOOGLEFINANCE(B334,""close"",EDATE(TODAY(),-60),TODAY()),2,2),"""")","=IFERROR(INDEX(GOOGLEFINANCE(B334,""close"",DATE(1970,1,1),TODAY()),2,2),"""")"
NEE,NEE,NextEra Energy,Utilities,"=IFERROR(GOOGLEFINANCE(B335,""price""),"""")","=IFERROR(GOOGLEFINANCE(B335,""marketcap""),"""")","=IFERROR(GOOGLEFINANCE(B335,""volume""),"""")","=IFERROR(INDEX(GOOGLEFINANCE(B335,""close"",WORKDAY(TODAY(),-1),TODAY()),2,2),"""")","=IFERROR(INDEX(GOOGLEFINANCE(B335,""close"",WORKDAY(TODAY(),-5),TODAY()),2,2),"""")","=IFERROR(INDEX(GOOGLEFINANCE(B335,""close"",EDATE(TODAY(),-1),TODAY()),2,2),"""")","=IFERROR(INDEX(GOOGLEFINANCE(B335,""close"",EDATE(TODAY(),-3),TODAY()),2,2),"""")","=IFERROR(INDEX(GOOGLEFINANCE(B335,""close"",EDATE(TODAY(),-12),TODAY()),2,2),"""")","=IFERROR(INDEX(GOOGLEFINANCE(B335,""close"",EDATE(TODAY(),-24),TODAY()),2,2),"""")","=IFERROR(INDEX(GOOGLEFINANCE(B335,""close"",EDATE(TODAY(),-36),TODAY()),2,2),"""")","=IFERROR(INDEX(GOOGLEFINANCE(B335,""close"",EDATE(TODAY(),-60),TODAY()),2,2),"""")","=IFERROR(INDEX(GOOGLEFINANCE(B335,""close"",DATE(1970,1,1),TODAY()),2,2),"""")"
NKE,NKE,"Nike, Inc.",Consumer Discretionary,"=IFERROR(GOOGLEFINANCE(B336,""price""),"""")","=IFERROR(GOOGLEFINANCE(B336,""marketcap""),"""")","=IFERROR(GOOGLEFINANCE(B336,""volume""),"""")","=IFERROR(INDEX(GOOGLEFINANCE(B336,""close"",WORKDAY(TODAY(),-1),TODAY()),2,2),"""")","=IFERROR(INDEX(GOOGLEFINANCE(B336,""close"",WORKDAY(TODAY(),-5),TODAY()),2,2),"""")","=IFERROR(INDEX(GOOGLEFINANCE(B336,""close"",EDATE(TODAY(),-1),TODAY()),2,2),"""")","=IFERROR(INDEX(GOOGLEFINANCE(B336,""close"",EDATE(TODAY(),-3),TODAY()),2,2),"""")","=IFERROR(INDEX(GOOGLEFINANCE(B336,""close"",EDATE(TODAY(),-12),TODAY()),2,2),"""")","=IFERROR(INDEX(GOOGLEFINANCE(B336,""close"",EDATE(TODAY(),-24),TODAY()),2,2),"""")","=IFERROR(INDEX(GOOGLEFINANCE(B336,""close"",EDATE(TODAY(),-36),TODAY()),2,2),"""")","=IFERROR(INDEX(GOOGLEFINANCE(B336,""close"",EDATE(TODAY(),-60),TODAY()),2,2),"""")","=IFERROR(INDEX(GOOGLEFINANCE(B336,""close"",DATE(1970,1,1),TODAY()),2,2),"""")"
NI,NI,NiSource,Utilities,"=IFERROR(GOOGLEFINANCE(B337,""price""),"""")","=IFERROR(GOOGLEFINANCE(B337,""marketcap""),"""")","=IFERROR(GOOGLEFINANCE(B337,""volume""),"""")","=IFERROR(INDEX(GOOGLEFINANCE(B337,""close"",WORKDAY(TODAY(),-1),TODAY()),2,2),"""")","=IFERROR(INDEX(GOOGLEFINANCE(B337,""close"",WORKDAY(TODAY(),-5),TODAY()),2,2),"""")","=IFERROR(INDEX(GOOGLEFINANCE(B337,""close"",EDATE(TODAY(),-1),TODAY()),2,2),"""")","=IFERROR(INDEX(GOOGLEFINANCE(B337,""close"",EDATE(TODAY(),-3),TODAY()),2,2),"""")","=IFERROR(INDEX(GOOGLEFINANCE(B337,""close"",EDATE(TODAY(),-12),TODAY()),2,2),"""")","=IFERROR(INDEX(GOOGLEFINANCE(B337,""close"",EDATE(TODAY(),-24),TODAY()),2,2),"""")","=IFERROR(INDEX(GOOGLEFINANCE(B337,""close"",EDATE(TODAY(),-36),TODAY()),2,2),"""")","=IFERROR(INDEX(GOOGLEFINANCE(B337,""close"",EDATE(TODAY(),-60),TODAY()),2,2),"""")","=IFERROR(INDEX(GOOGLEFINANCE(B337,""close"",DATE(1970,1,1),TODAY()),2,2),"""")"
NDSN,NDSN,Nordson Corporation,Industrials,"=IFERROR(GOOGLEFINANCE(B338,""price""),"""")","=IFERROR(GOOGLEFINANCE(B338,""marketcap""),"""")","=IFERROR(GOOGLEFINANCE(B338,""volume""),"""")","=IFERROR(INDEX(GOOGLEFINANCE(B338,""close"",WORKDAY(TODAY(),-1),TODAY()),2,2),"""")","=IFERROR(INDEX(GOOGLEFINANCE(B338,""close"",WORKDAY(TODAY(),-5),TODAY()),2,2),"""")","=IFERROR(INDEX(GOOGLEFINANCE(B338,""close"",EDATE(TODAY(),-1),TODAY()),2,2),"""")","=IFERROR(INDEX(GOOGLEFINANCE(B338,""close"",EDATE(TODAY(),-3),TODAY()),2,2),"""")","=IFERROR(INDEX(GOOGLEFINANCE(B338,""close"",EDATE(TODAY(),-12),TODAY()),2,2),"""")","=IFERROR(INDEX(GOOGLEFINANCE(B338,""close"",EDATE(TODAY(),-24),TODAY()),2,2),"""")","=IFERROR(INDEX(GOOGLEFINANCE(B338,""close"",EDATE(TODAY(),-36),TODAY()),2,2),"""")","=IFERROR(INDEX(GOOGLEFINANCE(B338,""close"",EDATE(TODAY(),-60),TODAY()),2,2),"""")","=IFERROR(INDEX(GOOGLEFINANCE(B338,""close"",DATE(1970,1,1),TODAY()),2,2),"""")"
NSC,NSC,Norfolk Southern,Industrials,"=IFERROR(GOOGLEFINANCE(B339,""price""),"""")","=IFERROR(GOOGLEFINANCE(B339,""marketcap""),"""")","=IFERROR(GOOGLEFINANCE(B339,""volume""),"""")","=IFERROR(INDEX(GOOGLEFINANCE(B339,""close"",WORKDAY(TODAY(),-1),TODAY()),2,2),"""")","=IFERROR(INDEX(GOOGLEFINANCE(B339,""close"",WORKDAY(TODAY(),-5),TODAY()),2,2),"""")","=IFERROR(INDEX(GOOGLEFINANCE(B339,""close"",EDATE(TODAY(),-1),TODAY()),2,2),"""")","=IFERROR(INDEX(GOOGLEFINANCE(B339,""close"",EDATE(TODAY(),-3),TODAY()),2,2),"""")","=IFERROR(INDEX(GOOGLEFINANCE(B339,""close"",EDATE(TODAY(),-12),TODAY()),2,2),"""")","=IFERROR(INDEX(GOOGLEFINANCE(B339,""close"",EDATE(TODAY(),-24),TODAY()),2,2),"""")","=IFERROR(INDEX(GOOGLEFINANCE(B339,""close"",EDATE(TODAY(),-36),TODAY()),2,2),"""")","=IFERROR(INDEX(GOOGLEFINANCE(B339,""close"",EDATE(TODAY(),-60),TODAY()),2,2),"""")","=IFERROR(INDEX(GOOGLEFINANCE(B339,""close"",DATE(1970,1,1),TODAY()),2,2),"""")"
NTRS,NTRS,Northern Trust,Financials,"=IFERROR(GOOGLEFINANCE(B340,""price""),"""")","=IFERROR(GOOGLEFINANCE(B340,""marketcap""),"""")","=IFERROR(GOOGLEFINANCE(B340,""volume""),"""")","=IFERROR(INDEX(GOOGLEFINANCE(B340,""close"",WORKDAY(TODAY(),-1),TODAY()),2,2),"""")","=IFERROR(INDEX(GOOGLEFINANCE(B340,""close"",WORKDAY(TODAY(),-5),TODAY()),2,2),"""")","=IFERROR(INDEX(GOOGLEFINANCE(B340,""close"",EDATE(TODAY(),-1),TODAY()),2,2),"""")","=IFERROR(INDEX(GOOGLEFINANCE(B340,""close"",EDATE(TODAY(),-3),TODAY()),2,2),"""")","=IFERROR(INDEX(GOOGLEFINANCE(B340,""close"",EDATE(TODAY(),-12),TODAY()),2,2),"""")","=IFERROR(INDEX(GOOGLEFINANCE(B340,""close"",EDATE(TODAY(),-24),TODAY()),2,2),"""")","=IFERROR(INDEX(GOOGLEFINANCE(B340,""close"",EDATE(TODAY(),-36),TODAY()),2,2),"""")","=IFERROR(INDEX(GOOGLEFINANCE(B340,""close"",EDATE(TODAY(),-60),TODAY()),2,2),"""")","=IFERROR(INDEX(GOOGLEFINANCE(B340,""close"",DATE(1970,1,1),TODAY()),2,2),"""")"
NOC,NOC,Northrop Grumman,Industrials,"=IFERROR(GOOGLEFINANCE(B341,""price""),"""")","=IFERROR(GOOGLEFINANCE(B341,""marketcap""),"""")","=IFERROR(GOOGLEFINANCE(B341,""volume""),"""")","=IFERROR(INDEX(GOOGLEFINANCE(B341,""close"",WORKDAY(TODAY(),-1),TODAY()),2,2),"""")","=IFERROR(INDEX(GOOGLEFINANCE(B341,""close"",WORKDAY(TODAY(),-5),TODAY()),2,2),"""")","=IFERROR(INDEX(GOOGLEFINANCE(B341,""close"",EDATE(TODAY(),-1),TODAY()),2,2),"""")","=IFERROR(INDEX(GOOGLEFINANCE(B341,""close"",EDATE(TODAY(),-3),TODAY()),2,2),"""")","=IFERROR(INDEX(GOOGLEFINANCE(B341,""close"",EDATE(TODAY(),-12),TODAY()),2,2),"""")","=IFERROR(INDEX(GOOGLEFINANCE(B341,""close"",EDATE(TODAY(),-24),TODAY()),2,2),"""")","=IFERROR(INDEX(GOOGLEFINANCE(B341,""close"",EDATE(TODAY(),-36),TODAY()),2,2),"""")","=IFERROR(INDEX(GOOGLEFINANCE(B341,""close"",EDATE(TODAY(),-60),TODAY()),2,2),"""")","=IFERROR(INDEX(GOOGLEFINANCE(B341,""close"",DATE(1970,1,1),TODAY()),2,2),"""")"
NCLH,NCLH,Norwegian Cruise Line Holdings,Consumer Discretionary,"=IFERROR(GOOGLEFINANCE(B342,""price""),"""")","=IFERROR(GOOGLEFINANCE(B342,""marketcap""),"""")","=IFERROR(GOOGLEFINANCE(B342,""volume""),"""")","=IFERROR(INDEX(GOOGLEFINANCE(B342,""close"",WORKDAY(TODAY(),-1),TODAY()),2,2),"""")","=IFERROR(INDEX(GOOGLEFINANCE(B342,""close"",WORKDAY(TODAY(),-5),TODAY()),2,2),"""")","=IFERROR(INDEX(GOOGLEFINANCE(B342,""close"",EDATE(TODAY(),-1),TODAY()),2,2),"""")","=IFERROR(INDEX(GOOGLEFINANCE(B342,""close"",EDATE(TODAY(),-3),TODAY()),2,2),"""")","=IFERROR(INDEX(GOOGLEFINANCE(B342,""close"",EDATE(TODAY(),-12),TODAY()),2,2),"""")","=IFERROR(INDEX(GOOGLEFINANCE(B342,""close"",EDATE(TODAY(),-24),TODAY()),2,2),"""")","=IFERROR(INDEX(GOOGLEFINANCE(B342,""close"",EDATE(TODAY(),-36),TODAY()),2,2),"""")","=IFERROR(INDEX(GOOGLEFINANCE(B342,""close"",EDATE(TODAY(),-60),TODAY()),2,2),"""")","=IFERROR(INDEX(GOOGLEFINANCE(B342,""close"",DATE(1970,1,1),TODAY()),2,2),"""")"
NRG,NRG,NRG Energy,Utilities,"=IFERROR(GOOGLEFINANCE(B343,""price""),"""")","=IFERROR(GOOGLEFINANCE(B343,""marketcap""),"""")","=IFERROR(GOOGLEFINANCE(B343,""volume""),"""")","=IFERROR(INDEX(GOOGLEFINANCE(B343,""close"",WORKDAY(TODAY(),-1),TODAY()),2,2),"""")","=IFERROR(INDEX(GOOGLEFINANCE(B343,""close"",WORKDAY(TODAY(),-5),TODAY()),2,2),"""")","=IFERROR(INDEX(GOOGLEFINANCE(B343,""close"",EDATE(TODAY(),-1),TODAY()),2,2),"""")","=IFERROR(INDEX(GOOGLEFINANCE(B343,""close"",EDATE(TODAY(),-3),TODAY()),2,2),"""")","=IFERROR(INDEX(GOOGLEFINANCE(B343,""close"",EDATE(TODAY(),-12),TODAY()),2,2),"""")","=IFERROR(INDEX(GOOGLEFINANCE(B343,""close"",EDATE(TODAY(),-24),TODAY()),2,2),"""")","=IFERROR(INDEX(GOOGLEFINANCE(B343,""close"",EDATE(TODAY(),-36),TODAY()),2,2),"""")","=IFERROR(INDEX(GOOGLEFINANCE(B343,""close"",EDATE(TODAY(),-60),TODAY()),2,2),"""")","=IFERROR(INDEX(GOOGLEFINANCE(B343,""close"",DATE(1970,1,1),TODAY()),2,2),"""")"
NUE,NUE,Nucor,Materials,"=IFERROR(GOOGLEFINANCE(B344,""price""),"""")","=IFERROR(GOOGLEFINANCE(B344,""marketcap""),"""")","=IFERROR(GOOGLEFINANCE(B344,""volume""),"""")","=IFERROR(INDEX(GOOGLEFINANCE(B344,""close"",WORKDAY(TODAY(),-1),TODAY()),2,2),"""")","=IFERROR(INDEX(GOOGLEFINANCE(B344,""close"",WORKDAY(TODAY(),-5),TODAY()),2,2),"""")","=IFERROR(INDEX(GOOGLEFINANCE(B344,""close"",EDATE(TODAY(),-1),TODAY()),2,2),"""")","=IFERROR(INDEX(GOOGLEFINANCE(B344,""close"",EDATE(TODAY(),-3),TODAY()),2,2),"""")","=IFERROR(INDEX(GOOGLEFINANCE(B344,""close"",EDATE(TODAY(),-12),TODAY()),2,2),"""")","=IFERROR(INDEX(GOOGLEFINANCE(B344,""close"",EDATE(TODAY(),-24),TODAY()),2,2),"""")","=IFERROR(INDEX(GOOGLEFINANCE(B344,""close"",EDATE(TODAY(),-36),TODAY()),2,2),"""")","=IFERROR(INDEX(GOOGLEFINANCE(B344,""close"",EDATE(TODAY(),-60),TODAY()),2,2),"""")","=IFERROR(INDEX(GOOGLEFINANCE(B344,""close"",DATE(1970,1,1),TODAY()),2,2),"""")"
NVDA,NVDA,Nvidia,Information Technology,"=IFERROR(GOOGLEFINANCE(B345,""price""),"""")","=IFERROR(GOOGLEFINANCE(B345,""marketcap""),"""")","=IFERROR(GOOGLEFINANCE(B345,""volume""),"""")","=IFERROR(INDEX(GOOGLEFINANCE(B345,""close"",WORKDAY(TODAY(),-1),TODAY()),2,2),"""")","=IFERROR(INDEX(GOOGLEFINANCE(B345,""close"",WORKDAY(TODAY(),-5),TODAY()),2,2),"""")","=IFERROR(INDEX(GOOGLEFINANCE(B345,""close"",EDATE(TODAY(),-1),TODAY()),2,2),"""")","=IFERROR(INDEX(GOOGLEFINANCE(B345,""close"",EDATE(TODAY(),-3),TODAY()),2,2),"""")","=IFERROR(INDEX(GOOGLEFINANCE(B345,""close"",EDATE(TODAY(),-12),TODAY()),2,2),"""")","=IFERROR(INDEX(GOOGLEFINANCE(B345,""close"",EDATE(TODAY(),-24),TODAY()),2,2),"""")","=IFERROR(INDEX(GOOGLEFINANCE(B345,""close"",EDATE(TODAY(),-36),TODAY()),2,2),"""")","=IFERROR(INDEX(GOOGLEFINANCE(B345,""close"",EDATE(TODAY(),-60),TODAY()),2,2),"""")","=IFERROR(INDEX(GOOGLEFINANCE(B345,""close"",DATE(1970,1,1),TODAY()),2,2),"""")"
NVR,NVR,"NVR, Inc.",Consumer Discretionary,"=IFERROR(GOOGLEFINANCE(B346,""price""),"""")","=IFERROR(GOOGLEFINANCE(B346,""marketcap""),"""")","=IFERROR(GOOGLEFINANCE(B346,""volume""),"""")","=IFERROR(INDEX(GOOGLEFINANCE(B346,""close"",WORKDAY(TODAY(),-1),TODAY()),2,2),"""")","=IFERROR(INDEX(GOOGLEFINANCE(B346,""close"",WORKDAY(TODAY(),-5),TODAY()),2,2),"""")","=IFERROR(INDEX(GOOGLEFINANCE(B346,""close"",EDATE(TODAY(),-1),TODAY()),2,2),"""")","=IFERROR(INDEX(GOOGLEFINANCE(B346,""close"",EDATE(TODAY(),-3),TODAY()),2,2),"""")","=IFERROR(INDEX(GOOGLEFINANCE(B346,""close"",EDATE(TODAY(),-12),TODAY()),2,2),"""")","=IFERROR(INDEX(GOOGLEFINANCE(B346,""close"",EDATE(TODAY(),-24),TODAY()),2,2),"""")","=IFERROR(INDEX(GOOGLEFINANCE(B346,""close"",EDATE(TODAY(),-36),TODAY()),2,2),"""")","=IFERROR(INDEX(GOOGLEFINANCE(B346,""close"",EDATE(TODAY(),-60),TODAY()),2,2),"""")","=IFERROR(INDEX(GOOGLEFINANCE(B346,""close"",DATE(1970,1,1),TODAY()),2,2),"""")"
NXPI,NXPI,NXP Semiconductors,Information Technology,"=IFERROR(GOOGLEFINANCE(B347,""price""),"""")","=IFERROR(GOOGLEFINANCE(B347,""marketcap""),"""")","=IFERROR(GOOGLEFINANCE(B347,""volume""),"""")","=IFERROR(INDEX(GOOGLEFINANCE(B347,""close"",WORKDAY(TODAY(),-1),TODAY()),2,2),"""")","=IFERROR(INDEX(GOOGLEFINANCE(B347,""close"",WORKDAY(TODAY(),-5),TODAY()),2,2),"""")","=IFERROR(INDEX(GOOGLEFINANCE(B347,""close"",EDATE(TODAY(),-1),TODAY()),2,2),"""")","=IFERROR(INDEX(GOOGLEFINANCE(B347,""close"",EDATE(TODAY(),-3),TODAY()),2,2),"""")","=IFERROR(INDEX(GOOGLEFINANCE(B347,""close"",EDATE(TODAY(),-12),TODAY()),2,2),"""")","=IFERROR(INDEX(GOOGLEFINANCE(B347,""close"",EDATE(TODAY(),-24),TODAY()),2,2),"""")","=IFERROR(INDEX(GOOGLEFINANCE(B347,""close"",EDATE(TODAY(),-36),TODAY()),2,2),"""")","=IFERROR(INDEX(GOOGLEFINANCE(B347,""close"",EDATE(TODAY(),-60),TODAY()),2,2),"""")","=IFERROR(INDEX(GOOGLEFINANCE(B347,""close"",DATE(1970,1,1),TODAY()),2,2),"""")"
ORLY,ORLY,O’Reilly Automotive,Consumer Discretionary,"=IFERROR(GOOGLEFINANCE(B348,""price""),"""")","=IFERROR(GOOGLEFINANCE(B348,""marketcap""),"""")","=IFERROR(GOOGLEFINANCE(B348,""volume""),"""")","=IFERROR(INDEX(GOOGLEFINANCE(B348,""close"",WORKDAY(TODAY(),-1),TODAY()),2,2),"""")","=IFERROR(INDEX(GOOGLEFINANCE(B348,""close"",WORKDAY(TODAY(),-5),TODAY()),2,2),"""")","=IFERROR(INDEX(GOOGLEFINANCE(B348,""close"",EDATE(TODAY(),-1),TODAY()),2,2),"""")","=IFERROR(INDEX(GOOGLEFINANCE(B348,""close"",EDATE(TODAY(),-3),TODAY()),2,2),"""")","=IFERROR(INDEX(GOOGLEFINANCE(B348,""close"",EDATE(TODAY(),-12),TODAY()),2,2),"""")","=IFERROR(INDEX(GOOGLEFINANCE(B348,""close"",EDATE(TODAY(),-24),TODAY()),2,2),"""")","=IFERROR(INDEX(GOOGLEFINANCE(B348,""close"",EDATE(TODAY(),-36),TODAY()),2,2),"""")","=IFERROR(INDEX(GOOGLEFINANCE(B348,""close"",EDATE(TODAY(),-60),TODAY()),2,2),"""")","=IFERROR(INDEX(GOOGLEFINANCE(B348,""close"",DATE(1970,1,1),TODAY()),2,2),"""")"
OXY,OXY,Occidental Petroleum,Energy,"=IFERROR(GOOGLEFINANCE(B349,""price""),"""")","=IFERROR(GOOGLEFINANCE(B349,""marketcap""),"""")","=IFERROR(GOOGLEFINANCE(B349,""volume""),"""")","=IFERROR(INDEX(GOOGLEFINANCE(B349,""close"",WORKDAY(TODAY(),-1),TODAY()),2,2),"""")","=IFERROR(INDEX(GOOGLEFINANCE(B349,""close"",WORKDAY(TODAY(),-5),TODAY()),2,2),"""")","=IFERROR(INDEX(GOOGLEFINANCE(B349,""close"",EDATE(TODAY(),-1),TODAY()),2,2),"""")","=IFERROR(INDEX(GOOGLEFINANCE(B349,""close"",EDATE(TODAY(),-3),TODAY()),2,2),"""")","=IFERROR(INDEX(GOOGLEFINANCE(B349,""close"",EDATE(TODAY(),-12),TODAY()),2,2),"""")","=IFERROR(INDEX(GOOGLEFINANCE(B349,""close"",EDATE(TODAY(),-24),TODAY()),2,2),"""")","=IFERROR(INDEX(GOOGLEFINANCE(B349,""close"",EDATE(TODAY(),-36),TODAY()),2,2),"""")","=IFERROR(INDEX(GOOGLEFINANCE(B349,""close"",EDATE(TODAY(),-60),TODAY()),2,2),"""")","=IFERROR(INDEX(GOOGLEFINANCE(B349,""close"",DATE(1970,1,1),TODAY()),2,2),"""")"
ODFL,ODFL,Old Dominion,Industrials,"=IFERROR(GOOGLEFINANCE(B350,""price""),"""")","=IFERROR(GOOGLEFINANCE(B350,""marketcap""),"""")","=IFERROR(GOOGLEFINANCE(B350,""volume""),"""")","=IFERROR(INDEX(GOOGLEFINANCE(B350,""close"",WORKDAY(TODAY(),-1),TODAY()),2,2),"""")","=IFERROR(INDEX(GOOGLEFINANCE(B350,""close"",WORKDAY(TODAY(),-5),TODAY()),2,2),"""")","=IFERROR(INDEX(GOOGLEFINANCE(B350,""close"",EDATE(TODAY(),-1),TODAY()),2,2),"""")","=IFERROR(INDEX(GOOGLEFINANCE(B350,""close"",EDATE(TODAY(),-3),TODAY()),2,2),"""")","=IFERROR(INDEX(GOOGLEFINANCE(B350,""close"",EDATE(TODAY(),-12),TODAY()),2,2),"""")","=IFERROR(INDEX(GOOGLEFINANCE(B350,""close"",EDATE(TODAY(),-24),TODAY()),2,2),"""")","=IFERROR(INDEX(GOOGLEFINANCE(B350,""close"",EDATE(TODAY(),-36),TODAY()),2,2),"""")","=IFERROR(INDEX(GOOGLEFINANCE(B350,""close"",EDATE(TODAY(),-60),TODAY()),2,2),"""")","=IFERROR(INDEX(GOOGLEFINANCE(B350,""close"",DATE(1970,1,1),TODAY()),2,2),"""")"
OMC,OMC,Omnicom Group,Communication Services,"=IFERROR(GOOGLEFINANCE(B351,""price""),"""")","=IFERROR(GOOGLEFINANCE(B351,""marketcap""),"""")","=IFERROR(GOOGLEFINANCE(B351,""volume""),"""")","=IFERROR(INDEX(GOOGLEFINANCE(B351,""close"",WORKDAY(TODAY(),-1),TODAY()),2,2),"""")","=IFERROR(INDEX(GOOGLEFINANCE(B351,""close"",WORKDAY(TODAY(),-5),TODAY()),2,2),"""")","=IFERROR(INDEX(GOOGLEFINANCE(B351,""close"",EDATE(TODAY(),-1),TODAY()),2,2),"""")","=IFERROR(INDEX(GOOGLEFINANCE(B351,""close"",EDATE(TODAY(),-3),TODAY()),2,2),"""")","=IFERROR(INDEX(GOOGLEFINANCE(B351,""close"",EDATE(TODAY(),-12),TODAY()),2,2),"""")","=IFERROR(INDEX(GOOGLEFINANCE(B351,""close"",EDATE(TODAY(),-24),TODAY()),2,2),"""")","=IFERROR(INDEX(GOOGLEFINANCE(B351,""close"",EDATE(TODAY(),-36),TODAY()),2,2),"""")","=IFERROR(INDEX(GOOGLEFINANCE(B351,""close"",EDATE(TODAY(),-60),TODAY()),2,2),"""")","=IFERROR(INDEX(GOOGLEFINANCE(B351,""close"",DATE(1970,1,1),TODAY()),2,2),"""")"
ON,ON,ON Semiconductor,Information Technology,"=IFERROR(GOOGLEFINANCE(B352,""price""),"""")","=IFERROR(GOOGLEFINANCE(B352,""marketcap""),"""")","=IFERROR(GOOGLEFINANCE(B352,""volume""),"""")","=IFERROR(INDEX(GOOGLEFINANCE(B352,""close"",WORKDAY(TODAY(),-1),TODAY()),2,2),"""")","=IFERROR(INDEX(GOOGLEFINANCE(B352,""close"",WORKDAY(TODAY(),-5),TODAY()),2,2),"""")","=IFERROR(INDEX(GOOGLEFINANCE(B352,""close"",EDATE(TODAY(),-1),TODAY()),2,2),"""")","=IFERROR(INDEX(GOOGLEFINANCE(B352,""close"",EDATE(TODAY(),-3),TODAY()),2,2),"""")","=IFERROR(INDEX(GOOGLEFINANCE(B352,""close"",EDATE(TODAY(),-12),TODAY()),2,2),"""")","=IFERROR(INDEX(GOOGLEFINANCE(B352,""close"",EDATE(TODAY(),-24),TODAY()),2,2),"""")","=IFERROR(INDEX(GOOGLEFINANCE(B352,""close"",EDATE(TODAY(),-36),TODAY()),2,2),"""")","=IFERROR(INDEX(GOOGLEFINANCE(B352,""close"",EDATE(TODAY(),-60),TODAY()),2,2),"""")","=IFERROR(INDEX(GOOGLEFINANCE(B352,""close"",DATE(1970,1,1),TODAY()),2,2),"""")"
OKE,OKE,Oneok,Energy,"=IFERROR(GOOGLEFINANCE(B353,""price""),"""")","=IFERROR(GOOGLEFINANCE(B353,""marketcap""),"""")","=IFERROR(GOOGLEFINANCE(B353,""volume""),"""")","=IFERROR(INDEX(GOOGLEFINANCE(B353,""close"",WORKDAY(TODAY(),-1),TODAY()),2,2),"""")","=IFERROR(INDEX(GOOGLEFINANCE(B353,""close"",WORKDAY(TODAY(),-5),TODAY()),2,2),"""")","=IFERROR(INDEX(GOOGLEFINANCE(B353,""close"",EDATE(TODAY(),-1),TODAY()),2,2),"""")","=IFERROR(INDEX(GOOGLEFINANCE(B353,""close"",EDATE(TODAY(),-3),TODAY()),2,2),"""")","=IFERROR(INDEX(GOOGLEFINANCE(B353,""close"",EDATE(TODAY(),-12),TODAY()),2,2),"""")","=IFERROR(INDEX(GOOGLEFINANCE(B353,""close"",EDATE(TODAY(),-24),TODAY()),2,2),"""")","=IFERROR(INDEX(GOOGLEFINANCE(B353,""close"",EDATE(TODAY(),-36),TODAY()),2,2),"""")","=IFERROR(INDEX(GOOGLEFINANCE(B353,""close"",EDATE(TODAY(),-60),TODAY()),2,2),"""")","=IFERROR(INDEX(GOOGLEFINANCE(B353,""close"",DATE(1970,1,1),TODAY()),2,2),"""")"
ORCL,ORCL,Oracle Corporation,Information Technology,"=IFERROR(GOOGLEFINANCE(B354,""price""),"""")","=IFERROR(GOOGLEFINANCE(B354,""marketcap""),"""")","=IFERROR(GOOGLEFINANCE(B354,""volume""),"""")","=IFERROR(INDEX(GOOGLEFINANCE(B354,""close"",WORKDAY(TODAY(),-1),TODAY()),2,2),"""")","=IFERROR(INDEX(GOOGLEFINANCE(B354,""close"",WORKDAY(TODAY(),-5),TODAY()),2,2),"""")","=IFERROR(INDEX(GOOGLEFINANCE(B354,""close"",EDATE(TODAY(),-1),TODAY()),2,2),"""")","=IFERROR(INDEX(GOOGLEFINANCE(B354,""close"",EDATE(TODAY(),-3),TODAY()),2,2),"""")","=IFERROR(INDEX(GOOGLEFINANCE(B354,""close"",EDATE(TODAY(),-12),TODAY()),2,2),"""")","=IFERROR(INDEX(GOOGLEFINANCE(B354,""close"",EDATE(TODAY(),-24),TODAY()),2,2),"""")","=IFERROR(INDEX(GOOGLEFINANCE(B354,""close"",EDATE(TODAY(),-36),TODAY()),2,2),"""")","=IFERROR(INDEX(GOOGLEFINANCE(B354,""close"",EDATE(TODAY(),-60),TODAY()),2,2),"""")","=IFERROR(INDEX(GOOGLEFINANCE(B354,""close"",DATE(1970,1,1),TODAY()),2,2),"""")"
OTIS,OTIS,Otis Worldwide,Industrials,"=IFERROR(GOOGLEFINANCE(B355,""price""),"""")","=IFERROR(GOOGLEFINANCE(B355,""marketcap""),"""")","=IFERROR(GOOGLEFINANCE(B355,""volume""),"""")","=IFERROR(INDEX(GOOGLEFINANCE(B355,""close"",WORKDAY(TODAY(),-1),TODAY()),2,2),"""")","=IFERROR(INDEX(GOOGLEFINANCE(B355,""close"",WORKDAY(TODAY(),-5),TODAY()),2,2),"""")","=IFERROR(INDEX(GOOGLEFINANCE(B355,""close"",EDATE(TODAY(),-1),TODAY()),2,2),"""")","=IFERROR(INDEX(GOOGLEFINANCE(B355,""close"",EDATE(TODAY(),-3),TODAY()),2,2),"""")","=IFERROR(INDEX(GOOGLEFINANCE(B355,""close"",EDATE(TODAY(),-12),TODAY()),2,2),"""")","=IFERROR(INDEX(GOOGLEFINANCE(B355,""close"",EDATE(TODAY(),-24),TODAY()),2,2),"""")","=IFERROR(INDEX(GOOGLEFINANCE(B355,""close"",EDATE(TODAY(),-36),TODAY()),2,2),"""")","=IFERROR(INDEX(GOOGLEFINANCE(B355,""close"",EDATE(TODAY(),-60),TODAY()),2,2),"""")","=IFERROR(INDEX(GOOGLEFINANCE(B355,""close"",DATE(1970,1,1),TODAY()),2,2),"""")"
PCAR,PCAR,Paccar,Industrials,"=IFERROR(GOOGLEFINANCE(B356,""price""),"""")","=IFERROR(GOOGLEFINANCE(B356,""marketcap""),"""")","=IFERROR(GOOGLEFINANCE(B356,""volume""),"""")","=IFERROR(INDEX(GOOGLEFINANCE(B356,""close"",WORKDAY(TODAY(),-1),TODAY()),2,2),"""")","=IFERROR(INDEX(GOOGLEFINANCE(B356,""close"",WORKDAY(TODAY(),-5),TODAY()),2,2),"""")","=IFERROR(INDEX(GOOGLEFINANCE(B356,""close"",EDATE(TODAY(),-1),TODAY()),2,2),"""")","=IFERROR(INDEX(GOOGLEFINANCE(B356,""close"",EDATE(TODAY(),-3),TODAY()),2,2),"""")","=IFERROR(INDEX(GOOGLEFINANCE(B356,""close"",EDATE(TODAY(),-12),TODAY()),2,2),"""")","=IFERROR(INDEX(GOOGLEFINANCE(B356,""close"",EDATE(TODAY(),-24),TODAY()),2,2),"""")","=IFERROR(INDEX(GOOGLEFINANCE(B356,""close"",EDATE(TODAY(),-36),TODAY()),2,2),"""")","=IFERROR(INDEX(GOOGLEFINANCE(B356,""close"",EDATE(TODAY(),-60),TODAY()),2,2),"""")","=IFERROR(INDEX(GOOGLEFINANCE(B356,""close"",DATE(1970,1,1),TODAY()),2,2),"""")"
PKG,PKG,Packaging Corporation of America,Materials,"=IFERROR(GOOGLEFINANCE(B357,""price""),"""")","=IFERROR(GOOGLEFINANCE(B357,""marketcap""),"""")","=IFERROR(GOOGLEFINANCE(B357,""volume""),"""")","=IFERROR(INDEX(GOOGLEFINANCE(B357,""close"",WORKDAY(TODAY(),-1),TODAY()),2,2),"""")","=IFERROR(INDEX(GOOGLEFINANCE(B357,""close"",WORKDAY(TODAY(),-5),TODAY()),2,2),"""")","=IFERROR(INDEX(GOOGLEFINANCE(B357,""close"",EDATE(TODAY(),-1),TODAY()),2,2),"""")","=IFERROR(INDEX(GOOGLEFINANCE(B357,""close"",EDATE(TODAY(),-3),TODAY()),2,2),"""")","=IFERROR(INDEX(GOOGLEFINANCE(B357,""close"",EDATE(TODAY(),-12),TODAY()),2,2),"""")","=IFERROR(INDEX(GOOGLEFINANCE(B357,""close"",EDATE(TODAY(),-24),TODAY()),2,2),"""")","=IFERROR(INDEX(GOOGLEFINANCE(B357,""close"",EDATE(TODAY(),-36),TODAY()),2,2),"""")","=IFERROR(INDEX(GOOGLEFINANCE(B357,""close"",EDATE(TODAY(),-60),TODAY()),2,2),"""")","=IFERROR(INDEX(GOOGLEFINANCE(B357,""close"",DATE(1970,1,1),TODAY()),2,2),"""")"
PLTR,PLTR,Palantir Technologies,Information Technology,"=IFERROR(GOOGLEFINANCE(B358,""price""),"""")","=IFERROR(GOOGLEFINANCE(B358,""marketcap""),"""")","=IFERROR(GOOGLEFINANCE(B358,""volume""),"""")","=IFERROR(INDEX(GOOGLEFINANCE(B358,""close"",WORKDAY(TODAY(),-1),TODAY()),2,2),"""")","=IFERROR(INDEX(GOOGLEFINANCE(B358,""close"",WORKDAY(TODAY(),-5),TODAY()),2,2),"""")","=IFERROR(INDEX(GOOGLEFINANCE(B358,""close"",EDATE(TODAY(),-1),TODAY()),2,2),"""")","=IFERROR(INDEX(GOOGLEFINANCE(B358,""close"",EDATE(TODAY(),-3),TODAY()),2,2),"""")","=IFERROR(INDEX(GOOGLEFINANCE(B358,""close"",EDATE(TODAY(),-12),TODAY()),2,2),"""")","=IFERROR(INDEX(GOOGLEFINANCE(B358,""close"",EDATE(TODAY(),-24),TODAY()),2,2),"""")","=IFERROR(INDEX(GOOGLEFINANCE(B358,""close"",EDATE(TODAY(),-36),TODAY()),2,2),"""")","=IFERROR(INDEX(GOOGLEFINANCE(B358,""close"",EDATE(TODAY(),-60),TODAY()),2,2),"""")","=IFERROR(INDEX(GOOGLEFINANCE(B358,""close"",DATE(1970,1,1),TODAY()),2,2),"""")"
PANW,PANW,Palo Alto Networks,Information Technology,"=IFERROR(GOOGLEFINANCE(B359,""price""),"""")","=IFERROR(GOOGLEFINANCE(B359,""marketcap""),"""")","=IFERROR(GOOGLEFINANCE(B359,""volume""),"""")","=IFERROR(INDEX(GOOGLEFINANCE(B359,""close"",WORKDAY(TODAY(),-1),TODAY()),2,2),"""")","=IFERROR(INDEX(GOOGLEFINANCE(B359,""close"",WORKDAY(TODAY(),-5),TODAY()),2,2),"""")","=IFERROR(INDEX(GOOGLEFINANCE(B359,""close"",EDATE(TODAY(),-1),TODAY()),2,2),"""")","=IFERROR(INDEX(GOOGLEFINANCE(B359,""close"",EDATE(TODAY(),-3),TODAY()),2,2),"""")","=IFERROR(INDEX(GOOGLEFINANCE(B359,""close"",EDATE(TODAY(),-12),TODAY()),2,2),"""")","=IFERROR(INDEX(GOOGLEFINANCE(B359,""close"",EDATE(TODAY(),-24),TODAY()),2,2),"""")","=IFERROR(INDEX(GOOGLEFINANCE(B359,""close"",EDATE(TODAY(),-36),TODAY()),2,2),"""")","=IFERROR(INDEX(GOOGLEFINANCE(B359,""close"",EDATE(TODAY(),-60),TODAY()),2,2),"""")","=IFERROR(INDEX(GOOGLEFINANCE(B359,""close"",DATE(1970,1,1),TODAY()),2,2),"""")"
PSKY,PSKY,Paramount Skydance Corporation,Communication Services,"=IFERROR(GOOGLEFINANCE(B360,""price""),"""")","=IFERROR(GOOGLEFINANCE(B360,""marketcap""),"""")","=IFERROR(GOOGLEFINANCE(B360,""volume""),"""")","=IFERROR(INDEX(GOOGLEFINANCE(B360,""close"",WORKDAY(TODAY(),-1),TODAY()),2,2),"""")","=IFERROR(INDEX(GOOGLEFINANCE(B360,""close"",WORKDAY(TODAY(),-5),TODAY()),2,2),"""")","=IFERROR(INDEX(GOOGLEFINANCE(B360,""close"",EDATE(TODAY(),-1),TODAY()),2,2),"""")","=IFERROR(INDEX(GOOGLEFINANCE(B360,""close"",EDATE(TODAY(),-3),TODAY()),2,2),"""")","=IFERROR(INDEX(GOOGLEFINANCE(B360,""close"",EDATE(TODAY(),-12),TODAY()),2,2),"""")","=IFERROR(INDEX(GOOGLEFINANCE(B360,""close"",EDATE(TODAY(),-24),TODAY()),2,2),"""")","=IFERROR(INDEX(GOOGLEFINANCE(B360,""close"",EDATE(TODAY(),-36),TODAY()),2,2),"""")","=IFERROR(INDEX(GOOGLEFINANCE(B360,""close"",EDATE(TODAY(),-60),TODAY()),2,2),"""")","=IFERROR(INDEX(GOOGLEFINANCE(B360,""close"",DATE(1970,1,1),TODAY()),2,2),"""")"
PH,PH,Parker Hannifin,Industrials,"=IFERROR(GOOGLEFINANCE(B361,""price""),"""")","=IFERROR(GOOGLEFINANCE(B361,""marketcap""),"""")","=IFERROR(GOOGLEFINANCE(B361,""volume""),"""")","=IFERROR(INDEX(GOOGLEFINANCE(B361,""close"",WORKDAY(TODAY(),-1),TODAY()),2,2),"""")","=IFERROR(INDEX(GOOGLEFINANCE(B361,""close"",WORKDAY(TODAY(),-5),TODAY()),2,2),"""")","=IFERROR(INDEX(GOOGLEFINANCE(B361,""close"",EDATE(TODAY(),-1),TODAY()),2,2),"""")","=IFERROR(INDEX(GOOGLEFINANCE(B361,""close"",EDATE(TODAY(),-3),TODAY()),2,2),"""")","=IFERROR(INDEX(GOOGLEFINANCE(B361,""close"",EDATE(TODAY(),-12),TODAY()),2,2),"""")","=IFERROR(INDEX(GOOGLEFINANCE(B361,""close"",EDATE(TODAY(),-24),TODAY()),2,2),"""")","=IFERROR(INDEX(GOOGLEFINANCE(B361,""close"",EDATE(TODAY(),-36),TODAY()),2,2),"""")","=IFERROR(INDEX(GOOGLEFINANCE(B361,""close"",EDATE(TODAY(),-60),TODAY()),2,2),"""")","=IFERROR(INDEX(GOOGLEFINANCE(B361,""close"",DATE(1970,1,1),TODAY()),2,2),"""")"
PAYX,PAYX,Paychex,Industrials,"=IFERROR(GOOGLEFINANCE(B362,""price""),"""")","=IFERROR(GOOGLEFINANCE(B362,""marketcap""),"""")","=IFERROR(GOOGLEFINANCE(B362,""volume""),"""")","=IFERROR(INDEX(GOOGLEFINANCE(B362,""close"",WORKDAY(TODAY(),-1),TODAY()),2,2),"""")","=IFERROR(INDEX(GOOGLEFINANCE(B362,""close"",WORKDAY(TODAY(),-5),TODAY()),2,2),"""")","=IFERROR(INDEX(GOOGLEFINANCE(B362,""close"",EDATE(TODAY(),-1),TODAY()),2,2),"""")","=IFERROR(INDEX(GOOGLEFINANCE(B362,""close"",EDATE(TODAY(),-3),TODAY()),2,2),"""")","=IFERROR(INDEX(GOOGLEFINANCE(B362,""close"",EDATE(TODAY(),-12),TODAY()),2,2),"""")","=IFERROR(INDEX(GOOGLEFINANCE(B362,""close"",EDATE(TODAY(),-24),TODAY()),2,2),"""")","=IFERROR(INDEX(GOOGLEFINANCE(B362,""close"",EDATE(TODAY(),-36),TODAY()),2,2),"""")","=IFERROR(INDEX(GOOGLEFINANCE(B362,""close"",EDATE(TODAY(),-60),TODAY()),2,2),"""")","=IFERROR(INDEX(GOOGLEFINANCE(B362,""close"",DATE(1970,1,1),TODAY()),2,2),"""")"
PYPL,PYPL,PayPal,Financials,"=IFERROR(GOOGLEFINANCE(B363,""price""),"""")","=IFERROR(GOOGLEFINANCE(B363,""marketcap""),"""")","=IFERROR(GOOGLEFINANCE(B363,""volume""),"""")","=IFERROR(INDEX(GOOGLEFINANCE(B363,""close"",WORKDAY(TODAY(),-1),TODAY()),2,2),"""")","=IFERROR(INDEX(GOOGLEFINANCE(B363,""close"",WORKDAY(TODAY(),-5),TODAY()),2,2),"""")","=IFERROR(INDEX(GOOGLEFINANCE(B363,""close"",EDATE(TODAY(),-1),TODAY()),2,2),"""")","=IFERROR(INDEX(GOOGLEFINANCE(B363,""close"",EDATE(TODAY(),-3),TODAY()),2,2),"""")","=IFERROR(INDEX(GOOGLEFINANCE(B363,""close"",EDATE(TODAY(),-12),TODAY()),2,2),"""")","=IFERROR(INDEX(GOOGLEFINANCE(B363,""close"",EDATE(TODAY(),-24),TODAY()),2,2),"""")","=IFERROR(INDEX(GOOGLEFINANCE(B363,""close"",EDATE(TODAY(),-36),TODAY()),2,2),"""")","=IFERROR(INDEX(GOOGLEFINANCE(B363,""close"",EDATE(TODAY(),-60),TODAY()),2,2),"""")","=IFERROR(INDEX(GOOGLEFINANCE(B363,""close"",DATE(1970,1,1),TODAY()),2,2),"""")"
PNR,PNR,Pentair,Industrials,"=IFERROR(GOOGLEFINANCE(B364,""price""),"""")","=IFERROR(GOOGLEFINANCE(B364,""marketcap""),"""")","=IFERROR(GOOGLEFINANCE(B364,""volume""),"""")","=IFERROR(INDEX(GOOGLEFINANCE(B364,""close"",WORKDAY(TODAY(),-1),TODAY()),2,2),"""")","=IFERROR(INDEX(GOOGLEFINANCE(B364,""close"",WORKDAY(TODAY(),-5),TODAY()),2,2),"""")","=IFERROR(INDEX(GOOGLEFINANCE(B364,""close"",EDATE(TODAY(),-1),TODAY()),2,2),"""")","=IFERROR(INDEX(GOOGLEFINANCE(B364,""close"",EDATE(TODAY(),-3),TODAY()),2,2),"""")","=IFERROR(INDEX(GOOGLEFINANCE(B364,""close"",EDATE(TODAY(),-12),TODAY()),2,2),"""")","=IFERROR(INDEX(GOOGLEFINANCE(B364,""close"",EDATE(TODAY(),-24),TODAY()),2,2),"""")","=IFERROR(INDEX(GOOGLEFINANCE(B364,""close"",EDATE(TODAY(),-36),TODAY()),2,2),"""")","=IFERROR(INDEX(GOOGLEFINANCE(B364,""close"",EDATE(TODAY(),-60),TODAY()),2,2),"""")","=IFERROR(INDEX(GOOGLEFINANCE(B364,""close"",DATE(1970,1,1),TODAY()),2,2),"""")"
PEP,PEP,PepsiCo,Consumer Staples,"=IFERROR(GOOGLEFINANCE(B365,""price""),"""")","=IFERROR(GOOGLEFINANCE(B365,""marketcap""),"""")","=IFERROR(GOOGLEFINANCE(B365,""volume""),"""")","=IFERROR(INDEX(GOOGLEFINANCE(B365,""close"",WORKDAY(TODAY(),-1),TODAY()),2,2),"""")","=IFERROR(INDEX(GOOGLEFINANCE(B365,""close"",WORKDAY(TODAY(),-5),TODAY()),2,2),"""")","=IFERROR(INDEX(GOOGLEFINANCE(B365,""close"",EDATE(TODAY(),-1),TODAY()),2,2),"""")","=IFERROR(INDEX(GOOGLEFINANCE(B365,""close"",EDATE(TODAY(),-3),TODAY()),2,2),"""")","=IFERROR(INDEX(GOOGLEFINANCE(B365,""close"",EDATE(TODAY(),-12),TODAY()),2,2),"""")","=IFERROR(INDEX(GOOGLEFINANCE(B365,""close"",EDATE(TODAY(),-24),TODAY()),2,2),"""")","=IFERROR(INDEX(GOOGLEFINANCE(B365,""close"",EDATE(TODAY(),-36),TODAY()),2,2),"""")","=IFERROR(INDEX(GOOGLEFINANCE(B365,""close"",EDATE(TODAY(),-60),TODAY()),2,2),"""")","=IFERROR(INDEX(GOOGLEFINANCE(B365,""close"",DATE(1970,1,1),TODAY()),2,2),"""")"
PFE,PFE,Pfizer,Health Care,"=IFERROR(GOOGLEFINANCE(B366,""price""),"""")","=IFERROR(GOOGLEFINANCE(B366,""marketcap""),"""")","=IFERROR(GOOGLEFINANCE(B366,""volume""),"""")","=IFERROR(INDEX(GOOGLEFINANCE(B366,""close"",WORKDAY(TODAY(),-1),TODAY()),2,2),"""")","=IFERROR(INDEX(GOOGLEFINANCE(B366,""close"",WORKDAY(TODAY(),-5),TODAY()),2,2),"""")","=IFERROR(INDEX(GOOGLEFINANCE(B366,""close"",EDATE(TODAY(),-1),TODAY()),2,2),"""")","=IFERROR(INDEX(GOOGLEFINANCE(B366,""close"",EDATE(TODAY(),-3),TODAY()),2,2),"""")","=IFERROR(INDEX(GOOGLEFINANCE(B366,""close"",EDATE(TODAY(),-12),TODAY()),2,2),"""")","=IFERROR(INDEX(GOOGLEFINANCE(B366,""close"",EDATE(TODAY(),-24),TODAY()),2,2),"""")","=IFERROR(INDEX(GOOGLEFINANCE(B366,""close"",EDATE(TODAY(),-36),TODAY()),2,2),"""")","=IFERROR(INDEX(GOOGLEFINANCE(B366,""close"",EDATE(TODAY(),-60),TODAY()),2,2),"""")","=IFERROR(INDEX(GOOGLEFINANCE(B366,""close"",DATE(1970,1,1),TODAY()),2,2),"""")"
PCG,PCG,PG&E Corporation,Utilities,"=IFERROR(GOOGLEFINANCE(B367,""price""),"""")","=IFERROR(GOOGLEFINANCE(B367,""marketcap""),"""")","=IFERROR(GOOGLEFINANCE(B367,""volume""),"""")","=IFERROR(INDEX(GOOGLEFINANCE(B367,""close"",WORKDAY(TODAY(),-1),TODAY()),2,2),"""")","=IFERROR(INDEX(GOOGLEFINANCE(B367,""close"",WORKDAY(TODAY(),-5),TODAY()),2,2),"""")","=IFERROR(INDEX(GOOGLEFINANCE(B367,""close"",EDATE(TODAY(),-1),TODAY()),2,2),"""")","=IFERROR(INDEX(GOOGLEFINANCE(B367,""close"",EDATE(TODAY(),-3),TODAY()),2,2),"""")","=IFERROR(INDEX(GOOGLEFINANCE(B367,""close"",EDATE(TODAY(),-12),TODAY()),2,2),"""")","=IFERROR(INDEX(GOOGLEFINANCE(B367,""close"",EDATE(TODAY(),-24),TODAY()),2,2),"""")","=IFERROR(INDEX(GOOGLEFINANCE(B367,""close"",EDATE(TODAY(),-36),TODAY()),2,2),"""")","=IFERROR(INDEX(GOOGLEFINANCE(B367,""close"",EDATE(TODAY(),-60),TODAY()),2,2),"""")","=IFERROR(INDEX(GOOGLEFINANCE(B367,""close"",DATE(1970,1,1),TODAY()),2,2),"""")"
PM,PM,Philip Morris International,Consumer Staples,"=IFERROR(GOOGLEFINANCE(B368,""price""),"""")","=IFERROR(GOOGLEFINANCE(B368,""marketcap""),"""")","=IFERROR(GOOGLEFINANCE(B368,""volume""),"""")","=IFERROR(INDEX(GOOGLEFINANCE(B368,""close"",WORKDAY(TODAY(),-1),TODAY()),2,2),"""")","=IFERROR(INDEX(GOOGLEFINANCE(B368,""close"",WORKDAY(TODAY(),-5),TODAY()),2,2),"""")","=IFERROR(INDEX(GOOGLEFINANCE(B368,""close"",EDATE(TODAY(),-1),TODAY()),2,2),"""")","=IFERROR(INDEX(GOOGLEFINANCE(B368,""close"",EDATE(TODAY(),-3),TODAY()),2,2),"""")","=IFERROR(INDEX(GOOGLEFINANCE(B368,""close"",EDATE(TODAY(),-12),TODAY()),2,2),"""")","=IFERROR(INDEX(GOOGLEFINANCE(B368,""close"",EDATE(TODAY(),-24),TODAY()),2,2),"""")","=IFERROR(INDEX(GOOGLEFINANCE(B368,""close"",EDATE(TODAY(),-36),TODAY()),2,2),"""")","=IFERROR(INDEX(GOOGLEFINANCE(B368,""close"",EDATE(TODAY(),-60),TODAY()),2,2),"""")","=IFERROR(INDEX(GOOGLEFINANCE(B368,""close"",DATE(1970,1,1),TODAY()),2,2),"""")"
PSX,PSX,Phillips 66,Energy,"=IFERROR(GOOGLEFINANCE(B369,""price""),"""")","=IFERROR(GOOGLEFINANCE(B369,""marketcap""),"""")","=IFERROR(GOOGLEFINANCE(B369,""volume""),"""")","=IFERROR(INDEX(GOOGLEFINANCE(B369,""close"",WORKDAY(TODAY(),-1),TODAY()),2,2),"""")","=IFERROR(INDEX(GOOGLEFINANCE(B369,""close"",WORKDAY(TODAY(),-5),TODAY()),2,2),"""")","=IFERROR(INDEX(GOOGLEFINANCE(B369,""close"",EDATE(TODAY(),-1),TODAY()),2,2),"""")","=IFERROR(INDEX(GOOGLEFINANCE(B369,""close"",EDATE(TODAY(),-3),TODAY()),2,2),"""")","=IFERROR(INDEX(GOOGLEFINANCE(B369,""close"",EDATE(TODAY(),-12),TODAY()),2,2),"""")","=IFERROR(INDEX(GOOGLEFINANCE(B369,""close"",EDATE(TODAY(),-24),TODAY()),2,2),"""")","=IFERROR(INDEX(GOOGLEFINANCE(B369,""close"",EDATE(TODAY(),-36),TODAY()),2,2),"""")","=IFERROR(INDEX(GOOGLEFINANCE(B369,""close"",EDATE(TODAY(),-60),TODAY()),2,2),"""")","=IFERROR(INDEX(GOOGLEFINANCE(B369,""close"",DATE(1970,1,1),TODAY()),2,2),"""")"
PNW,PNW,Pinnacle West Capital,Utilities,"=IFERROR(GOOGLEFINANCE(B370,""price""),"""")","=IFERROR(GOOGLEFINANCE(B370,""marketcap""),"""")","=IFERROR(GOOGLEFINANCE(B370,""volume""),"""")","=IFERROR(INDEX(GOOGLEFINANCE(B370,""close"",WORKDAY(TODAY(),-1),TODAY()),2,2),"""")","=IFERROR(INDEX(GOOGLEFINANCE(B370,""close"",WORKDAY(TODAY(),-5),TODAY()),2,2),"""")","=IFERROR(INDEX(GOOGLEFINANCE(B370,""close"",EDATE(TODAY(),-1),TODAY()),2,2),"""")","=IFERROR(INDEX(GOOGLEFINANCE(B370,""close"",EDATE(TODAY(),-3),TODAY()),2,2),"""")","=IFERROR(INDEX(GOOGLEFINANCE(B370,""close"",EDATE(TODAY(),-12),TODAY()),2,2),"""")","=IFERROR(INDEX(GOOGLEFINANCE(B370,""close"",EDATE(TODAY(),-24),TODAY()),2,2),"""")","=IFERROR(INDEX(GOOGLEFINANCE(B370,""close"",EDATE(TODAY(),-36),TODAY()),2,2),"""")","=IFERROR(INDEX(GOOGLEFINANCE(B370,""close"",EDATE(TODAY(),-60),TODAY()),2,2),"""")","=IFERROR(INDEX(GOOGLEFINANCE(B370,""close"",DATE(1970,1,1),TODAY()),2,2),"""")"
PNC,PNC,PNC Financial Services,Financials,"=IFERROR(GOOGLEFINANCE(B371,""price""),"""")","=IFERROR(GOOGLEFINANCE(B371,""marketcap""),"""")","=IFERROR(GOOGLEFINANCE(B371,""volume""),"""")","=IFERROR(INDEX(GOOGLEFINANCE(B371,""close"",WORKDAY(TODAY(),-1),TODAY()),2,2),"""")","=IFERROR(INDEX(GOOGLEFINANCE(B371,""close"",WORKDAY(TODAY(),-5),TODAY()),2,2),"""")","=IFERROR(INDEX(GOOGLEFINANCE(B371,""close"",EDATE(TODAY(),-1),TODAY()),2,2),"""")","=IFERROR(INDEX(GOOGLEFINANCE(B371,""close"",EDATE(TODAY(),-3),TODAY()),2,2),"""")","=IFERROR(INDEX(GOOGLEFINANCE(B371,""close"",EDATE(TODAY(),-12),TODAY()),2,2),"""")","=IFERROR(INDEX(GOOGLEFINANCE(B371,""close"",EDATE(TODAY(),-24),TODAY()),2,2),"""")","=IFERROR(INDEX(GOOGLEFINANCE(B371,""close"",EDATE(TODAY(),-36),TODAY()),2,2),"""")","=IFERROR(INDEX(GOOGLEFINANCE(B371,""close"",EDATE(TODAY(),-60),TODAY()),2,2),"""")","=IFERROR(INDEX(GOOGLEFINANCE(B371,""close"",DATE(1970,1,1),TODAY()),2,2),"""")"
POOL,POOL,Pool Corporation,Consumer Discretionary,"=IFERROR(GOOGLEFINANCE(B372,""price""),"""")","=IFERROR(GOOGLEFINANCE(B372,""marketcap""),"""")","=IFERROR(GOOGLEFINANCE(B372,""volume""),"""")","=IFERROR(INDEX(GOOGLEFINANCE(B372,""close"",WORKDAY(TODAY(),-1),TODAY()),2,2),"""")","=IFERROR(INDEX(GOOGLEFINANCE(B372,""close"",WORKDAY(TODAY(),-5),TODAY()),2,2),"""")","=IFERROR(INDEX(GOOGLEFINANCE(B372,""close"",EDATE(TODAY(),-1),TODAY()),2,2),"""")","=IFERROR(INDEX(GOOGLEFINANCE(B372,""close"",EDATE(TODAY(),-3),TODAY()),2,2),"""")","=IFERROR(INDEX(GOOGLEFINANCE(B372,""close"",EDATE(TODAY(),-12),TODAY()),2,2),"""")","=IFERROR(INDEX(GOOGLEFINANCE(B372,""close"",EDATE(TODAY(),-24),TODAY()),2,2),"""")","=IFERROR(INDEX(GOOGLEFINANCE(B372,""close"",EDATE(TODAY(),-36),TODAY()),2,2),"""")","=IFERROR(INDEX(GOOGLEFINANCE(B372,""close"",EDATE(TODAY(),-60),TODAY()),2,2),"""")","=IFERROR(INDEX(GOOGLEFINANCE(B372,""close"",DATE(1970,1,1),TODAY()),2,2),"""")"
PPG,PPG,PPG Industries,Materials,"=IFERROR(GOOGLEFINANCE(B373,""price""),"""")","=IFERROR(GOOGLEFINANCE(B373,""marketcap""),"""")","=IFERROR(GOOGLEFINANCE(B373,""volume""),"""")","=IFERROR(INDEX(GOOGLEFINANCE(B373,""close"",WORKDAY(TODAY(),-1),TODAY()),2,2),"""")","=IFERROR(INDEX(GOOGLEFINANCE(B373,""close"",WORKDAY(TODAY(),-5),TODAY()),2,2),"""")","=IFERROR(INDEX(GOOGLEFINANCE(B373,""close"",EDATE(TODAY(),-1),TODAY()),2,2),"""")","=IFERROR(INDEX(GOOGLEFINANCE(B373,""close"",EDATE(TODAY(),-3),TODAY()),2,2),"""")","=IFERROR(INDEX(GOOGLEFINANCE(B373,""close"",EDATE(TODAY(),-12),TODAY()),2,2),"""")","=IFERROR(INDEX(GOOGLEFINANCE(B373,""close"",EDATE(TODAY(),-24),TODAY()),2,2),"""")","=IFERROR(INDEX(GOOGLEFINANCE(B373,""close"",EDATE(TODAY(),-36),TODAY()),2,2),"""")","=IFERROR(INDEX(GOOGLEFINANCE(B373,""close"",EDATE(TODAY(),-60),TODAY()),2,2),"""")","=IFERROR(INDEX(GOOGLEFINANCE(B373,""close"",DATE(1970,1,1),TODAY()),2,2),"""")"
PPL,PPL,PPL Corporation,Utilities,"=IFERROR(GOOGLEFINANCE(B374,""price""),"""")","=IFERROR(GOOGLEFINANCE(B374,""marketcap""),"""")","=IFERROR(GOOGLEFINANCE(B374,""volume""),"""")","=IFERROR(INDEX(GOOGLEFINANCE(B374,""close"",WORKDAY(TODAY(),-1),TODAY()),2,2),"""")","=IFERROR(INDEX(GOOGLEFINANCE(B374,""close"",WORKDAY(TODAY(),-5),TODAY()),2,2),"""")","=IFERROR(INDEX(GOOGLEFINANCE(B374,""close"",EDATE(TODAY(),-1),TODAY()),2,2),"""")","=IFERROR(INDEX(GOOGLEFINANCE(B374,""close"",EDATE(TODAY(),-3),TODAY()),2,2),"""")","=IFERROR(INDEX(GOOGLEFINANCE(B374,""close"",EDATE(TODAY(),-12),TODAY()),2,2),"""")","=IFERROR(INDEX(GOOGLEFINANCE(B374,""close"",EDATE(TODAY(),-24),TODAY()),2,2),"""")","=IFERROR(INDEX(GOOGLEFINANCE(B374,""close"",EDATE(TODAY(),-36),TODAY()),2,2),"""")","=IFERROR(INDEX(GOOGLEFINANCE(B374,""close"",EDATE(TODAY(),-60),TODAY()),2,2),"""")","=IFERROR(INDEX(GOOGLEFINANCE(B374,""close"",DATE(1970,1,1),TODAY()),2,2),"""")"
PFG,PFG,Principal Financial Group,Financials,"=IFERROR(GOOGLEFINANCE(B375,""price""),"""")","=IFERROR(GOOGLEFINANCE(B375,""marketcap""),"""")","=IFERROR(GOOGLEFINANCE(B375,""volume""),"""")","=IFERROR(INDEX(GOOGLEFINANCE(B375,""close"",WORKDAY(TODAY(),-1),TODAY()),2,2),"""")","=IFERROR(INDEX(GOOGLEFINANCE(B375,""close"",WORKDAY(TODAY(),-5),TODAY()),2,2),"""")","=IFERROR(INDEX(GOOGLEFINANCE(B375,""close"",EDATE(TODAY(),-1),TODAY()),2,2),"""")","=IFERROR(INDEX(GOOGLEFINANCE(B375,""close"",EDATE(TODAY(),-3),TODAY()),2,2),"""")","=IFERROR(INDEX(GOOGLEFINANCE(B375,""close"",EDATE(TODAY(),-12),TODAY()),2,2),"""")","=IFERROR(INDEX(GOOGLEFINANCE(B375,""close"",EDATE(TODAY(),-24),TODAY()),2,2),"""")","=IFERROR(INDEX(GOOGLEFINANCE(B375,""close"",EDATE(TODAY(),-36),TODAY()),2,2),"""")","=IFERROR(INDEX(GOOGLEFINANCE(B375,""close"",EDATE(TODAY(),-60),TODAY()),2,2),"""")","=IFERROR(INDEX(GOOGLEFINANCE(B375,""close"",DATE(1970,1,1),TODAY()),2,2),"""")"
PG,PG,Procter & Gamble,Consumer Staples,"=IFERROR(GOOGLEFINANCE(B376,""price""),"""")","=IFERROR(GOOGLEFINANCE(B376,""marketcap""),"""")","=IFERROR(GOOGLEFINANCE(B376,""volume""),"""")","=IFERROR(INDEX(GOOGLEFINANCE(B376,""close"",WORKDAY(TODAY(),-1),TODAY()),2,2),"""")","=IFERROR(INDEX(GOOGLEFINANCE(B376,""close"",WORKDAY(TODAY(),-5),TODAY()),2,2),"""")","=IFERROR(INDEX(GOOGLEFINANCE(B376,""close"",EDATE(TODAY(),-1),TODAY()),2,2),"""")","=IFERROR(INDEX(GOOGLEFINANCE(B376,""close"",EDATE(TODAY(),-3),TODAY()),2,2),"""")","=IFERROR(INDEX(GOOGLEFINANCE(B376,""close"",EDATE(TODAY(),-12),TODAY()),2,2),"""")","=IFERROR(INDEX(GOOGLEFINANCE(B376,""close"",EDATE(TODAY(),-24),TODAY()),2,2),"""")","=IFERROR(INDEX(GOOGLEFINANCE(B376,""close"",EDATE(TODAY(),-36),TODAY()),2,2),"""")","=IFERROR(INDEX(GOOGLEFINANCE(B376,""close"",EDATE(TODAY(),-60),TODAY()),2,2),"""")","=IFERROR(INDEX(GOOGLEFINANCE(B376,""close"",DATE(1970,1,1),TODAY()),2,2),"""")"
PGR,PGR,Progressive Corporation,Financials,"=IFERROR(GOOGLEFINANCE(B377,""price""),"""")","=IFERROR(GOOGLEFINANCE(B377,""marketcap""),"""")","=IFERROR(GOOGLEFINANCE(B377,""volume""),"""")","=IFERROR(INDEX(GOOGLEFINANCE(B377,""close"",WORKDAY(TODAY(),-1),TODAY()),2,2),"""")","=IFERROR(INDEX(GOOGLEFINANCE(B377,""close"",WORKDAY(TODAY(),-5),TODAY()),2,2),"""")","=IFERROR(INDEX(GOOGLEFINANCE(B377,""close"",EDATE(TODAY(),-1),TODAY()),2,2),"""")","=IFERROR(INDEX(GOOGLEFINANCE(B377,""close"",EDATE(TODAY(),-3),TODAY()),2,2),"""")","=IFERROR(INDEX(GOOGLEFINANCE(B377,""close"",EDATE(TODAY(),-12),TODAY()),2,2),"""")","=IFERROR(INDEX(GOOGLEFINANCE(B377,""close"",EDATE(TODAY(),-24),TODAY()),2,2),"""")","=IFERROR(INDEX(GOOGLEFINANCE(B377,""close"",EDATE(TODAY(),-36),TODAY()),2,2),"""")","=IFERROR(INDEX(GOOGLEFINANCE(B377,""close"",EDATE(TODAY(),-60),TODAY()),2,2),"""")","=IFERROR(INDEX(GOOGLEFINANCE(B377,""close"",DATE(1970,1,1),TODAY()),2,2),"""")"
PLD,PLD,Prologis,Real Estate,"=IFERROR(GOOGLEFINANCE(B378,""price""),"""")","=IFERROR(GOOGLEFINANCE(B378,""marketcap""),"""")","=IFERROR(GOOGLEFINANCE(B378,""volume""),"""")","=IFERROR(INDEX(GOOGLEFINANCE(B378,""close"",WORKDAY(TODAY(),-1),TODAY()),2,2),"""")","=IFERROR(INDEX(GOOGLEFINANCE(B378,""close"",WORKDAY(TODAY(),-5),TODAY()),2,2),"""")","=IFERROR(INDEX(GOOGLEFINANCE(B378,""close"",EDATE(TODAY(),-1),TODAY()),2,2),"""")","=IFERROR(INDEX(GOOGLEFINANCE(B378,""close"",EDATE(TODAY(),-3),TODAY()),2,2),"""")","=IFERROR(INDEX(GOOGLEFINANCE(B378,""close"",EDATE(TODAY(),-12),TODAY()),2,2),"""")","=IFERROR(INDEX(GOOGLEFINANCE(B378,""close"",EDATE(TODAY(),-24),TODAY()),2,2),"""")","=IFERROR(INDEX(GOOGLEFINANCE(B378,""close"",EDATE(TODAY(),-36),TODAY()),2,2),"""")","=IFERROR(INDEX(GOOGLEFINANCE(B378,""close"",EDATE(TODAY(),-60),TODAY()),2,2),"""")","=IFERROR(INDEX(GOOGLEFINANCE(B378,""close"",DATE(1970,1,1),TODAY()),2,2),"""")"
PRU,PRU,Prudential Financial,Financials,"=IFERROR(GOOGLEFINANCE(B379,""price""),"""")","=IFERROR(GOOGLEFINANCE(B379,""marketcap""),"""")","=IFERROR(GOOGLEFINANCE(B379,""volume""),"""")","=IFERROR(INDEX(GOOGLEFINANCE(B379,""close"",WORKDAY(TODAY(),-1),TODAY()),2,2),"""")","=IFERROR(INDEX(GOOGLEFINANCE(B379,""close"",WORKDAY(TODAY(),-5),TODAY()),2,2),"""")","=IFERROR(INDEX(GOOGLEFINANCE(B379,""close"",EDATE(TODAY(),-1),TODAY()),2,2),"""")","=IFERROR(INDEX(GOOGLEFINANCE(B379,""close"",EDATE(TODAY(),-3),TODAY()),2,2),"""")","=IFERROR(INDEX(GOOGLEFINANCE(B379,""close"",EDATE(TODAY(),-12),TODAY()),2,2),"""")","=IFERROR(INDEX(GOOGLEFINANCE(B379,""close"",EDATE(TODAY(),-24),TODAY()),2,2),"""")","=IFERROR(INDEX(GOOGLEFINANCE(B379,""close"",EDATE(TODAY(),-36),TODAY()),2,2),"""")","=IFERROR(INDEX(GOOGLEFINANCE(B379,""close"",EDATE(TODAY(),-60),TODAY()),2,2),"""")","=IFERROR(INDEX(GOOGLEFINANCE(B379,""close"",DATE(1970,1,1),TODAY()),2,2),"""")"
PEG,PEG,Public Service Enterprise Group,Utilities,"=IFERROR(GOOGLEFINANCE(B380,""price""),"""")","=IFERROR(GOOGLEFINANCE(B380,""marketcap""),"""")","=IFERROR(GOOGLEFINANCE(B380,""volume""),"""")","=IFERROR(INDEX(GOOGLEFINANCE(B380,""close"",WORKDAY(TODAY(),-1),TODAY()),2,2),"""")","=IFERROR(INDEX(GOOGLEFINANCE(B380,""close"",WORKDAY(TODAY(),-5),TODAY()),2,2),"""")","=IFERROR(INDEX(GOOGLEFINANCE(B380,""close"",EDATE(TODAY(),-1),TODAY()),2,2),"""")","=IFERROR(INDEX(GOOGLEFINANCE(B380,""close"",EDATE(TODAY(),-3),TODAY()),2,2),"""")","=IFERROR(INDEX(GOOGLEFINANCE(B380,""close"",EDATE(TODAY(),-12),TODAY()),2,2),"""")","=IFERROR(INDEX(GOOGLEFINANCE(B380,""close"",EDATE(TODAY(),-24),TODAY()),2,2),"""")","=IFERROR(INDEX(GOOGLEFINANCE(B380,""close"",EDATE(TODAY(),-36),TODAY()),2,2),"""")","=IFERROR(INDEX(GOOGLEFINANCE(B380,""close"",EDATE(TODAY(),-60),TODAY()),2,2),"""")","=IFERROR(INDEX(GOOGLEFINANCE(B380,""close"",DATE(1970,1,1),TODAY()),2,2),"""")"
PTC,PTC,PTC Inc.,Information Technology,"=IFERROR(GOOGLEFINANCE(B381,""price""),"""")","=IFERROR(GOOGLEFINANCE(B381,""marketcap""),"""")","=IFERROR(GOOGLEFINANCE(B381,""volume""),"""")","=IFERROR(INDEX(GOOGLEFINANCE(B381,""close"",WORKDAY(TODAY(),-1),TODAY()),2,2),"""")","=IFERROR(INDEX(GOOGLEFINANCE(B381,""close"",WORKDAY(TODAY(),-5),TODAY()),2,2),"""")","=IFERROR(INDEX(GOOGLEFINANCE(B381,""close"",EDATE(TODAY(),-1),TODAY()),2,2),"""")","=IFERROR(INDEX(GOOGLEFINANCE(B381,""close"",EDATE(TODAY(),-3),TODAY()),2,2),"""")","=IFERROR(INDEX(GOOGLEFINANCE(B381,""close"",EDATE(TODAY(),-12),TODAY()),2,2),"""")","=IFERROR(INDEX(GOOGLEFINANCE(B381,""close"",EDATE(TODAY(),-24),TODAY()),2,2),"""")","=IFERROR(INDEX(GOOGLEFINANCE(B381,""close"",EDATE(TODAY(),-36),TODAY()),2,2),"""")","=IFERROR(INDEX(GOOGLEFINANCE(B381,""close"",EDATE(TODAY(),-60),TODAY()),2,2),"""")","=IFERROR(INDEX(GOOGLEFINANCE(B381,""close"",DATE(1970,1,1),TODAY()),2,2),"""")"
PSA,PSA,Public Storage,Real Estate,"=IFERROR(GOOGLEFINANCE(B382,""price""),"""")","=IFERROR(GOOGLEFINANCE(B382,""marketcap""),"""")","=IFERROR(GOOGLEFINANCE(B382,""volume""),"""")","=IFERROR(INDEX(GOOGLEFINANCE(B382,""close"",WORKDAY(TODAY(),-1),TODAY()),2,2),"""")","=IFERROR(INDEX(GOOGLEFINANCE(B382,""close"",WORKDAY(TODAY(),-5),TODAY()),2,2),"""")","=IFERROR(INDEX(GOOGLEFINANCE(B382,""close"",EDATE(TODAY(),-1),TODAY()),2,2),"""")","=IFERROR(INDEX(GOOGLEFINANCE(B382,""close"",EDATE(TODAY(),-3),TODAY()),2,2),"""")","=IFERROR(INDEX(GOOGLEFINANCE(B382,""close"",EDATE(TODAY(),-12),TODAY()),2,2),"""")","=IFERROR(INDEX(GOOGLEFINANCE(B382,""close"",EDATE(TODAY(),-24),TODAY()),2,2),"""")","=IFERROR(INDEX(GOOGLEFINANCE(B382,""close"",EDATE(TODAY(),-36),TODAY()),2,2),"""")","=IFERROR(INDEX(GOOGLEFINANCE(B382,""close"",EDATE(TODAY(),-60),TODAY()),2,2),"""")","=IFERROR(INDEX(GOOGLEFINANCE(B382,""close"",DATE(1970,1,1),TODAY()),2,2),"""")"
PHM,PHM,PulteGroup,Consumer Discretionary,"=IFERROR(GOOGLEFINANCE(B383,""price""),"""")","=IFERROR(GOOGLEFINANCE(B383,""marketcap""),"""")","=IFERROR(GOOGLEFINANCE(B383,""volume""),"""")","=IFERROR(INDEX(GOOGLEFINANCE(B383,""close"",WORKDAY(TODAY(),-1),TODAY()),2,2),"""")","=IFERROR(INDEX(GOOGLEFINANCE(B383,""close"",WORKDAY(TODAY(),-5),TODAY()),2,2),"""")","=IFERROR(INDEX(GOOGLEFINANCE(B383,""close"",EDATE(TODAY(),-1),TODAY()),2,2),"""")","=IFERROR(INDEX(GOOGLEFINANCE(B383,""close"",EDATE(TODAY(),-3),TODAY()),2,2),"""")","=IFERROR(INDEX(GOOGLEFINANCE(B383,""close"",EDATE(TODAY(),-12),TODAY()),2,2),"""")","=IFERROR(INDEX(GOOGLEFINANCE(B383,""close"",EDATE(TODAY(),-24),TODAY()),2,2),"""")","=IFERROR(INDEX(GOOGLEFINANCE(B383,""close"",EDATE(TODAY(),-36),TODAY()),2,2),"""")","=IFERROR(INDEX(GOOGLEFINANCE(B383,""close"",EDATE(TODAY(),-60),TODAY()),2,2),"""")","=IFERROR(INDEX(GOOGLEFINANCE(B383,""close"",DATE(1970,1,1),TODAY()),2,2),"""")"
PWR,PWR,Quanta Services,Industrials,"=IFERROR(GOOGLEFINANCE(B384,""price""),"""")","=IFERROR(GOOGLEFINANCE(B384,""marketcap""),"""")","=IFERROR(GOOGLEFINANCE(B384,""volume""),"""")","=IFERROR(INDEX(GOOGLEFINANCE(B384,""close"",WORKDAY(TODAY(),-1),TODAY()),2,2),"""")","=IFERROR(INDEX(GOOGLEFINANCE(B384,""close"",WORKDAY(TODAY(),-5),TODAY()),2,2),"""")","=IFERROR(INDEX(GOOGLEFINANCE(B384,""close"",EDATE(TODAY(),-1),TODAY()),2,2),"""")","=IFERROR(INDEX(GOOGLEFINANCE(B384,""close"",EDATE(TODAY(),-3),TODAY()),2,2),"""")","=IFERROR(INDEX(GOOGLEFINANCE(B384,""close"",EDATE(TODAY(),-12),TODAY()),2,2),"""")","=IFERROR(INDEX(GOOGLEFINANCE(B384,""close"",EDATE(TODAY(),-24),TODAY()),2,2),"""")","=IFERROR(INDEX(GOOGLEFINANCE(B384,""close"",EDATE(TODAY(),-36),TODAY()),2,2),"""")","=IFERROR(INDEX(GOOGLEFINANCE(B384,""close"",EDATE(TODAY(),-60),TODAY()),2,2),"""")","=IFERROR(INDEX(GOOGLEFINANCE(B384,""close"",DATE(1970,1,1),TODAY()),2,2),"""")"
QCOM,QCOM,Qualcomm,Information Technology,"=IFERROR(GOOGLEFINANCE(B385,""price""),"""")","=IFERROR(GOOGLEFINANCE(B385,""marketcap""),"""")","=IFERROR(GOOGLEFINANCE(B385,""volume""),"""")","=IFERROR(INDEX(GOOGLEFINANCE(B385,""close"",WORKDAY(TODAY(),-1),TODAY()),2,2),"""")","=IFERROR(INDEX(GOOGLEFINANCE(B385,""close"",WORKDAY(TODAY(),-5),TODAY()),2,2),"""")","=IFERROR(INDEX(GOOGLEFINANCE(B385,""close"",EDATE(TODAY(),-1),TODAY()),2,2),"""")","=IFERROR(INDEX(GOOGLEFINANCE(B385,""close"",EDATE(TODAY(),-3),TODAY()),2,2),"""")","=IFERROR(INDEX(GOOGLEFINANCE(B385,""close"",EDATE(TODAY(),-12),TODAY()),2,2),"""")","=IFERROR(INDEX(GOOGLEFINANCE(B385,""close"",EDATE(TODAY(),-24),TODAY()),2,2),"""")","=IFERROR(INDEX(GOOGLEFINANCE(B385,""close"",EDATE(TODAY(),-36),TODAY()),2,2),"""")","=IFERROR(INDEX(GOOGLEFINANCE(B385,""close"",EDATE(TODAY(),-60),TODAY()),2,2),"""")","=IFERROR(INDEX(GOOGLEFINANCE(B385,""close"",DATE(1970,1,1),TODAY()),2,2),"""")"
DGX,DGX,Quest Diagnostics,Health Care,"=IFERROR(GOOGLEFINANCE(B386,""price""),"""")","=IFERROR(GOOGLEFINANCE(B386,""marketcap""),"""")","=IFERROR(GOOGLEFINANCE(B386,""volume""),"""")","=IFERROR(INDEX(GOOGLEFINANCE(B386,""close"",WORKDAY(TODAY(),-1),TODAY()),2,2),"""")","=IFERROR(INDEX(GOOGLEFINANCE(B386,""close"",WORKDAY(TODAY(),-5),TODAY()),2,2),"""")","=IFERROR(INDEX(GOOGLEFINANCE(B386,""close"",EDATE(TODAY(),-1),TODAY()),2,2),"""")","=IFERROR(INDEX(GOOGLEFINANCE(B386,""close"",EDATE(TODAY(),-3),TODAY()),2,2),"""")","=IFERROR(INDEX(GOOGLEFINANCE(B386,""close"",EDATE(TODAY(),-12),TODAY()),2,2),"""")","=IFERROR(INDEX(GOOGLEFINANCE(B386,""close"",EDATE(TODAY(),-24),TODAY()),2,2),"""")","=IFERROR(INDEX(GOOGLEFINANCE(B386,""close"",EDATE(TODAY(),-36),TODAY()),2,2),"""")","=IFERROR(INDEX(GOOGLEFINANCE(B386,""close"",EDATE(TODAY(),-60),TODAY()),2,2),"""")","=IFERROR(INDEX(GOOGLEFINANCE(B386,""close"",DATE(1970,1,1),TODAY()),2,2),"""")"
Q,Q,Qnity Electronics,Information Technology,"=IFERROR(GOOGLEFINANCE(B387,""price""),"""")","=IFERROR(GOOGLEFINANCE(B387,""marketcap""),"""")","=IFERROR(GOOGLEFINANCE(B387,""volume""),"""")","=IFERROR(INDEX(GOOGLEFINANCE(B387,""close"",WORKDAY(TODAY(),-1),TODAY()),2,2),"""")","=IFERROR(INDEX(GOOGLEFINANCE(B387,""close"",WORKDAY(TODAY(),-5),TODAY()),2,2),"""")","=IFERROR(INDEX(GOOGLEFINANCE(B387,""close"",EDATE(TODAY(),-1),TODAY()),2,2),"""")","=IFERROR(INDEX(GOOGLEFINANCE(B387,""close"",EDATE(TODAY(),-3),TODAY()),2,2),"""")","=IFERROR(INDEX(GOOGLEFINANCE(B387,""close"",EDATE(TODAY(),-12),TODAY()),2,2),"""")","=IFERROR(INDEX(GOOGLEFINANCE(B387,""close"",EDATE(TODAY(),-24),TODAY()),2,2),"""")","=IFERROR(INDEX(GOOGLEFINANCE(B387,""close"",EDATE(TODAY(),-36),TODAY()),2,2),"""")","=IFERROR(INDEX(GOOGLEFINANCE(B387,""close"",EDATE(TODAY(),-60),TODAY()),2,2),"""")","=IFERROR(INDEX(GOOGLEFINANCE(B387,""close"",DATE(1970,1,1),TODAY()),2,2),"""")"
RL,RL,Ralph Lauren Corporation,Consumer Discretionary,"=IFERROR(GOOGLEFINANCE(B388,""price""),"""")","=IFERROR(GOOGLEFINANCE(B388,""marketcap""),"""")","=IFERROR(GOOGLEFINANCE(B388,""volume""),"""")","=IFERROR(INDEX(GOOGLEFINANCE(B388,""close"",WORKDAY(TODAY(),-1),TODAY()),2,2),"""")","=IFERROR(INDEX(GOOGLEFINANCE(B388,""close"",WORKDAY(TODAY(),-5),TODAY()),2,2),"""")","=IFERROR(INDEX(GOOGLEFINANCE(B388,""close"",EDATE(TODAY(),-1),TODAY()),2,2),"""")","=IFERROR(INDEX(GOOGLEFINANCE(B388,""close"",EDATE(TODAY(),-3),TODAY()),2,2),"""")","=IFERROR(INDEX(GOOGLEFINANCE(B388,""close"",EDATE(TODAY(),-12),TODAY()),2,2),"""")","=IFERROR(INDEX(GOOGLEFINANCE(B388,""close"",EDATE(TODAY(),-24),TODAY()),2,2),"""")","=IFERROR(INDEX(GOOGLEFINANCE(B388,""close"",EDATE(TODAY(),-36),TODAY()),2,2),"""")","=IFERROR(INDEX(GOOGLEFINANCE(B388,""close"",EDATE(TODAY(),-60),TODAY()),2,2),"""")","=IFERROR(INDEX(GOOGLEFINANCE(B388,""close"",DATE(1970,1,1),TODAY()),2,2),"""")"
RJF,RJF,Raymond James Financial,Financials,"=IFERROR(GOOGLEFINANCE(B389,""price""),"""")","=IFERROR(GOOGLEFINANCE(B389,""marketcap""),"""")","=IFERROR(GOOGLEFINANCE(B389,""volume""),"""")","=IFERROR(INDEX(GOOGLEFINANCE(B389,""close"",WORKDAY(TODAY(),-1),TODAY()),2,2),"""")","=IFERROR(INDEX(GOOGLEFINANCE(B389,""close"",WORKDAY(TODAY(),-5),TODAY()),2,2),"""")","=IFERROR(INDEX(GOOGLEFINANCE(B389,""close"",EDATE(TODAY(),-1),TODAY()),2,2),"""")","=IFERROR(INDEX(GOOGLEFINANCE(B389,""close"",EDATE(TODAY(),-3),TODAY()),2,2),"""")","=IFERROR(INDEX(GOOGLEFINANCE(B389,""close"",EDATE(TODAY(),-12),TODAY()),2,2),"""")","=IFERROR(INDEX(GOOGLEFINANCE(B389,""close"",EDATE(TODAY(),-24),TODAY()),2,2),"""")","=IFERROR(INDEX(GOOGLEFINANCE(B389,""close"",EDATE(TODAY(),-36),TODAY()),2,2),"""")","=IFERROR(INDEX(GOOGLEFINANCE(B389,""close"",EDATE(TODAY(),-60),TODAY()),2,2),"""")","=IFERROR(INDEX(GOOGLEFINANCE(B389,""close"",DATE(1970,1,1),TODAY()),2,2),"""")"
RTX,RTX,RTX Corporation,Industrials,"=IFERROR(GOOGLEFINANCE(B390,""price""),"""")","=IFERROR(GOOGLEFINANCE(B390,""marketcap""),"""")","=IFERROR(GOOGLEFINANCE(B390,""volume""),"""")","=IFERROR(INDEX(GOOGLEFINANCE(B390,""close"",WORKDAY(TODAY(),-1),TODAY()),2,2),"""")","=IFERROR(INDEX(GOOGLEFINANCE(B390,""close"",WORKDAY(TODAY(),-5),TODAY()),2,2),"""")","=IFERROR(INDEX(GOOGLEFINANCE(B390,""close"",EDATE(TODAY(),-1),TODAY()),2,2),"""")","=IFERROR(INDEX(GOOGLEFINANCE(B390,""close"",EDATE(TODAY(),-3),TODAY()),2,2),"""")","=IFERROR(INDEX(GOOGLEFINANCE(B390,""close"",EDATE(TODAY(),-12),TODAY()),2,2),"""")","=IFERROR(INDEX(GOOGLEFINANCE(B390,""close"",EDATE(TODAY(),-24),TODAY()),2,2),"""")","=IFERROR(INDEX(GOOGLEFINANCE(B390,""close"",EDATE(TODAY(),-36),TODAY()),2,2),"""")","=IFERROR(INDEX(GOOGLEFINANCE(B390,""close"",EDATE(TODAY(),-60),TODAY()),2,2),"""")","=IFERROR(INDEX(GOOGLEFINANCE(B390,""close"",DATE(1970,1,1),TODAY()),2,2),"""")"
O,O,Realty Income,Real Estate,"=IFERROR(GOOGLEFINANCE(B391,""price""),"""")","=IFERROR(GOOGLEFINANCE(B391,""marketcap""),"""")","=IFERROR(GOOGLEFINANCE(B391,""volume""),"""")","=IFERROR(INDEX(GOOGLEFINANCE(B391,""close"",WORKDAY(TODAY(),-1),TODAY()),2,2),"""")","=IFERROR(INDEX(GOOGLEFINANCE(B391,""close"",WORKDAY(TODAY(),-5),TODAY()),2,2),"""")","=IFERROR(INDEX(GOOGLEFINANCE(B391,""close"",EDATE(TODAY(),-1),TODAY()),2,2),"""")","=IFERROR(INDEX(GOOGLEFINANCE(B391,""close"",EDATE(TODAY(),-3),TODAY()),2,2),"""")","=IFERROR(INDEX(GOOGLEFINANCE(B391,""close"",EDATE(TODAY(),-12),TODAY()),2,2),"""")","=IFERROR(INDEX(GOOGLEFINANCE(B391,""close"",EDATE(TODAY(),-24),TODAY()),2,2),"""")","=IFERROR(INDEX(GOOGLEFINANCE(B391,""close"",EDATE(TODAY(),-36),TODAY()),2,2),"""")","=IFERROR(INDEX(GOOGLEFINANCE(B391,""close"",EDATE(TODAY(),-60),TODAY()),2,2),"""")","=IFERROR(INDEX(GOOGLEFINANCE(B391,""close"",DATE(1970,1,1),TODAY()),2,2),"""")"
REG,REG,Regency Centers,Real Estate,"=IFERROR(GOOGLEFINANCE(B392,""price""),"""")","=IFERROR(GOOGLEFINANCE(B392,""marketcap""),"""")","=IFERROR(GOOGLEFINANCE(B392,""volume""),"""")","=IFERROR(INDEX(GOOGLEFINANCE(B392,""close"",WORKDAY(TODAY(),-1),TODAY()),2,2),"""")","=IFERROR(INDEX(GOOGLEFINANCE(B392,""close"",WORKDAY(TODAY(),-5),TODAY()),2,2),"""")","=IFERROR(INDEX(GOOGLEFINANCE(B392,""close"",EDATE(TODAY(),-1),TODAY()),2,2),"""")","=IFERROR(INDEX(GOOGLEFINANCE(B392,""close"",EDATE(TODAY(),-3),TODAY()),2,2),"""")","=IFERROR(INDEX(GOOGLEFINANCE(B392,""close"",EDATE(TODAY(),-12),TODAY()),2,2),"""")","=IFERROR(INDEX(GOOGLEFINANCE(B392,""close"",EDATE(TODAY(),-24),TODAY()),2,2),"""")","=IFERROR(INDEX(GOOGLEFINANCE(B392,""close"",EDATE(TODAY(),-36),TODAY()),2,2),"""")","=IFERROR(INDEX(GOOGLEFINANCE(B392,""close"",EDATE(TODAY(),-60),TODAY()),2,2),"""")","=IFERROR(INDEX(GOOGLEFINANCE(B392,""close"",DATE(1970,1,1),TODAY()),2,2),"""")"
REGN,REGN,Regeneron Pharmaceuticals,Health Care,"=IFERROR(GOOGLEFINANCE(B393,""price""),"""")","=IFERROR(GOOGLEFINANCE(B393,""marketcap""),"""")","=IFERROR(GOOGLEFINANCE(B393,""volume""),"""")","=IFERROR(INDEX(GOOGLEFINANCE(B393,""close"",WORKDAY(TODAY(),-1),TODAY()),2,2),"""")","=IFERROR(INDEX(GOOGLEFINANCE(B393,""close"",WORKDAY(TODAY(),-5),TODAY()),2,2),"""")","=IFERROR(INDEX(GOOGLEFINANCE(B393,""close"",EDATE(TODAY(),-1),TODAY()),2,2),"""")","=IFERROR(INDEX(GOOGLEFINANCE(B393,""close"",EDATE(TODAY(),-3),TODAY()),2,2),"""")","=IFERROR(INDEX(GOOGLEFINANCE(B393,""close"",EDATE(TODAY(),-12),TODAY()),2,2),"""")","=IFERROR(INDEX(GOOGLEFINANCE(B393,""close"",EDATE(TODAY(),-24),TODAY()),2,2),"""")","=IFERROR(INDEX(GOOGLEFINANCE(B393,""close"",EDATE(TODAY(),-36),TODAY()),2,2),"""")","=IFERROR(INDEX(GOOGLEFINANCE(B393,""close"",EDATE(TODAY(),-60),TODAY()),2,2),"""")","=IFERROR(INDEX(GOOGLEFINANCE(B393,""close"",DATE(1970,1,1),TODAY()),2,2),"""")"
RF,RF,Regions Financial Corporation,Financials,"=IFERROR(GOOGLEFINANCE(B394,""price""),"""")","=IFERROR(GOOGLEFINANCE(B394,""marketcap""),"""")","=IFERROR(GOOGLEFINANCE(B394,""volume""),"""")","=IFERROR(INDEX(GOOGLEFINANCE(B394,""close"",WORKDAY(TODAY(),-1),TODAY()),2,2),"""")","=IFERROR(INDEX(GOOGLEFINANCE(B394,""close"",WORKDAY(TODAY(),-5),TODAY()),2,2),"""")","=IFERROR(INDEX(GOOGLEFINANCE(B394,""close"",EDATE(TODAY(),-1),TODAY()),2,2),"""")","=IFERROR(INDEX(GOOGLEFINANCE(B394,""close"",EDATE(TODAY(),-3),TODAY()),2,2),"""")","=IFERROR(INDEX(GOOGLEFINANCE(B394,""close"",EDATE(TODAY(),-12),TODAY()),2,2),"""")","=IFERROR(INDEX(GOOGLEFINANCE(B394,""close"",EDATE(TODAY(),-24),TODAY()),2,2),"""")","=IFERROR(INDEX(GOOGLEFINANCE(B394,""close"",EDATE(TODAY(),-36),TODAY()),2,2),"""")","=IFERROR(INDEX(GOOGLEFINANCE(B394,""close"",EDATE(TODAY(),-60),TODAY()),2,2),"""")","=IFERROR(INDEX(GOOGLEFINANCE(B394,""close"",DATE(1970,1,1),TODAY()),2,2),"""")"
RSG,RSG,Republic Services,Industrials,"=IFERROR(GOOGLEFINANCE(B395,""price""),"""")","=IFERROR(GOOGLEFINANCE(B395,""marketcap""),"""")","=IFERROR(GOOGLEFINANCE(B395,""volume""),"""")","=IFERROR(INDEX(GOOGLEFINANCE(B395,""close"",WORKDAY(TODAY(),-1),TODAY()),2,2),"""")","=IFERROR(INDEX(GOOGLEFINANCE(B395,""close"",WORKDAY(TODAY(),-5),TODAY()),2,2),"""")","=IFERROR(INDEX(GOOGLEFINANCE(B395,""close"",EDATE(TODAY(),-1),TODAY()),2,2),"""")","=IFERROR(INDEX(GOOGLEFINANCE(B395,""close"",EDATE(TODAY(),-3),TODAY()),2,2),"""")","=IFERROR(INDEX(GOOGLEFINANCE(B395,""close"",EDATE(TODAY(),-12),TODAY()),2,2),"""")","=IFERROR(INDEX(GOOGLEFINANCE(B395,""close"",EDATE(TODAY(),-24),TODAY()),2,2),"""")","=IFERROR(INDEX(GOOGLEFINANCE(B395,""close"",EDATE(TODAY(),-36),TODAY()),2,2),"""")","=IFERROR(INDEX(GOOGLEFINANCE(B395,""close"",EDATE(TODAY(),-60),TODAY()),2,2),"""")","=IFERROR(INDEX(GOOGLEFINANCE(B395,""close"",DATE(1970,1,1),TODAY()),2,2),"""")"
RMD,RMD,ResMed,Health Care,"=IFERROR(GOOGLEFINANCE(B396,""price""),"""")","=IFERROR(GOOGLEFINANCE(B396,""marketcap""),"""")","=IFERROR(GOOGLEFINANCE(B396,""volume""),"""")","=IFERROR(INDEX(GOOGLEFINANCE(B396,""close"",WORKDAY(TODAY(),-1),TODAY()),2,2),"""")","=IFERROR(INDEX(GOOGLEFINANCE(B396,""close"",WORKDAY(TODAY(),-5),TODAY()),2,2),"""")","=IFERROR(INDEX(GOOGLEFINANCE(B396,""close"",EDATE(TODAY(),-1),TODAY()),2,2),"""")","=IFERROR(INDEX(GOOGLEFINANCE(B396,""close"",EDATE(TODAY(),-3),TODAY()),2,2),"""")","=IFERROR(INDEX(GOOGLEFINANCE(B396,""close"",EDATE(TODAY(),-12),TODAY()),2,2),"""")","=IFERROR(INDEX(GOOGLEFINANCE(B396,""close"",EDATE(TODAY(),-24),TODAY()),2,2),"""")","=IFERROR(INDEX(GOOGLEFINANCE(B396,""close"",EDATE(TODAY(),-36),TODAY()),2,2),"""")","=IFERROR(INDEX(GOOGLEFINANCE(B396,""close"",EDATE(TODAY(),-60),TODAY()),2,2),"""")","=IFERROR(INDEX(GOOGLEFINANCE(B396,""close"",DATE(1970,1,1),TODAY()),2,2),"""")"
RVTY,RVTY,Revvity,Health Care,"=IFERROR(GOOGLEFINANCE(B397,""price""),"""")","=IFERROR(GOOGLEFINANCE(B397,""marketcap""),"""")","=IFERROR(GOOGLEFINANCE(B397,""volume""),"""")","=IFERROR(INDEX(GOOGLEFINANCE(B397,""close"",WORKDAY(TODAY(),-1),TODAY()),2,2),"""")","=IFERROR(INDEX(GOOGLEFINANCE(B397,""close"",WORKDAY(TODAY(),-5),TODAY()),2,2),"""")","=IFERROR(INDEX(GOOGLEFINANCE(B397,""close"",EDATE(TODAY(),-1),TODAY()),2,2),"""")","=IFERROR(INDEX(GOOGLEFINANCE(B397,""close"",EDATE(TODAY(),-3),TODAY()),2,2),"""")","=IFERROR(INDEX(GOOGLEFINANCE(B397,""close"",EDATE(TODAY(),-12),TODAY()),2,2),"""")","=IFERROR(INDEX(GOOGLEFINANCE(B397,""close"",EDATE(TODAY(),-24),TODAY()),2,2),"""")","=IFERROR(INDEX(GOOGLEFINANCE(B397,""close"",EDATE(TODAY(),-36),TODAY()),2,2),"""")","=IFERROR(INDEX(GOOGLEFINANCE(B397,""close"",EDATE(TODAY(),-60),TODAY()),2,2),"""")","=IFERROR(INDEX(GOOGLEFINANCE(B397,""close"",DATE(1970,1,1),TODAY()),2,2),"""")"
HOOD,HOOD,Robinhood Markets,Financials,"=IFERROR(GOOGLEFINANCE(B398,""price""),"""")","=IFERROR(GOOGLEFINANCE(B398,""marketcap""),"""")","=IFERROR(GOOGLEFINANCE(B398,""volume""),"""")","=IFERROR(INDEX(GOOGLEFINANCE(B398,""close"",WORKDAY(TODAY(),-1),TODAY()),2,2),"""")","=IFERROR(INDEX(GOOGLEFINANCE(B398,""close"",WORKDAY(TODAY(),-5),TODAY()),2,2),"""")","=IFERROR(INDEX(GOOGLEFINANCE(B398,""close"",EDATE(TODAY(),-1),TODAY()),2,2),"""")","=IFERROR(INDEX(GOOGLEFINANCE(B398,""close"",EDATE(TODAY(),-3),TODAY()),2,2),"""")","=IFERROR(INDEX(GOOGLEFINANCE(B398,""close"",EDATE(TODAY(),-12),TODAY()),2,2),"""")","=IFERROR(INDEX(GOOGLEFINANCE(B398,""close"",EDATE(TODAY(),-24),TODAY()),2,2),"""")","=IFERROR(INDEX(GOOGLEFINANCE(B398,""close"",EDATE(TODAY(),-36),TODAY()),2,2),"""")","=IFERROR(INDEX(GOOGLEFINANCE(B398,""close"",EDATE(TODAY(),-60),TODAY()),2,2),"""")","=IFERROR(INDEX(GOOGLEFINANCE(B398,""close"",DATE(1970,1,1),TODAY()),2,2),"""")"
ROK,ROK,Rockwell Automation,Industrials,"=IFERROR(GOOGLEFINANCE(B399,""price""),"""")","=IFERROR(GOOGLEFINANCE(B399,""marketcap""),"""")","=IFERROR(GOOGLEFINANCE(B399,""volume""),"""")","=IFERROR(INDEX(GOOGLEFINANCE(B399,""close"",WORKDAY(TODAY(),-1),TODAY()),2,2),"""")","=IFERROR(INDEX(GOOGLEFINANCE(B399,""close"",WORKDAY(TODAY(),-5),TODAY()),2,2),"""")","=IFERROR(INDEX(GOOGLEFINANCE(B399,""close"",EDATE(TODAY(),-1),TODAY()),2,2),"""")","=IFERROR(INDEX(GOOGLEFINANCE(B399,""close"",EDATE(TODAY(),-3),TODAY()),2,2),"""")","=IFERROR(INDEX(GOOGLEFINANCE(B399,""close"",EDATE(TODAY(),-12),TODAY()),2,2),"""")","=IFERROR(INDEX(GOOGLEFINANCE(B399,""close"",EDATE(TODAY(),-24),TODAY()),2,2),"""")","=IFERROR(INDEX(GOOGLEFINANCE(B399,""close"",EDATE(TODAY(),-36),TODAY()),2,2),"""")","=IFERROR(INDEX(GOOGLEFINANCE(B399,""close"",EDATE(TODAY(),-60),TODAY()),2,2),"""")","=IFERROR(INDEX(GOOGLEFINANCE(B399,""close"",DATE(1970,1,1),TODAY()),2,2),"""")"
ROL,ROL,"Rollins, Inc.",Industrials,"=IFERROR(GOOGLEFINANCE(B400,""price""),"""")","=IFERROR(GOOGLEFINANCE(B400,""marketcap""),"""")","=IFERROR(GOOGLEFINANCE(B400,""volume""),"""")","=IFERROR(INDEX(GOOGLEFINANCE(B400,""close"",WORKDAY(TODAY(),-1),TODAY()),2,2),"""")","=IFERROR(INDEX(GOOGLEFINANCE(B400,""close"",WORKDAY(TODAY(),-5),TODAY()),2,2),"""")","=IFERROR(INDEX(GOOGLEFINANCE(B400,""close"",EDATE(TODAY(),-1),TODAY()),2,2),"""")","=IFERROR(INDEX(GOOGLEFINANCE(B400,""close"",EDATE(TODAY(),-3),TODAY()),2,2),"""")","=IFERROR(INDEX(GOOGLEFINANCE(B400,""close"",EDATE(TODAY(),-12),TODAY()),2,2),"""")","=IFERROR(INDEX(GOOGLEFINANCE(B400,""close"",EDATE(TODAY(),-24),TODAY()),2,2),"""")","=IFERROR(INDEX(GOOGLEFINANCE(B400,""close"",EDATE(TODAY(),-36),TODAY()),2,2),"""")","=IFERROR(INDEX(GOOGLEFINANCE(B400,""close"",EDATE(TODAY(),-60),TODAY()),2,2),"""")","=IFERROR(INDEX(GOOGLEFINANCE(B400,""close"",DATE(1970,1,1),TODAY()),2,2),"""")"
ROP,ROP,Roper Technologies,Information Technology,"=IFERROR(GOOGLEFINANCE(B401,""price""),"""")","=IFERROR(GOOGLEFINANCE(B401,""marketcap""),"""")","=IFERROR(GOOGLEFINANCE(B401,""volume""),"""")","=IFERROR(INDEX(GOOGLEFINANCE(B401,""close"",WORKDAY(TODAY(),-1),TODAY()),2,2),"""")","=IFERROR(INDEX(GOOGLEFINANCE(B401,""close"",WORKDAY(TODAY(),-5),TODAY()),2,2),"""")","=IFERROR(INDEX(GOOGLEFINANCE(B401,""close"",EDATE(TODAY(),-1),TODAY()),2,2),"""")","=IFERROR(INDEX(GOOGLEFINANCE(B401,""close"",EDATE(TODAY(),-3),TODAY()),2,2),"""")","=IFERROR(INDEX(GOOGLEFINANCE(B401,""close"",EDATE(TODAY(),-12),TODAY()),2,2),"""")","=IFERROR(INDEX(GOOGLEFINANCE(B401,""close"",EDATE(TODAY(),-24),TODAY()),2,2),"""")","=IFERROR(INDEX(GOOGLEFINANCE(B401,""close"",EDATE(TODAY(),-36),TODAY()),2,2),"""")","=IFERROR(INDEX(GOOGLEFINANCE(B401,""close"",EDATE(TODAY(),-60),TODAY()),2,2),"""")","=IFERROR(INDEX(GOOGLEFINANCE(B401,""close"",DATE(1970,1,1),TODAY()),2,2),"""")"
ROST,ROST,Ross Stores,Consumer Discretionary,"=IFERROR(GOOGLEFINANCE(B402,""price""),"""")","=IFERROR(GOOGLEFINANCE(B402,""marketcap""),"""")","=IFERROR(GOOGLEFINANCE(B402,""volume""),"""")","=IFERROR(INDEX(GOOGLEFINANCE(B402,""close"",WORKDAY(TODAY(),-1),TODAY()),2,2),"""")","=IFERROR(INDEX(GOOGLEFINANCE(B402,""close"",WORKDAY(TODAY(),-5),TODAY()),2,2),"""")","=IFERROR(INDEX(GOOGLEFINANCE(B402,""close"",EDATE(TODAY(),-1),TODAY()),2,2),"""")","=IFERROR(INDEX(GOOGLEFINANCE(B402,""close"",EDATE(TODAY(),-3),TODAY()),2,2),"""")","=IFERROR(INDEX(GOOGLEFINANCE(B402,""close"",EDATE(TODAY(),-12),TODAY()),2,2),"""")","=IFERROR(INDEX(GOOGLEFINANCE(B402,""close"",EDATE(TODAY(),-24),TODAY()),2,2),"""")","=IFERROR(INDEX(GOOGLEFINANCE(B402,""close"",EDATE(TODAY(),-36),TODAY()),2,2),"""")","=IFERROR(INDEX(GOOGLEFINANCE(B402,""close"",EDATE(TODAY(),-60),TODAY()),2,2),"""")","=IFERROR(INDEX(GOOGLEFINANCE(B402,""close"",DATE(1970,1,1),TODAY()),2,2),"""")"
RCL,RCL,Royal Caribbean Group,Consumer Discretionary,"=IFERROR(GOOGLEFINANCE(B403,""price""),"""")","=IFERROR(GOOGLEFINANCE(B403,""marketcap""),"""")","=IFERROR(GOOGLEFINANCE(B403,""volume""),"""")","=IFERROR(INDEX(GOOGLEFINANCE(B403,""close"",WORKDAY(TODAY(),-1),TODAY()),2,2),"""")","=IFERROR(INDEX(GOOGLEFINANCE(B403,""close"",WORKDAY(TODAY(),-5),TODAY()),2,2),"""")","=IFERROR(INDEX(GOOGLEFINANCE(B403,""close"",EDATE(TODAY(),-1),TODAY()),2,2),"""")","=IFERROR(INDEX(GOOGLEFINANCE(B403,""close"",EDATE(TODAY(),-3),TODAY()),2,2),"""")","=IFERROR(INDEX(GOOGLEFINANCE(B403,""close"",EDATE(TODAY(),-12),TODAY()),2,2),"""")","=IFERROR(INDEX(GOOGLEFINANCE(B403,""close"",EDATE(TODAY(),-24),TODAY()),2,2),"""")","=IFERROR(INDEX(GOOGLEFINANCE(B403,""close"",EDATE(TODAY(),-36),TODAY()),2,2),"""")","=IFERROR(INDEX(GOOGLEFINANCE(B403,""close"",EDATE(TODAY(),-60),TODAY()),2,2),"""")","=IFERROR(INDEX(GOOGLEFINANCE(B403,""close"",DATE(1970,1,1),TODAY()),2,2),"""")"
SPGI,SPGI,S&P Global,Financials,"=IFERROR(GOOGLEFINANCE(B404,""price""),"""")","=IFERROR(GOOGLEFINANCE(B404,""marketcap""),"""")","=IFERROR(GOOGLEFINANCE(B404,""volume""),"""")","=IFERROR(INDEX(GOOGLEFINANCE(B404,""close"",WORKDAY(TODAY(),-1),TODAY()),2,2),"""")","=IFERROR(INDEX(GOOGLEFINANCE(B404,""close"",WORKDAY(TODAY(),-5),TODAY()),2,2),"""")","=IFERROR(INDEX(GOOGLEFINANCE(B404,""close"",EDATE(TODAY(),-1),TODAY()),2,2),"""")","=IFERROR(INDEX(GOOGLEFINANCE(B404,""close"",EDATE(TODAY(),-3),TODAY()),2,2),"""")","=IFERROR(INDEX(GOOGLEFINANCE(B404,""close"",EDATE(TODAY(),-12),TODAY()),2,2),"""")","=IFERROR(INDEX(GOOGLEFINANCE(B404,""close"",EDATE(TODAY(),-24),TODAY()),2,2),"""")","=IFERROR(INDEX(GOOGLEFINANCE(B404,""close"",EDATE(TODAY(),-36),TODAY()),2,2),"""")","=IFERROR(INDEX(GOOGLEFINANCE(B404,""close"",EDATE(TODAY(),-60),TODAY()),2,2),"""")","=IFERROR(INDEX(GOOGLEFINANCE(B404,""close"",DATE(1970,1,1),TODAY()),2,2),"""")"
CRM,CRM,Salesforce,Information Technology,"=IFERROR(GOOGLEFINANCE(B405,""price""),"""")","=IFERROR(GOOGLEFINANCE(B405,""marketcap""),"""")","=IFERROR(GOOGLEFINANCE(B405,""volume""),"""")","=IFERROR(INDEX(GOOGLEFINANCE(B405,""close"",WORKDAY(TODAY(),-1),TODAY()),2,2),"""")","=IFERROR(INDEX(GOOGLEFINANCE(B405,""close"",WORKDAY(TODAY(),-5),TODAY()),2,2),"""")","=IFERROR(INDEX(GOOGLEFINANCE(B405,""close"",EDATE(TODAY(),-1),TODAY()),2,2),"""")","=IFERROR(INDEX(GOOGLEFINANCE(B405,""close"",EDATE(TODAY(),-3),TODAY()),2,2),"""")","=IFERROR(INDEX(GOOGLEFINANCE(B405,""close"",EDATE(TODAY(),-12),TODAY()),2,2),"""")","=IFERROR(INDEX(GOOGLEFINANCE(B405,""close"",EDATE(TODAY(),-24),TODAY()),2,2),"""")","=IFERROR(INDEX(GOOGLEFINANCE(B405,""close"",EDATE(TODAY(),-36),TODAY()),2,2),"""")","=IFERROR(INDEX(GOOGLEFINANCE(B405,""close"",EDATE(TODAY(),-60),TODAY()),2,2),"""")","=IFERROR(INDEX(GOOGLEFINANCE(B405,""close"",DATE(1970,1,1),TODAY()),2,2),"""")"
SNDK,SNDK,Sandisk,Information Technology,"=IFERROR(GOOGLEFINANCE(B406,""price""),"""")","=IFERROR(GOOGLEFINANCE(B406,""marketcap""),"""")","=IFERROR(GOOGLEFINANCE(B406,""volume""),"""")","=IFERROR(INDEX(GOOGLEFINANCE(B406,""close"",WORKDAY(TODAY(),-1),TODAY()),2,2),"""")","=IFERROR(INDEX(GOOGLEFINANCE(B406,""close"",WORKDAY(TODAY(),-5),TODAY()),2,2),"""")","=IFERROR(INDEX(GOOGLEFINANCE(B406,""close"",EDATE(TODAY(),-1),TODAY()),2,2),"""")","=IFERROR(INDEX(GOOGLEFINANCE(B406,""close"",EDATE(TODAY(),-3),TODAY()),2,2),"""")","=IFERROR(INDEX(GOOGLEFINANCE(B406,""close"",EDATE(TODAY(),-12),TODAY()),2,2),"""")","=IFERROR(INDEX(GOOGLEFINANCE(B406,""close"",EDATE(TODAY(),-24),TODAY()),2,2),"""")","=IFERROR(INDEX(GOOGLEFINANCE(B406,""close"",EDATE(TODAY(),-36),TODAY()),2,2),"""")","=IFERROR(INDEX(GOOGLEFINANCE(B406,""close"",EDATE(TODAY(),-60),TODAY()),2,2),"""")","=IFERROR(INDEX(GOOGLEFINANCE(B406,""close"",DATE(1970,1,1),TODAY()),2,2),"""")"
SBAC,SBAC,SBA Communications,Real Estate,"=IFERROR(GOOGLEFINANCE(B407,""price""),"""")","=IFERROR(GOOGLEFINANCE(B407,""marketcap""),"""")","=IFERROR(GOOGLEFINANCE(B407,""volume""),"""")","=IFERROR(INDEX(GOOGLEFINANCE(B407,""close"",WORKDAY(TODAY(),-1),TODAY()),2,2),"""")","=IFERROR(INDEX(GOOGLEFINANCE(B407,""close"",WORKDAY(TODAY(),-5),TODAY()),2,2),"""")","=IFERROR(INDEX(GOOGLEFINANCE(B407,""close"",EDATE(TODAY(),-1),TODAY()),2,2),"""")","=IFERROR(INDEX(GOOGLEFINANCE(B407,""close"",EDATE(TODAY(),-3),TODAY()),2,2),"""")","=IFERROR(INDEX(GOOGLEFINANCE(B407,""close"",EDATE(TODAY(),-12),TODAY()),2,2),"""")","=IFERROR(INDEX(GOOGLEFINANCE(B407,""close"",EDATE(TODAY(),-24),TODAY()),2,2),"""")","=IFERROR(INDEX(GOOGLEFINANCE(B407,""close"",EDATE(TODAY(),-36),TODAY()),2,2),"""")","=IFERROR(INDEX(GOOGLEFINANCE(B407,""close"",EDATE(TODAY(),-60),TODAY()),2,2),"""")","=IFERROR(INDEX(GOOGLEFINANCE(B407,""close"",DATE(1970,1,1),TODAY()),2,2),"""")"
SLB,SLB,Schlumberger,Energy,"=IFERROR(GOOGLEFINANCE(B408,""price""),"""")","=IFERROR(GOOGLEFINANCE(B408,""marketcap""),"""")","=IFERROR(GOOGLEFINANCE(B408,""volume""),"""")","=IFERROR(INDEX(GOOGLEFINANCE(B408,""close"",WORKDAY(TODAY(),-1),TODAY()),2,2),"""")","=IFERROR(INDEX(GOOGLEFINANCE(B408,""close"",WORKDAY(TODAY(),-5),TODAY()),2,2),"""")","=IFERROR(INDEX(GOOGLEFINANCE(B408,""close"",EDATE(TODAY(),-1),TODAY()),2,2),"""")","=IFERROR(INDEX(GOOGLEFINANCE(B408,""close"",EDATE(TODAY(),-3),TODAY()),2,2),"""")","=IFERROR(INDEX(GOOGLEFINANCE(B408,""close"",EDATE(TODAY(),-12),TODAY()),2,2),"""")","=IFERROR(INDEX(GOOGLEFINANCE(B408,""close"",EDATE(TODAY(),-24),TODAY()),2,2),"""")","=IFERROR(INDEX(GOOGLEFINANCE(B408,""close"",EDATE(TODAY(),-36),TODAY()),2,2),"""")","=IFERROR(INDEX(GOOGLEFINANCE(B408,""close"",EDATE(TODAY(),-60),TODAY()),2,2),"""")","=IFERROR(INDEX(GOOGLEFINANCE(B408,""close"",DATE(1970,1,1),TODAY()),2,2),"""")"
STX,STX,Seagate Technology,Information Technology,"=IFERROR(GOOGLEFINANCE(B409,""price""),"""")","=IFERROR(GOOGLEFINANCE(B409,""marketcap""),"""")","=IFERROR(GOOGLEFINANCE(B409,""volume""),"""")","=IFERROR(INDEX(GOOGLEFINANCE(B409,""close"",WORKDAY(TODAY(),-1),TODAY()),2,2),"""")","=IFERROR(INDEX(GOOGLEFINANCE(B409,""close"",WORKDAY(TODAY(),-5),TODAY()),2,2),"""")","=IFERROR(INDEX(GOOGLEFINANCE(B409,""close"",EDATE(TODAY(),-1),TODAY()),2,2),"""")","=IFERROR(INDEX(GOOGLEFINANCE(B409,""close"",EDATE(TODAY(),-3),TODAY()),2,2),"""")","=IFERROR(INDEX(GOOGLEFINANCE(B409,""close"",EDATE(TODAY(),-12),TODAY()),2,2),"""")","=IFERROR(INDEX(GOOGLEFINANCE(B409,""close"",EDATE(TODAY(),-24),TODAY()),2,2),"""")","=IFERROR(INDEX(GOOGLEFINANCE(B409,""close"",EDATE(TODAY(),-36),TODAY()),2,2),"""")","=IFERROR(INDEX(GOOGLEFINANCE(B409,""close"",EDATE(TODAY(),-60),TODAY()),2,2),"""")","=IFERROR(INDEX(GOOGLEFINANCE(B409,""close"",DATE(1970,1,1),TODAY()),2,2),"""")"
SRE,SRE,Sempra,Utilities,"=IFERROR(GOOGLEFINANCE(B410,""price""),"""")","=IFERROR(GOOGLEFINANCE(B410,""marketcap""),"""")","=IFERROR(GOOGLEFINANCE(B410,""volume""),"""")","=IFERROR(INDEX(GOOGLEFINANCE(B410,""close"",WORKDAY(TODAY(),-1),TODAY()),2,2),"""")","=IFERROR(INDEX(GOOGLEFINANCE(B410,""close"",WORKDAY(TODAY(),-5),TODAY()),2,2),"""")","=IFERROR(INDEX(GOOGLEFINANCE(B410,""close"",EDATE(TODAY(),-1),TODAY()),2,2),"""")","=IFERROR(INDEX(GOOGLEFINANCE(B410,""close"",EDATE(TODAY(),-3),TODAY()),2,2),"""")","=IFERROR(INDEX(GOOGLEFINANCE(B410,""close"",EDATE(TODAY(),-12),TODAY()),2,2),"""")","=IFERROR(INDEX(GOOGLEFINANCE(B410,""close"",EDATE(TODAY(),-24),TODAY()),2,2),"""")","=IFERROR(INDEX(GOOGLEFINANCE(B410,""close"",EDATE(TODAY(),-36),TODAY()),2,2),"""")","=IFERROR(INDEX(GOOGLEFINANCE(B410,""close"",EDATE(TODAY(),-60),TODAY()),2,2),"""")","=IFERROR(INDEX(GOOGLEFINANCE(B410,""close"",DATE(1970,1,1),TODAY()),2,2),"""")"
NOW,NOW,ServiceNow,Information Technology,"=IFERROR(GOOGLEFINANCE(B411,""price""),"""")","=IFERROR(GOOGLEFINANCE(B411,""marketcap""),"""")","=IFERROR(GOOGLEFINANCE(B411,""volume""),"""")","=IFERROR(INDEX(GOOGLEFINANCE(B411,""close"",WORKDAY(TODAY(),-1),TODAY()),2,2),"""")","=IFERROR(INDEX(GOOGLEFINANCE(B411,""close"",WORKDAY(TODAY(),-5),TODAY()),2,2),"""")","=IFERROR(INDEX(GOOGLEFINANCE(B411,""close"",EDATE(TODAY(),-1),TODAY()),2,2),"""")","=IFERROR(INDEX(GOOGLEFINANCE(B411,""close"",EDATE(TODAY(),-3),TODAY()),2,2),"""")","=IFERROR(INDEX(GOOGLEFINANCE(B411,""close"",EDATE(TODAY(),-12),TODAY()),2,2),"""")","=IFERROR(INDEX(GOOGLEFINANCE(B411,""close"",EDATE(TODAY(),-24),TODAY()),2,2),"""")","=IFERROR(INDEX(GOOGLEFINANCE(B411,""close"",EDATE(TODAY(),-36),TODAY()),2,2),"""")","=IFERROR(INDEX(GOOGLEFINANCE(B411,""close"",EDATE(TODAY(),-60),TODAY()),2,2),"""")","=IFERROR(INDEX(GOOGLEFINANCE(B411,""close"",DATE(1970,1,1),TODAY()),2,2),"""")"
SHW,SHW,Sherwin-Williams,Materials,"=IFERROR(GOOGLEFINANCE(B412,""price""),"""")","=IFERROR(GOOGLEFINANCE(B412,""marketcap""),"""")","=IFERROR(GOOGLEFINANCE(B412,""volume""),"""")","=IFERROR(INDEX(GOOGLEFINANCE(B412,""close"",WORKDAY(TODAY(),-1),TODAY()),2,2),"""")","=IFERROR(INDEX(GOOGLEFINANCE(B412,""close"",WORKDAY(TODAY(),-5),TODAY()),2,2),"""")","=IFERROR(INDEX(GOOGLEFINANCE(B412,""close"",EDATE(TODAY(),-1),TODAY()),2,2),"""")","=IFERROR(INDEX(GOOGLEFINANCE(B412,""close"",EDATE(TODAY(),-3),TODAY()),2,2),"""")","=IFERROR(INDEX(GOOGLEFINANCE(B412,""close"",EDATE(TODAY(),-12),TODAY()),2,2),"""")","=IFERROR(INDEX(GOOGLEFINANCE(B412,""close"",EDATE(TODAY(),-24),TODAY()),2,2),"""")","=IFERROR(INDEX(GOOGLEFINANCE(B412,""close"",EDATE(TODAY(),-36),TODAY()),2,2),"""")","=IFERROR(INDEX(GOOGLEFINANCE(B412,""close"",EDATE(TODAY(),-60),TODAY()),2,2),"""")","=IFERROR(INDEX(GOOGLEFINANCE(B412,""close"",DATE(1970,1,1),TODAY()),2,2),"""")"
SPG,SPG,Simon Property Group,Real Estate,"=IFERROR(GOOGLEFINANCE(B413,""price""),"""")","=IFERROR(GOOGLEFINANCE(B413,""marketcap""),"""")","=IFERROR(GOOGLEFINANCE(B413,""volume""),"""")","=IFERROR(INDEX(GOOGLEFINANCE(B413,""close"",WORKDAY(TODAY(),-1),TODAY()),2,2),"""")","=IFERROR(INDEX(GOOGLEFINANCE(B413,""close"",WORKDAY(TODAY(),-5),TODAY()),2,2),"""")","=IFERROR(INDEX(GOOGLEFINANCE(B413,""close"",EDATE(TODAY(),-1),TODAY()),2,2),"""")","=IFERROR(INDEX(GOOGLEFINANCE(B413,""close"",EDATE(TODAY(),-3),TODAY()),2,2),"""")","=IFERROR(INDEX(GOOGLEFINANCE(B413,""close"",EDATE(TODAY(),-12),TODAY()),2,2),"""")","=IFERROR(INDEX(GOOGLEFINANCE(B413,""close"",EDATE(TODAY(),-24),TODAY()),2,2),"""")","=IFERROR(INDEX(GOOGLEFINANCE(B413,""close"",EDATE(TODAY(),-36),TODAY()),2,2),"""")","=IFERROR(INDEX(GOOGLEFINANCE(B413,""close"",EDATE(TODAY(),-60),TODAY()),2,2),"""")","=IFERROR(INDEX(GOOGLEFINANCE(B413,""close"",DATE(1970,1,1),TODAY()),2,2),"""")"
SWKS,SWKS,Skyworks Solutions,Information Technology,"=IFERROR(GOOGLEFINANCE(B414,""price""),"""")","=IFERROR(GOOGLEFINANCE(B414,""marketcap""),"""")","=IFERROR(GOOGLEFINANCE(B414,""volume""),"""")","=IFERROR(INDEX(GOOGLEFINANCE(B414,""close"",WORKDAY(TODAY(),-1),TODAY()),2,2),"""")","=IFERROR(INDEX(GOOGLEFINANCE(B414,""close"",WORKDAY(TODAY(),-5),TODAY()),2,2),"""")","=IFERROR(INDEX(GOOGLEFINANCE(B414,""close"",EDATE(TODAY(),-1),TODAY()),2,2),"""")","=IFERROR(INDEX(GOOGLEFINANCE(B414,""close"",EDATE(TODAY(),-3),TODAY()),2,2),"""")","=IFERROR(INDEX(GOOGLEFINANCE(B414,""close"",EDATE(TODAY(),-12),TODAY()),2,2),"""")","=IFERROR(INDEX(GOOGLEFINANCE(B414,""close"",EDATE(TODAY(),-24),TODAY()),2,2),"""")","=IFERROR(INDEX(GOOGLEFINANCE(B414,""close"",EDATE(TODAY(),-36),TODAY()),2,2),"""")","=IFERROR(INDEX(GOOGLEFINANCE(B414,""close"",EDATE(TODAY(),-60),TODAY()),2,2),"""")","=IFERROR(INDEX(GOOGLEFINANCE(B414,""close"",DATE(1970,1,1),TODAY()),2,2),"""")"
SJM,SJM,J.M. Smucker Company (The),Consumer Staples,"=IFERROR(GOOGLEFINANCE(B415,""price""),"""")","=IFERROR(GOOGLEFINANCE(B415,""marketcap""),"""")","=IFERROR(GOOGLEFINANCE(B415,""volume""),"""")","=IFERROR(INDEX(GOOGLEFINANCE(B415,""close"",WORKDAY(TODAY(),-1),TODAY()),2,2),"""")","=IFERROR(INDEX(GOOGLEFINANCE(B415,""close"",WORKDAY(TODAY(),-5),TODAY()),2,2),"""")","=IFERROR(INDEX(GOOGLEFINANCE(B415,""close"",EDATE(TODAY(),-1),TODAY()),2,2),"""")","=IFERROR(INDEX(GOOGLEFINANCE(B415,""close"",EDATE(TODAY(),-3),TODAY()),2,2),"""")","=IFERROR(INDEX(GOOGLEFINANCE(B415,""close"",EDATE(TODAY(),-12),TODAY()),2,2),"""")","=IFERROR(INDEX(GOOGLEFINANCE(B415,""close"",EDATE(TODAY(),-24),TODAY()),2,2),"""")","=IFERROR(INDEX(GOOGLEFINANCE(B415,""close"",EDATE(TODAY(),-36),TODAY()),2,2),"""")","=IFERROR(INDEX(GOOGLEFINANCE(B415,""close"",EDATE(TODAY(),-60),TODAY()),2,2),"""")","=IFERROR(INDEX(GOOGLEFINANCE(B415,""close"",DATE(1970,1,1),TODAY()),2,2),"""")"
SW,SW,Smurfit Westrock,Materials,"=IFERROR(GOOGLEFINANCE(B416,""price""),"""")","=IFERROR(GOOGLEFINANCE(B416,""marketcap""),"""")","=IFERROR(GOOGLEFINANCE(B416,""volume""),"""")","=IFERROR(INDEX(GOOGLEFINANCE(B416,""close"",WORKDAY(TODAY(),-1),TODAY()),2,2),"""")","=IFERROR(INDEX(GOOGLEFINANCE(B416,""close"",WORKDAY(TODAY(),-5),TODAY()),2,2),"""")","=IFERROR(INDEX(GOOGLEFINANCE(B416,""close"",EDATE(TODAY(),-1),TODAY()),2,2),"""")","=IFERROR(INDEX(GOOGLEFINANCE(B416,""close"",EDATE(TODAY(),-3),TODAY()),2,2),"""")","=IFERROR(INDEX(GOOGLEFINANCE(B416,""close"",EDATE(TODAY(),-12),TODAY()),2,2),"""")","=IFERROR(INDEX(GOOGLEFINANCE(B416,""close"",EDATE(TODAY(),-24),TODAY()),2,2),"""")","=IFERROR(INDEX(GOOGLEFINANCE(B416,""close"",EDATE(TODAY(),-36),TODAY()),2,2),"""")","=IFERROR(INDEX(GOOGLEFINANCE(B416,""close"",EDATE(TODAY(),-60),TODAY()),2,2),"""")","=IFERROR(INDEX(GOOGLEFINANCE(B416,""close"",DATE(1970,1,1),TODAY()),2,2),"""")"
SNA,SNA,Snap-on,Industrials,"=IFERROR(GOOGLEFINANCE(B417,""price""),"""")","=IFERROR(GOOGLEFINANCE(B417,""marketcap""),"""")","=IFERROR(GOOGLEFINANCE(B417,""volume""),"""")","=IFERROR(INDEX(GOOGLEFINANCE(B417,""close"",WORKDAY(TODAY(),-1),TODAY()),2,2),"""")","=IFERROR(INDEX(GOOGLEFINANCE(B417,""close"",WORKDAY(TODAY(),-5),TODAY()),2,2),"""")","=IFERROR(INDEX(GOOGLEFINANCE(B417,""close"",EDATE(TODAY(),-1),TODAY()),2,2),"""")","=IFERROR(INDEX(GOOGLEFINANCE(B417,""close"",EDATE(TODAY(),-3),TODAY()),2,2),"""")","=IFERROR(INDEX(GOOGLEFINANCE(B417,""close"",EDATE(TODAY(),-12),TODAY()),2,2),"""")","=IFERROR(INDEX(GOOGLEFINANCE(B417,""close"",EDATE(TODAY(),-24),TODAY()),2,2),"""")","=IFERROR(INDEX(GOOGLEFINANCE(B417,""close"",EDATE(TODAY(),-36),TODAY()),2,2),"""")","=IFERROR(INDEX(GOOGLEFINANCE(B417,""close"",EDATE(TODAY(),-60),TODAY()),2,2),"""")","=IFERROR(INDEX(GOOGLEFINANCE(B417,""close"",DATE(1970,1,1),TODAY()),2,2),"""")"
SOLV,SOLV,Solventum,Health Care,"=IFERROR(GOOGLEFINANCE(B418,""price""),"""")","=IFERROR(GOOGLEFINANCE(B418,""marketcap""),"""")","=IFERROR(GOOGLEFINANCE(B418,""volume""),"""")","=IFERROR(INDEX(GOOGLEFINANCE(B418,""close"",WORKDAY(TODAY(),-1),TODAY()),2,2),"""")","=IFERROR(INDEX(GOOGLEFINANCE(B418,""close"",WORKDAY(TODAY(),-5),TODAY()),2,2),"""")","=IFERROR(INDEX(GOOGLEFINANCE(B418,""close"",EDATE(TODAY(),-1),TODAY()),2,2),"""")","=IFERROR(INDEX(GOOGLEFINANCE(B418,""close"",EDATE(TODAY(),-3),TODAY()),2,2),"""")","=IFERROR(INDEX(GOOGLEFINANCE(B418,""close"",EDATE(TODAY(),-12),TODAY()),2,2),"""")","=IFERROR(INDEX(GOOGLEFINANCE(B418,""close"",EDATE(TODAY(),-24),TODAY()),2,2),"""")","=IFERROR(INDEX(GOOGLEFINANCE(B418,""close"",EDATE(TODAY(),-36),TODAY()),2,2),"""")","=IFERROR(INDEX(GOOGLEFINANCE(B418,""close"",EDATE(TODAY(),-60),TODAY()),2,2),"""")","=IFERROR(INDEX(GOOGLEFINANCE(B418,""close"",DATE(1970,1,1),TODAY()),2,2),"""")"
SO,SO,Southern Company,Utilities,"=IFERROR(GOOGLEFINANCE(B419,""price""),"""")","=IFERROR(GOOGLEFINANCE(B419,""marketcap""),"""")","=IFERROR(GOOGLEFINANCE(B419,""volume""),"""")","=IFERROR(INDEX(GOOGLEFINANCE(B419,""close"",WORKDAY(TODAY(),-1),TODAY()),2,2),"""")","=IFERROR(INDEX(GOOGLEFINANCE(B419,""close"",WORKDAY(TODAY(),-5),TODAY()),2,2),"""")","=IFERROR(INDEX(GOOGLEFINANCE(B419,""close"",EDATE(TODAY(),-1),TODAY()),2,2),"""")","=IFERROR(INDEX(GOOGLEFINANCE(B419,""close"",EDATE(TODAY(),-3),TODAY()),2,2),"""")","=IFERROR(INDEX(GOOGLEFINANCE(B419,""close"",EDATE(TODAY(),-12),TODAY()),2,2),"""")","=IFERROR(INDEX(GOOGLEFINANCE(B419,""close"",EDATE(TODAY(),-24),TODAY()),2,2),"""")","=IFERROR(INDEX(GOOGLEFINANCE(B419,""close"",EDATE(TODAY(),-36),TODAY()),2,2),"""")","=IFERROR(INDEX(GOOGLEFINANCE(B419,""close"",EDATE(TODAY(),-60),TODAY()),2,2),"""")","=IFERROR(INDEX(GOOGLEFINANCE(B419,""close"",DATE(1970,1,1),TODAY()),2,2),"""")"
LUV,LUV,Southwest Airlines,Industrials,"=IFERROR(GOOGLEFINANCE(B420,""price""),"""")","=IFERROR(GOOGLEFINANCE(B420,""marketcap""),"""")","=IFERROR(GOOGLEFINANCE(B420,""volume""),"""")","=IFERROR(INDEX(GOOGLEFINANCE(B420,""close"",WORKDAY(TODAY(),-1),TODAY()),2,2),"""")","=IFERROR(INDEX(GOOGLEFINANCE(B420,""close"",WORKDAY(TODAY(),-5),TODAY()),2,2),"""")","=IFERROR(INDEX(GOOGLEFINANCE(B420,""close"",EDATE(TODAY(),-1),TODAY()),2,2),"""")","=IFERROR(INDEX(GOOGLEFINANCE(B420,""close"",EDATE(TODAY(),-3),TODAY()),2,2),"""")","=IFERROR(INDEX(GOOGLEFINANCE(B420,""close"",EDATE(TODAY(),-12),TODAY()),2,2),"""")","=IFERROR(INDEX(GOOGLEFINANCE(B420,""close"",EDATE(TODAY(),-24),TODAY()),2,2),"""")","=IFERROR(INDEX(GOOGLEFINANCE(B420,""close"",EDATE(TODAY(),-36),TODAY()),2,2),"""")","=IFERROR(INDEX(GOOGLEFINANCE(B420,""close"",EDATE(TODAY(),-60),TODAY()),2,2),"""")","=IFERROR(INDEX(GOOGLEFINANCE(B420,""close"",DATE(1970,1,1),TODAY()),2,2),"""")"
SWK,SWK,Stanley Black & Decker,Industrials,"=IFERROR(GOOGLEFINANCE(B421,""price""),"""")","=IFERROR(GOOGLEFINANCE(B421,""marketcap""),"""")","=IFERROR(GOOGLEFINANCE(B421,""volume""),"""")","=IFERROR(INDEX(GOOGLEFINANCE(B421,""close"",WORKDAY(TODAY(),-1),TODAY()),2,2),"""")","=IFERROR(INDEX(GOOGLEFINANCE(B421,""close"",WORKDAY(TODAY(),-5),TODAY()),2,2),"""")","=IFERROR(INDEX(GOOGLEFINANCE(B421,""close"",EDATE(TODAY(),-1),TODAY()),2,2),"""")","=IFERROR(INDEX(GOOGLEFINANCE(B421,""close"",EDATE(TODAY(),-3),TODAY()),2,2),"""")","=IFERROR(INDEX(GOOGLEFINANCE(B421,""close"",EDATE(TODAY(),-12),TODAY()),2,2),"""")","=IFERROR(INDEX(GOOGLEFINANCE(B421,""close"",EDATE(TODAY(),-24),TODAY()),2,2),"""")","=IFERROR(INDEX(GOOGLEFINANCE(B421,""close"",EDATE(TODAY(),-36),TODAY()),2,2),"""")","=IFERROR(INDEX(GOOGLEFINANCE(B421,""close"",EDATE(TODAY(),-60),TODAY()),2,2),"""")","=IFERROR(INDEX(GOOGLEFINANCE(B421,""close"",DATE(1970,1,1),TODAY()),2,2),"""")"
SBUX,SBUX,Starbucks,Consumer Discretionary,"=IFERROR(GOOGLEFINANCE(B422,""price""),"""")","=IFERROR(GOOGLEFINANCE(B422,""marketcap""),"""")","=IFERROR(GOOGLEFINANCE(B422,""volume""),"""")","=IFERROR(INDEX(GOOGLEFINANCE(B422,""close"",WORKDAY(TODAY(),-1),TODAY()),2,2),"""")","=IFERROR(INDEX(GOOGLEFINANCE(B422,""close"",WORKDAY(TODAY(),-5),TODAY()),2,2),"""")","=IFERROR(INDEX(GOOGLEFINANCE(B422,""close"",EDATE(TODAY(),-1),TODAY()),2,2),"""")","=IFERROR(INDEX(GOOGLEFINANCE(B422,""close"",EDATE(TODAY(),-3),TODAY()),2,2),"""")","=IFERROR(INDEX(GOOGLEFINANCE(B422,""close"",EDATE(TODAY(),-12),TODAY()),2,2),"""")","=IFERROR(INDEX(GOOGLEFINANCE(B422,""close"",EDATE(TODAY(),-24),TODAY()),2,2),"""")","=IFERROR(INDEX(GOOGLEFINANCE(B422,""close"",EDATE(TODAY(),-36),TODAY()),2,2),"""")","=IFERROR(INDEX(GOOGLEFINANCE(B422,""close"",EDATE(TODAY(),-60),TODAY()),2,2),"""")","=IFERROR(INDEX(GOOGLEFINANCE(B422,""close"",DATE(1970,1,1),TODAY()),2,2),"""")"
STT,STT,State Street Corporation,Financials,"=IFERROR(GOOGLEFINANCE(B423,""price""),"""")","=IFERROR(GOOGLEFINANCE(B423,""marketcap""),"""")","=IFERROR(GOOGLEFINANCE(B423,""volume""),"""")","=IFERROR(INDEX(GOOGLEFINANCE(B423,""close"",WORKDAY(TODAY(),-1),TODAY()),2,2),"""")","=IFERROR(INDEX(GOOGLEFINANCE(B423,""close"",WORKDAY(TODAY(),-5),TODAY()),2,2),"""")","=IFERROR(INDEX(GOOGLEFINANCE(B423,""close"",EDATE(TODAY(),-1),TODAY()),2,2),"""")","=IFERROR(INDEX(GOOGLEFINANCE(B423,""close"",EDATE(TODAY(),-3),TODAY()),2,2),"""")","=IFERROR(INDEX(GOOGLEFINANCE(B423,""close"",EDATE(TODAY(),-12),TODAY()),2,2),"""")","=IFERROR(INDEX(GOOGLEFINANCE(B423,""close"",EDATE(TODAY(),-24),TODAY()),2,2),"""")","=IFERROR(INDEX(GOOGLEFINANCE(B423,""close"",EDATE(TODAY(),-36),TODAY()),2,2),"""")","=IFERROR(INDEX(GOOGLEFINANCE(B423,""close"",EDATE(TODAY(),-60),TODAY()),2,2),"""")","=IFERROR(INDEX(GOOGLEFINANCE(B423,""close"",DATE(1970,1,1),TODAY()),2,2),"""")"
STLD,STLD,Steel Dynamics,Materials,"=IFERROR(GOOGLEFINANCE(B424,""price""),"""")","=IFERROR(GOOGLEFINANCE(B424,""marketcap""),"""")","=IFERROR(GOOGLEFINANCE(B424,""volume""),"""")","=IFERROR(INDEX(GOOGLEFINANCE(B424,""close"",WORKDAY(TODAY(),-1),TODAY()),2,2),"""")","=IFERROR(INDEX(GOOGLEFINANCE(B424,""close"",WORKDAY(TODAY(),-5),TODAY()),2,2),"""")","=IFERROR(INDEX(GOOGLEFINANCE(B424,""close"",EDATE(TODAY(),-1),TODAY()),2,2),"""")","=IFERROR(INDEX(GOOGLEFINANCE(B424,""close"",EDATE(TODAY(),-3),TODAY()),2,2),"""")","=IFERROR(INDEX(GOOGLEFINANCE(B424,""close"",EDATE(TODAY(),-12),TODAY()),2,2),"""")","=IFERROR(INDEX(GOOGLEFINANCE(B424,""close"",EDATE(TODAY(),-24),TODAY()),2,2),"""")","=IFERROR(INDEX(GOOGLEFINANCE(B424,""close"",EDATE(TODAY(),-36),TODAY()),2,2),"""")","=IFERROR(INDEX(GOOGLEFINANCE(B424,""close"",EDATE(TODAY(),-60),TODAY()),2,2),"""")","=IFERROR(INDEX(GOOGLEFINANCE(B424,""close"",DATE(1970,1,1),TODAY()),2,2),"""")"
STE,STE,Steris,Health Care,"=IFERROR(GOOGLEFINANCE(B425,""price""),"""")","=IFERROR(GOOGLEFINANCE(B425,""marketcap""),"""")","=IFERROR(GOOGLEFINANCE(B425,""volume""),"""")","=IFERROR(INDEX(GOOGLEFINANCE(B425,""close"",WORKDAY(TODAY(),-1),TODAY()),2,2),"""")","=IFERROR(INDEX(GOOGLEFINANCE(B425,""close"",WORKDAY(TODAY(),-5),TODAY()),2,2),"""")","=IFERROR(INDEX(GOOGLEFINANCE(B425,""close"",EDATE(TODAY(),-1),TODAY()),2,2),"""")","=IFERROR(INDEX(GOOGLEFINANCE(B425,""close"",EDATE(TODAY(),-3),TODAY()),2,2),"""")","=IFERROR(INDEX(GOOGLEFINANCE(B425,""close"",EDATE(TODAY(),-12),TODAY()),2,2),"""")","=IFERROR(INDEX(GOOGLEFINANCE(B425,""close"",EDATE(TODAY(),-24),TODAY()),2,2),"""")","=IFERROR(INDEX(GOOGLEFINANCE(B425,""close"",EDATE(TODAY(),-36),TODAY()),2,2),"""")","=IFERROR(INDEX(GOOGLEFINANCE(B425,""close"",EDATE(TODAY(),-60),TODAY()),2,2),"""")","=IFERROR(INDEX(GOOGLEFINANCE(B425,""close"",DATE(1970,1,1),TODAY()),2,2),"""")"
SYK,SYK,Stryker Corporation,Health Care,"=IFERROR(GOOGLEFINANCE(B426,""price""),"""")","=IFERROR(GOOGLEFINANCE(B426,""marketcap""),"""")","=IFERROR(GOOGLEFINANCE(B426,""volume""),"""")","=IFERROR(INDEX(GOOGLEFINANCE(B426,""close"",WORKDAY(TODAY(),-1),TODAY()),2,2),"""")","=IFERROR(INDEX(GOOGLEFINANCE(B426,""close"",WORKDAY(TODAY(),-5),TODAY()),2,2),"""")","=IFERROR(INDEX(GOOGLEFINANCE(B426,""close"",EDATE(TODAY(),-1),TODAY()),2,2),"""")","=IFERROR(INDEX(GOOGLEFINANCE(B426,""close"",EDATE(TODAY(),-3),TODAY()),2,2),"""")","=IFERROR(INDEX(GOOGLEFINANCE(B426,""close"",EDATE(TODAY(),-12),TODAY()),2,2),"""")","=IFERROR(INDEX(GOOGLEFINANCE(B426,""close"",EDATE(TODAY(),-24),TODAY()),2,2),"""")","=IFERROR(INDEX(GOOGLEFINANCE(B426,""close"",EDATE(TODAY(),-36),TODAY()),2,2),"""")","=IFERROR(INDEX(GOOGLEFINANCE(B426,""close"",EDATE(TODAY(),-60),TODAY()),2,2),"""")","=IFERROR(INDEX(GOOGLEFINANCE(B426,""close"",DATE(1970,1,1),TODAY()),2,2),"""")"
SMCI,SMCI,Supermicro,Information Technology,"=IFERROR(GOOGLEFINANCE(B427,""price""),"""")","=IFERROR(GOOGLEFINANCE(B427,""marketcap""),"""")","=IFERROR(GOOGLEFINANCE(B427,""volume""),"""")","=IFERROR(INDEX(GOOGLEFINANCE(B427,""close"",WORKDAY(TODAY(),-1),TODAY()),2,2),"""")","=IFERROR(INDEX(GOOGLEFINANCE(B427,""close"",WORKDAY(TODAY(),-5),TODAY()),2,2),"""")","=IFERROR(INDEX(GOOGLEFINANCE(B427,""close"",EDATE(TODAY(),-1),TODAY()),2,2),"""")","=IFERROR(INDEX(GOOGLEFINANCE(B427,""close"",EDATE(TODAY(),-3),TODAY()),2,2),"""")","=IFERROR(INDEX(GOOGLEFINANCE(B427,""close"",EDATE(TODAY(),-12),TODAY()),2,2),"""")","=IFERROR(INDEX(GOOGLEFINANCE(B427,""close"",EDATE(TODAY(),-24),TODAY()),2,2),"""")","=IFERROR(INDEX(GOOGLEFINANCE(B427,""close"",EDATE(TODAY(),-36),TODAY()),2,2),"""")","=IFERROR(INDEX(GOOGLEFINANCE(B427,""close"",EDATE(TODAY(),-60),TODAY()),2,2),"""")","=IFERROR(INDEX(GOOGLEFINANCE(B427,""close"",DATE(1970,1,1),TODAY()),2,2),"""")"
SYF,SYF,Synchrony Financial,Financials,"=IFERROR(GOOGLEFINANCE(B428,""price""),"""")","=IFERROR(GOOGLEFINANCE(B428,""marketcap""),"""")","=IFERROR(GOOGLEFINANCE(B428,""volume""),"""")","=IFERROR(INDEX(GOOGLEFINANCE(B428,""close"",WORKDAY(TODAY(),-1),TODAY()),2,2),"""")","=IFERROR(INDEX(GOOGLEFINANCE(B428,""close"",WORKDAY(TODAY(),-5),TODAY()),2,2),"""")","=IFERROR(INDEX(GOOGLEFINANCE(B428,""close"",EDATE(TODAY(),-1),TODAY()),2,2),"""")","=IFERROR(INDEX(GOOGLEFINANCE(B428,""close"",EDATE(TODAY(),-3),TODAY()),2,2),"""")","=IFERROR(INDEX(GOOGLEFINANCE(B428,""close"",EDATE(TODAY(),-12),TODAY()),2,2),"""")","=IFERROR(INDEX(GOOGLEFINANCE(B428,""close"",EDATE(TODAY(),-24),TODAY()),2,2),"""")","=IFERROR(INDEX(GOOGLEFINANCE(B428,""close"",EDATE(TODAY(),-36),TODAY()),2,2),"""")","=IFERROR(INDEX(GOOGLEFINANCE(B428,""close"",EDATE(TODAY(),-60),TODAY()),2,2),"""")","=IFERROR(INDEX(GOOGLEFINANCE(B428,""close"",DATE(1970,1,1),TODAY()),2,2),"""")"
SNPS,SNPS,Synopsys,Information Technology,"=IFERROR(GOOGLEFINANCE(B429,""price""),"""")","=IFERROR(GOOGLEFINANCE(B429,""marketcap""),"""")","=IFERROR(GOOGLEFINANCE(B429,""volume""),"""")","=IFERROR(INDEX(GOOGLEFINANCE(B429,""close"",WORKDAY(TODAY(),-1),TODAY()),2,2),"""")","=IFERROR(INDEX(GOOGLEFINANCE(B429,""close"",WORKDAY(TODAY(),-5),TODAY()),2,2),"""")","=IFERROR(INDEX(GOOGLEFINANCE(B429,""close"",EDATE(TODAY(),-1),TODAY()),2,2),"""")","=IFERROR(INDEX(GOOGLEFINANCE(B429,""close"",EDATE(TODAY(),-3),TODAY()),2,2),"""")","=IFERROR(INDEX(GOOGLEFINANCE(B429,""close"",EDATE(TODAY(),-12),TODAY()),2,2),"""")","=IFERROR(INDEX(GOOGLEFINANCE(B429,""close"",EDATE(TODAY(),-24),TODAY()),2,2),"""")","=IFERROR(INDEX(GOOGLEFINANCE(B429,""close"",EDATE(TODAY(),-36),TODAY()),2,2),"""")","=IFERROR(INDEX(GOOGLEFINANCE(B429,""close"",EDATE(TODAY(),-60),TODAY()),2,2),"""")","=IFERROR(INDEX(GOOGLEFINANCE(B429,""close"",DATE(1970,1,1),TODAY()),2,2),"""")"
SYY,SYY,Sysco,Consumer Staples,"=IFERROR(GOOGLEFINANCE(B430,""price""),"""")","=IFERROR(GOOGLEFINANCE(B430,""marketcap""),"""")","=IFERROR(GOOGLEFINANCE(B430,""volume""),"""")","=IFERROR(INDEX(GOOGLEFINANCE(B430,""close"",WORKDAY(TODAY(),-1),TODAY()),2,2),"""")","=IFERROR(INDEX(GOOGLEFINANCE(B430,""close"",WORKDAY(TODAY(),-5),TODAY()),2,2),"""")","=IFERROR(INDEX(GOOGLEFINANCE(B430,""close"",EDATE(TODAY(),-1),TODAY()),2,2),"""")","=IFERROR(INDEX(GOOGLEFINANCE(B430,""close"",EDATE(TODAY(),-3),TODAY()),2,2),"""")","=IFERROR(INDEX(GOOGLEFINANCE(B430,""close"",EDATE(TODAY(),-12),TODAY()),2,2),"""")","=IFERROR(INDEX(GOOGLEFINANCE(B430,""close"",EDATE(TODAY(),-24),TODAY()),2,2),"""")","=IFERROR(INDEX(GOOGLEFINANCE(B430,""close"",EDATE(TODAY(),-36),TODAY()),2,2),"""")","=IFERROR(INDEX(GOOGLEFINANCE(B430,""close"",EDATE(TODAY(),-60),TODAY()),2,2),"""")","=IFERROR(INDEX(GOOGLEFINANCE(B430,""close"",DATE(1970,1,1),TODAY()),2,2),"""")"
TMUS,TMUS,T-Mobile US,Communication Services,"=IFERROR(GOOGLEFINANCE(B431,""price""),"""")","=IFERROR(GOOGLEFINANCE(B431,""marketcap""),"""")","=IFERROR(GOOGLEFINANCE(B431,""volume""),"""")","=IFERROR(INDEX(GOOGLEFINANCE(B431,""close"",WORKDAY(TODAY(),-1),TODAY()),2,2),"""")","=IFERROR(INDEX(GOOGLEFINANCE(B431,""close"",WORKDAY(TODAY(),-5),TODAY()),2,2),"""")","=IFERROR(INDEX(GOOGLEFINANCE(B431,""close"",EDATE(TODAY(),-1),TODAY()),2,2),"""")","=IFERROR(INDEX(GOOGLEFINANCE(B431,""close"",EDATE(TODAY(),-3),TODAY()),2,2),"""")","=IFERROR(INDEX(GOOGLEFINANCE(B431,""close"",EDATE(TODAY(),-12),TODAY()),2,2),"""")","=IFERROR(INDEX(GOOGLEFINANCE(B431,""close"",EDATE(TODAY(),-24),TODAY()),2,2),"""")","=IFERROR(INDEX(GOOGLEFINANCE(B431,""close"",EDATE(TODAY(),-36),TODAY()),2,2),"""")","=IFERROR(INDEX(GOOGLEFINANCE(B431,""close"",EDATE(TODAY(),-60),TODAY()),2,2),"""")","=IFERROR(INDEX(GOOGLEFINANCE(B431,""close"",DATE(1970,1,1),TODAY()),2,2),"""")"
TROW,TROW,T. Rowe Price,Financials,"=IFERROR(GOOGLEFINANCE(B432,""price""),"""")","=IFERROR(GOOGLEFINANCE(B432,""marketcap""),"""")","=IFERROR(GOOGLEFINANCE(B432,""volume""),"""")","=IFERROR(INDEX(GOOGLEFINANCE(B432,""close"",WORKDAY(TODAY(),-1),TODAY()),2,2),"""")","=IFERROR(INDEX(GOOGLEFINANCE(B432,""close"",WORKDAY(TODAY(),-5),TODAY()),2,2),"""")","=IFERROR(INDEX(GOOGLEFINANCE(B432,""close"",EDATE(TODAY(),-1),TODAY()),2,2),"""")","=IFERROR(INDEX(GOOGLEFINANCE(B432,""close"",EDATE(TODAY(),-3),TODAY()),2,2),"""")","=IFERROR(INDEX(GOOGLEFINANCE(B432,""close"",EDATE(TODAY(),-12),TODAY()),2,2),"""")","=IFERROR(INDEX(GOOGLEFINANCE(B432,""close"",EDATE(TODAY(),-24),TODAY()),2,2),"""")","=IFERROR(INDEX(GOOGLEFINANCE(B432,""close"",EDATE(TODAY(),-36),TODAY()),2,2),"""")","=IFERROR(INDEX(GOOGLEFINANCE(B432,""close"",EDATE(TODAY(),-60),TODAY()),2,2),"""")","=IFERROR(INDEX(GOOGLEFINANCE(B432,""close"",DATE(1970,1,1),TODAY()),2,2),"""")"
TTWO,TTWO,Take-Two Interactive,Communication Services,"=IFERROR(GOOGLEFINANCE(B433,""price""),"""")","=IFERROR(GOOGLEFINANCE(B433,""marketcap""),"""")","=IFERROR(GOOGLEFINANCE(B433,""volume""),"""")","=IFERROR(INDEX(GOOGLEFINANCE(B433,""close"",WORKDAY(TODAY(),-1),TODAY()),2,2),"""")","=IFERROR(INDEX(GOOGLEFINANCE(B433,""close"",WORKDAY(TODAY(),-5),TODAY()),2,2),"""")","=IFERROR(INDEX(GOOGLEFINANCE(B433,""close"",EDATE(TODAY(),-1),TODAY()),2,2),"""")","=IFERROR(INDEX(GOOGLEFINANCE(B433,""close"",EDATE(TODAY(),-3),TODAY()),2,2),"""")","=IFERROR(INDEX(GOOGLEFINANCE(B433,""close"",EDATE(TODAY(),-12),TODAY()),2,2),"""")","=IFERROR(INDEX(GOOGLEFINANCE(B433,""close"",EDATE(TODAY(),-24),TODAY()),2,2),"""")","=IFERROR(INDEX(GOOGLEFINANCE(B433,""close"",EDATE(TODAY(),-36),TODAY()),2,2),"""")","=IFERROR(INDEX(GOOGLEFINANCE(B433,""close"",EDATE(TODAY(),-60),TODAY()),2,2),"""")","=IFERROR(INDEX(GOOGLEFINANCE(B433,""close"",DATE(1970,1,1),TODAY()),2,2),"""")"
TPR,TPR,"Tapestry, Inc.",Consumer Discretionary,"=IFERROR(GOOGLEFINANCE(B434,""price""),"""")","=IFERROR(GOOGLEFINANCE(B434,""marketcap""),"""")","=IFERROR(GOOGLEFINANCE(B434,""volume""),"""")","=IFERROR(INDEX(GOOGLEFINANCE(B434,""close"",WORKDAY(TODAY(),-1),TODAY()),2,2),"""")","=IFERROR(INDEX(GOOGLEFINANCE(B434,""close"",WORKDAY(TODAY(),-5),TODAY()),2,2),"""")","=IFERROR(INDEX(GOOGLEFINANCE(B434,""close"",EDATE(TODAY(),-1),TODAY()),2,2),"""")","=IFERROR(INDEX(GOOGLEFINANCE(B434,""close"",EDATE(TODAY(),-3),TODAY()),2,2),"""")","=IFERROR(INDEX(GOOGLEFINANCE(B434,""close"",EDATE(TODAY(),-12),TODAY()),2,2),"""")","=IFERROR(INDEX(GOOGLEFINANCE(B434,""close"",EDATE(TODAY(),-24),TODAY()),2,2),"""")","=IFERROR(INDEX(GOOGLEFINANCE(B434,""close"",EDATE(TODAY(),-36),TODAY()),2,2),"""")","=IFERROR(INDEX(GOOGLEFINANCE(B434,""close"",EDATE(TODAY(),-60),TODAY()),2,2),"""")","=IFERROR(INDEX(GOOGLEFINANCE(B434,""close"",DATE(1970,1,1),TODAY()),2,2),"""")"
TRGP,TRGP,Targa Resources,Energy,"=IFERROR(GOOGLEFINANCE(B435,""price""),"""")","=IFERROR(GOOGLEFINANCE(B435,""marketcap""),"""")","=IFERROR(GOOGLEFINANCE(B435,""volume""),"""")","=IFERROR(INDEX(GOOGLEFINANCE(B435,""close"",WORKDAY(TODAY(),-1),TODAY()),2,2),"""")","=IFERROR(INDEX(GOOGLEFINANCE(B435,""close"",WORKDAY(TODAY(),-5),TODAY()),2,2),"""")","=IFERROR(INDEX(GOOGLEFINANCE(B435,""close"",EDATE(TODAY(),-1),TODAY()),2,2),"""")","=IFERROR(INDEX(GOOGLEFINANCE(B435,""close"",EDATE(TODAY(),-3),TODAY()),2,2),"""")","=IFERROR(INDEX(GOOGLEFINANCE(B435,""close"",EDATE(TODAY(),-12),TODAY()),2,2),"""")","=IFERROR(INDEX(GOOGLEFINANCE(B435,""close"",EDATE(TODAY(),-24),TODAY()),2,2),"""")","=IFERROR(INDEX(GOOGLEFINANCE(B435,""close"",EDATE(TODAY(),-36),TODAY()),2,2),"""")","=IFERROR(INDEX(GOOGLEFINANCE(B435,""close"",EDATE(TODAY(),-60),TODAY()),2,2),"""")","=IFERROR(INDEX(GOOGLEFINANCE(B435,""close"",DATE(1970,1,1),TODAY()),2,2),"""")"
TGT,TGT,Target Corporation,Consumer Staples,"=IFERROR(GOOGLEFINANCE(B436,""price""),"""")","=IFERROR(GOOGLEFINANCE(B436,""marketcap""),"""")","=IFERROR(GOOGLEFINANCE(B436,""volume""),"""")","=IFERROR(INDEX(GOOGLEFINANCE(B436,""close"",WORKDAY(TODAY(),-1),TODAY()),2,2),"""")","=IFERROR(INDEX(GOOGLEFINANCE(B436,""close"",WORKDAY(TODAY(),-5),TODAY()),2,2),"""")","=IFERROR(INDEX(GOOGLEFINANCE(B436,""close"",EDATE(TODAY(),-1),TODAY()),2,2),"""")","=IFERROR(INDEX(GOOGLEFINANCE(B436,""close"",EDATE(TODAY(),-3),TODAY()),2,2),"""")","=IFERROR(INDEX(GOOGLEFINANCE(B436,""close"",EDATE(TODAY(),-12),TODAY()),2,2),"""")","=IFERROR(INDEX(GOOGLEFINANCE(B436,""close"",EDATE(TODAY(),-24),TODAY()),2,2),"""")","=IFERROR(INDEX(GOOGLEFINANCE(B436,""close"",EDATE(TODAY(),-36),TODAY()),2,2),"""")","=IFERROR(INDEX(GOOGLEFINANCE(B436,""close"",EDATE(TODAY(),-60),TODAY()),2,2),"""")","=IFERROR(INDEX(GOOGLEFINANCE(B436,""close"",DATE(1970,1,1),TODAY()),2,2),"""")"
TEL,TEL,TE Connectivity,Information Technology,"=IFERROR(GOOGLEFINANCE(B437,""price""),"""")","=IFERROR(GOOGLEFINANCE(B437,""marketcap""),"""")","=IFERROR(GOOGLEFINANCE(B437,""volume""),"""")","=IFERROR(INDEX(GOOGLEFINANCE(B437,""close"",WORKDAY(TODAY(),-1),TODAY()),2,2),"""")","=IFERROR(INDEX(GOOGLEFINANCE(B437,""close"",WORKDAY(TODAY(),-5),TODAY()),2,2),"""")","=IFERROR(INDEX(GOOGLEFINANCE(B437,""close"",EDATE(TODAY(),-1),TODAY()),2,2),"""")","=IFERROR(INDEX(GOOGLEFINANCE(B437,""close"",EDATE(TODAY(),-3),TODAY()),2,2),"""")","=IFERROR(INDEX(GOOGLEFINANCE(B437,""close"",EDATE(TODAY(),-12),TODAY()),2,2),"""")","=IFERROR(INDEX(GOOGLEFINANCE(B437,""close"",EDATE(TODAY(),-24),TODAY()),2,2),"""")","=IFERROR(INDEX(GOOGLEFINANCE(B437,""close"",EDATE(TODAY(),-36),TODAY()),2,2),"""")","=IFERROR(INDEX(GOOGLEFINANCE(B437,""close"",EDATE(TODAY(),-60),TODAY()),2,2),"""")","=IFERROR(INDEX(GOOGLEFINANCE(B437,""close"",DATE(1970,1,1),TODAY()),2,2),"""")"
TDY,TDY,Teledyne Technologies,Information Technology,"=IFERROR(GOOGLEFINANCE(B438,""price""),"""")","=IFERROR(GOOGLEFINANCE(B438,""marketcap""),"""")","=IFERROR(GOOGLEFINANCE(B438,""volume""),"""")","=IFERROR(INDEX(GOOGLEFINANCE(B438,""close"",WORKDAY(TODAY(),-1),TODAY()),2,2),"""")","=IFERROR(INDEX(GOOGLEFINANCE(B438,""close"",WORKDAY(TODAY(),-5),TODAY()),2,2),"""")","=IFERROR(INDEX(GOOGLEFINANCE(B438,""close"",EDATE(TODAY(),-1),TODAY()),2,2),"""")","=IFERROR(INDEX(GOOGLEFINANCE(B438,""close"",EDATE(TODAY(),-3),TODAY()),2,2),"""")","=IFERROR(INDEX(GOOGLEFINANCE(B438,""close"",EDATE(TODAY(),-12),TODAY()),2,2),"""")","=IFERROR(INDEX(GOOGLEFINANCE(B438,""close"",EDATE(TODAY(),-24),TODAY()),2,2),"""")","=IFERROR(INDEX(GOOGLEFINANCE(B438,""close"",EDATE(TODAY(),-36),TODAY()),2,2),"""")","=IFERROR(INDEX(GOOGLEFINANCE(B438,""close"",EDATE(TODAY(),-60),TODAY()),2,2),"""")","=IFERROR(INDEX(GOOGLEFINANCE(B438,""close"",DATE(1970,1,1),TODAY()),2,2),"""")"
TER,TER,Teradyne,Information Technology,"=IFERROR(GOOGLEFINANCE(B439,""price""),"""")","=IFERROR(GOOGLEFINANCE(B439,""marketcap""),"""")","=IFERROR(GOOGLEFINANCE(B439,""volume""),"""")","=IFERROR(INDEX(GOOGLEFINANCE(B439,""close"",WORKDAY(TODAY(),-1),TODAY()),2,2),"""")","=IFERROR(INDEX(GOOGLEFINANCE(B439,""close"",WORKDAY(TODAY(),-5),TODAY()),2,2),"""")","=IFERROR(INDEX(GOOGLEFINANCE(B439,""close"",EDATE(TODAY(),-1),TODAY()),2,2),"""")","=IFERROR(INDEX(GOOGLEFINANCE(B439,""close"",EDATE(TODAY(),-3),TODAY()),2,2),"""")","=IFERROR(INDEX(GOOGLEFINANCE(B439,""close"",EDATE(TODAY(),-12),TODAY()),2,2),"""")","=IFERROR(INDEX(GOOGLEFINANCE(B439,""close"",EDATE(TODAY(),-24),TODAY()),2,2),"""")","=IFERROR(INDEX(GOOGLEFINANCE(B439,""close"",EDATE(TODAY(),-36),TODAY()),2,2),"""")","=IFERROR(INDEX(GOOGLEFINANCE(B439,""close"",EDATE(TODAY(),-60),TODAY()),2,2),"""")","=IFERROR(INDEX(GOOGLEFINANCE(B439,""close"",DATE(1970,1,1),TODAY()),2,2),"""")"
TSLA,TSLA,"Tesla, Inc.",Consumer Discretionary,"=IFERROR(GOOGLEFINANCE(B440,""price""),"""")","=IFERROR(GOOGLEFINANCE(B440,""marketcap""),"""")","=IFERROR(GOOGLEFINANCE(B440,""volume""),"""")","=IFERROR(INDEX(GOOGLEFINANCE(B440,""close"",WORKDAY(TODAY(),-1),TODAY()),2,2),"""")","=IFERROR(INDEX(GOOGLEFINANCE(B440,""close"",WORKDAY(TODAY(),-5),TODAY()),2,2),"""")","=IFERROR(INDEX(GOOGLEFINANCE(B440,""close"",EDATE(TODAY(),-1),TODAY()),2,2),"""")","=IFERROR(INDEX(GOOGLEFINANCE(B440,""close"",EDATE(TODAY(),-3),TODAY()),2,2),"""")","=IFERROR(INDEX(GOOGLEFINANCE(B440,""close"",EDATE(TODAY(),-12),TODAY()),2,2),"""")","=IFERROR(INDEX(GOOGLEFINANCE(B440,""close"",EDATE(TODAY(),-24),TODAY()),2,2),"""")","=IFERROR(INDEX(GOOGLEFINANCE(B440,""close"",EDATE(TODAY(),-36),TODAY()),2,2),"""")","=IFERROR(INDEX(GOOGLEFINANCE(B440,""close"",EDATE(TODAY(),-60),TODAY()),2,2),"""")","=IFERROR(INDEX(GOOGLEFINANCE(B440,""close"",DATE(1970,1,1),TODAY()),2,2),"""")"
TXN,TXN,Texas Instruments,Information Technology,"=IFERROR(GOOGLEFINANCE(B441,""price""),"""")","=IFERROR(GOOGLEFINANCE(B441,""marketcap""),"""")","=IFERROR(GOOGLEFINANCE(B441,""volume""),"""")","=IFERROR(INDEX(GOOGLEFINANCE(B441,""close"",WORKDAY(TODAY(),-1),TODAY()),2,2),"""")","=IFERROR(INDEX(GOOGLEFINANCE(B441,""close"",WORKDAY(TODAY(),-5),TODAY()),2,2),"""")","=IFERROR(INDEX(GOOGLEFINANCE(B441,""close"",EDATE(TODAY(),-1),TODAY()),2,2),"""")","=IFERROR(INDEX(GOOGLEFINANCE(B441,""close"",EDATE(TODAY(),-3),TODAY()),2,2),"""")","=IFERROR(INDEX(GOOGLEFINANCE(B441,""close"",EDATE(TODAY(),-12),TODAY()),2,2),"""")","=IFERROR(INDEX(GOOGLEFINANCE(B441,""close"",EDATE(TODAY(),-24),TODAY()),2,2),"""")","=IFERROR(INDEX(GOOGLEFINANCE(B441,""close"",EDATE(TODAY(),-36),TODAY()),2,2),"""")","=IFERROR(INDEX(GOOGLEFINANCE(B441,""close"",EDATE(TODAY(),-60),TODAY()),2,2),"""")","=IFERROR(INDEX(GOOGLEFINANCE(B441,""close"",DATE(1970,1,1),TODAY()),2,2),"""")"
TPL,TPL,Texas Pacific Land Corporation,Energy,"=IFERROR(GOOGLEFINANCE(B442,""price""),"""")","=IFERROR(GOOGLEFINANCE(B442,""marketcap""),"""")","=IFERROR(GOOGLEFINANCE(B442,""volume""),"""")","=IFERROR(INDEX(GOOGLEFINANCE(B442,""close"",WORKDAY(TODAY(),-1),TODAY()),2,2),"""")","=IFERROR(INDEX(GOOGLEFINANCE(B442,""close"",WORKDAY(TODAY(),-5),TODAY()),2,2),"""")","=IFERROR(INDEX(GOOGLEFINANCE(B442,""close"",EDATE(TODAY(),-1),TODAY()),2,2),"""")","=IFERROR(INDEX(GOOGLEFINANCE(B442,""close"",EDATE(TODAY(),-3),TODAY()),2,2),"""")","=IFERROR(INDEX(GOOGLEFINANCE(B442,""close"",EDATE(TODAY(),-12),TODAY()),2,2),"""")","=IFERROR(INDEX(GOOGLEFINANCE(B442,""close"",EDATE(TODAY(),-24),TODAY()),2,2),"""")","=IFERROR(INDEX(GOOGLEFINANCE(B442,""close"",EDATE(TODAY(),-36),TODAY()),2,2),"""")","=IFERROR(INDEX(GOOGLEFINANCE(B442,""close"",EDATE(TODAY(),-60),TODAY()),2,2),"""")","=IFERROR(INDEX(GOOGLEFINANCE(B442,""close"",DATE(1970,1,1),TODAY()),2,2),"""")"
TXT,TXT,Textron,Industrials,"=IFERROR(GOOGLEFINANCE(B443,""price""),"""")","=IFERROR(GOOGLEFINANCE(B443,""marketcap""),"""")","=IFERROR(GOOGLEFINANCE(B443,""volume""),"""")","=IFERROR(INDEX(GOOGLEFINANCE(B443,""close"",WORKDAY(TODAY(),-1),TODAY()),2,2),"""")","=IFERROR(INDEX(GOOGLEFINANCE(B443,""close"",WORKDAY(TODAY(),-5),TODAY()),2,2),"""")","=IFERROR(INDEX(GOOGLEFINANCE(B443,""close"",EDATE(TODAY(),-1),TODAY()),2,2),"""")","=IFERROR(INDEX(GOOGLEFINANCE(B443,""close"",EDATE(TODAY(),-3),TODAY()),2,2),"""")","=IFERROR(INDEX(GOOGLEFINANCE(B443,""close"",EDATE(TODAY(),-12),TODAY()),2,2),"""")","=IFERROR(INDEX(GOOGLEFINANCE(B443,""close"",EDATE(TODAY(),-24),TODAY()),2,2),"""")","=IFERROR(INDEX(GOOGLEFINANCE(B443,""close"",EDATE(TODAY(),-36),TODAY()),2,2),"""")","=IFERROR(INDEX(GOOGLEFINANCE(B443,""close"",EDATE(TODAY(),-60),TODAY()),2,2),"""")","=IFERROR(INDEX(GOOGLEFINANCE(B443,""close"",DATE(1970,1,1),TODAY()),2,2),"""")"
TMO,TMO,Thermo Fisher Scientific,Health Care,"=IFERROR(GOOGLEFINANCE(B444,""price""),"""")","=IFERROR(GOOGLEFINANCE(B444,""marketcap""),"""")","=IFERROR(GOOGLEFINANCE(B444,""volume""),"""")","=IFERROR(INDEX(GOOGLEFINANCE(B444,""close"",WORKDAY(TODAY(),-1),TODAY()),2,2),"""")","=IFERROR(INDEX(GOOGLEFINANCE(B444,""close"",WORKDAY(TODAY(),-5),TODAY()),2,2),"""")","=IFERROR(INDEX(GOOGLEFINANCE(B444,""close"",EDATE(TODAY(),-1),TODAY()),2,2),"""")","=IFERROR(INDEX(GOOGLEFINANCE(B444,""close"",EDATE(TODAY(),-3),TODAY()),2,2),"""")","=IFERROR(INDEX(GOOGLEFINANCE(B444,""close"",EDATE(TODAY(),-12),TODAY()),2,2),"""")","=IFERROR(INDEX(GOOGLEFINANCE(B444,""close"",EDATE(TODAY(),-24),TODAY()),2,2),"""")","=IFERROR(INDEX(GOOGLEFINANCE(B444,""close"",EDATE(TODAY(),-36),TODAY()),2,2),"""")","=IFERROR(INDEX(GOOGLEFINANCE(B444,""close"",EDATE(TODAY(),-60),TODAY()),2,2),"""")","=IFERROR(INDEX(GOOGLEFINANCE(B444,""close"",DATE(1970,1,1),TODAY()),2,2),"""")"
TJX,TJX,TJX Companies,Consumer Discretionary,"=IFERROR(GOOGLEFINANCE(B445,""price""),"""")","=IFERROR(GOOGLEFINANCE(B445,""marketcap""),"""")","=IFERROR(GOOGLEFINANCE(B445,""volume""),"""")","=IFERROR(INDEX(GOOGLEFINANCE(B445,""close"",WORKDAY(TODAY(),-1),TODAY()),2,2),"""")","=IFERROR(INDEX(GOOGLEFINANCE(B445,""close"",WORKDAY(TODAY(),-5),TODAY()),2,2),"""")","=IFERROR(INDEX(GOOGLEFINANCE(B445,""close"",EDATE(TODAY(),-1),TODAY()),2,2),"""")","=IFERROR(INDEX(GOOGLEFINANCE(B445,""close"",EDATE(TODAY(),-3),TODAY()),2,2),"""")","=IFERROR(INDEX(GOOGLEFINANCE(B445,""close"",EDATE(TODAY(),-12),TODAY()),2,2),"""")","=IFERROR(INDEX(GOOGLEFINANCE(B445,""close"",EDATE(TODAY(),-24),TODAY()),2,2),"""")","=IFERROR(INDEX(GOOGLEFINANCE(B445,""close"",EDATE(TODAY(),-36),TODAY()),2,2),"""")","=IFERROR(INDEX(GOOGLEFINANCE(B445,""close"",EDATE(TODAY(),-60),TODAY()),2,2),"""")","=IFERROR(INDEX(GOOGLEFINANCE(B445,""close"",DATE(1970,1,1),TODAY()),2,2),"""")"
TKO,TKO,TKO Group Holdings,Communication Services,"=IFERROR(GOOGLEFINANCE(B446,""price""),"""")","=IFERROR(GOOGLEFINANCE(B446,""marketcap""),"""")","=IFERROR(GOOGLEFINANCE(B446,""volume""),"""")","=IFERROR(INDEX(GOOGLEFINANCE(B446,""close"",WORKDAY(TODAY(),-1),TODAY()),2,2),"""")","=IFERROR(INDEX(GOOGLEFINANCE(B446,""close"",WORKDAY(TODAY(),-5),TODAY()),2,2),"""")","=IFERROR(INDEX(GOOGLEFINANCE(B446,""close"",EDATE(TODAY(),-1),TODAY()),2,2),"""")","=IFERROR(INDEX(GOOGLEFINANCE(B446,""close"",EDATE(TODAY(),-3),TODAY()),2,2),"""")","=IFERROR(INDEX(GOOGLEFINANCE(B446,""close"",EDATE(TODAY(),-12),TODAY()),2,2),"""")","=IFERROR(INDEX(GOOGLEFINANCE(B446,""close"",EDATE(TODAY(),-24),TODAY()),2,2),"""")","=IFERROR(INDEX(GOOGLEFINANCE(B446,""close"",EDATE(TODAY(),-36),TODAY()),2,2),"""")","=IFERROR(INDEX(GOOGLEFINANCE(B446,""close"",EDATE(TODAY(),-60),TODAY()),2,2),"""")","=IFERROR(INDEX(GOOGLEFINANCE(B446,""close"",DATE(1970,1,1),TODAY()),2,2),"""")"
TTD,TTD,Trade Desk (The),Communication Services,"=IFERROR(GOOGLEFINANCE(B447,""price""),"""")","=IFERROR(GOOGLEFINANCE(B447,""marketcap""),"""")","=IFERROR(GOOGLEFINANCE(B447,""volume""),"""")","=IFERROR(INDEX(GOOGLEFINANCE(B447,""close"",WORKDAY(TODAY(),-1),TODAY()),2,2),"""")","=IFERROR(INDEX(GOOGLEFINANCE(B447,""close"",WORKDAY(TODAY(),-5),TODAY()),2,2),"""")","=IFERROR(INDEX(GOOGLEFINANCE(B447,""close"",EDATE(TODAY(),-1),TODAY()),2,2),"""")","=IFERROR(INDEX(GOOGLEFINANCE(B447,""close"",EDATE(TODAY(),-3),TODAY()),2,2),"""")","=IFERROR(INDEX(GOOGLEFINANCE(B447,""close"",EDATE(TODAY(),-12),TODAY()),2,2),"""")","=IFERROR(INDEX(GOOGLEFINANCE(B447,""close"",EDATE(TODAY(),-24),TODAY()),2,2),"""")","=IFERROR(INDEX(GOOGLEFINANCE(B447,""close"",EDATE(TODAY(),-36),TODAY()),2,2),"""")","=IFERROR(INDEX(GOOGLEFINANCE(B447,""close"",EDATE(TODAY(),-60),TODAY()),2,2),"""")","=IFERROR(INDEX(GOOGLEFINANCE(B447,""close"",DATE(1970,1,1),TODAY()),2,2),"""")"
TSCO,TSCO,Tractor Supply,Consumer Discretionary,"=IFERROR(GOOGLEFINANCE(B448,""price""),"""")","=IFERROR(GOOGLEFINANCE(B448,""marketcap""),"""")","=IFERROR(GOOGLEFINANCE(B448,""volume""),"""")","=IFERROR(INDEX(GOOGLEFINANCE(B448,""close"",WORKDAY(TODAY(),-1),TODAY()),2,2),"""")","=IFERROR(INDEX(GOOGLEFINANCE(B448,""close"",WORKDAY(TODAY(),-5),TODAY()),2,2),"""")","=IFERROR(INDEX(GOOGLEFINANCE(B448,""close"",EDATE(TODAY(),-1),TODAY()),2,2),"""")","=IFERROR(INDEX(GOOGLEFINANCE(B448,""close"",EDATE(TODAY(),-3),TODAY()),2,2),"""")","=IFERROR(INDEX(GOOGLEFINANCE(B448,""close"",EDATE(TODAY(),-12),TODAY()),2,2),"""")","=IFERROR(INDEX(GOOGLEFINANCE(B448,""close"",EDATE(TODAY(),-24),TODAY()),2,2),"""")","=IFERROR(INDEX(GOOGLEFINANCE(B448,""close"",EDATE(TODAY(),-36),TODAY()),2,2),"""")","=IFERROR(INDEX(GOOGLEFINANCE(B448,""close"",EDATE(TODAY(),-60),TODAY()),2,2),"""")","=IFERROR(INDEX(GOOGLEFINANCE(B448,""close"",DATE(1970,1,1),TODAY()),2,2),"""")"
TT,TT,Trane Technologies,Industrials,"=IFERROR(GOOGLEFINANCE(B449,""price""),"""")","=IFERROR(GOOGLEFINANCE(B449,""marketcap""),"""")","=IFERROR(GOOGLEFINANCE(B449,""volume""),"""")","=IFERROR(INDEX(GOOGLEFINANCE(B449,""close"",WORKDAY(TODAY(),-1),TODAY()),2,2),"""")","=IFERROR(INDEX(GOOGLEFINANCE(B449,""close"",WORKDAY(TODAY(),-5),TODAY()),2,2),"""")","=IFERROR(INDEX(GOOGLEFINANCE(B449,""close"",EDATE(TODAY(),-1),TODAY()),2,2),"""")","=IFERROR(INDEX(GOOGLEFINANCE(B449,""close"",EDATE(TODAY(),-3),TODAY()),2,2),"""")","=IFERROR(INDEX(GOOGLEFINANCE(B449,""close"",EDATE(TODAY(),-12),TODAY()),2,2),"""")","=IFERROR(INDEX(GOOGLEFINANCE(B449,""close"",EDATE(TODAY(),-24),TODAY()),2,2),"""")","=IFERROR(INDEX(GOOGLEFINANCE(B449,""close"",EDATE(TODAY(),-36),TODAY()),2,2),"""")","=IFERROR(INDEX(GOOGLEFINANCE(B449,""close"",EDATE(TODAY(),-60),TODAY()),2,2),"""")","=IFERROR(INDEX(GOOGLEFINANCE(B449,""close"",DATE(1970,1,1),TODAY()),2,2),"""")"
TDG,TDG,TransDigm Group,Industrials,"=IFERROR(GOOGLEFINANCE(B450,""price""),"""")","=IFERROR(GOOGLEFINANCE(B450,""marketcap""),"""")","=IFERROR(GOOGLEFINANCE(B450,""volume""),"""")","=IFERROR(INDEX(GOOGLEFINANCE(B450,""close"",WORKDAY(TODAY(),-1),TODAY()),2,2),"""")","=IFERROR(INDEX(GOOGLEFINANCE(B450,""close"",WORKDAY(TODAY(),-5),TODAY()),2,2),"""")","=IFERROR(INDEX(GOOGLEFINANCE(B450,""close"",EDATE(TODAY(),-1),TODAY()),2,2),"""")","=IFERROR(INDEX(GOOGLEFINANCE(B450,""close"",EDATE(TODAY(),-3),TODAY()),2,2),"""")","=IFERROR(INDEX(GOOGLEFINANCE(B450,""close"",EDATE(TODAY(),-12),TODAY()),2,2),"""")","=IFERROR(INDEX(GOOGLEFINANCE(B450,""close"",EDATE(TODAY(),-24),TODAY()),2,2),"""")","=IFERROR(INDEX(GOOGLEFINANCE(B450,""close"",EDATE(TODAY(),-36),TODAY()),2,2),"""")","=IFERROR(INDEX(GOOGLEFINANCE(B450,""close"",EDATE(TODAY(),-60),TODAY()),2,2),"""")","=IFERROR(INDEX(GOOGLEFINANCE(B450,""close"",DATE(1970,1,1),TODAY()),2,2),"""")"
TRV,TRV,Travelers Companies (The),Financials,"=IFERROR(GOOGLEFINANCE(B451,""price""),"""")","=IFERROR(GOOGLEFINANCE(B451,""marketcap""),"""")","=IFERROR(GOOGLEFINANCE(B451,""volume""),"""")","=IFERROR(INDEX(GOOGLEFINANCE(B451,""close"",WORKDAY(TODAY(),-1),TODAY()),2,2),"""")","=IFERROR(INDEX(GOOGLEFINANCE(B451,""close"",WORKDAY(TODAY(),-5),TODAY()),2,2),"""")","=IFERROR(INDEX(GOOGLEFINANCE(B451,""close"",EDATE(TODAY(),-1),TODAY()),2,2),"""")","=IFERROR(INDEX(GOOGLEFINANCE(B451,""close"",EDATE(TODAY(),-3),TODAY()),2,2),"""")","=IFERROR(INDEX(GOOGLEFINANCE(B451,""close"",EDATE(TODAY(),-12),TODAY()),2,2),"""")","=IFERROR(INDEX(GOOGLEFINANCE(B451,""close"",EDATE(TODAY(),-24),TODAY()),2,2),"""")","=IFERROR(INDEX(GOOGLEFINANCE(B451,""close"",EDATE(TODAY(),-36),TODAY()),2,2),"""")","=IFERROR(INDEX(GOOGLEFINANCE(B451,""close"",EDATE(TODAY(),-60),TODAY()),2,2),"""")","=IFERROR(INDEX(GOOGLEFINANCE(B451,""close"",DATE(1970,1,1),TODAY()),2,2),"""")"
TRMB,TRMB,Trimble Inc.,Information Technology,"=IFERROR(GOOGLEFINANCE(B452,""price""),"""")","=IFERROR(GOOGLEFINANCE(B452,""marketcap""),"""")","=IFERROR(GOOGLEFINANCE(B452,""volume""),"""")","=IFERROR(INDEX(GOOGLEFINANCE(B452,""close"",WORKDAY(TODAY(),-1),TODAY()),2,2),"""")","=IFERROR(INDEX(GOOGLEFINANCE(B452,""close"",WORKDAY(TODAY(),-5),TODAY()),2,2),"""")","=IFERROR(INDEX(GOOGLEFINANCE(B452,""close"",EDATE(TODAY(),-1),TODAY()),2,2),"""")","=IFERROR(INDEX(GOOGLEFINANCE(B452,""close"",EDATE(TODAY(),-3),TODAY()),2,2),"""")","=IFERROR(INDEX(GOOGLEFINANCE(B452,""close"",EDATE(TODAY(),-12),TODAY()),2,2),"""")","=IFERROR(INDEX(GOOGLEFINANCE(B452,""close"",EDATE(TODAY(),-24),TODAY()),2,2),"""")","=IFERROR(INDEX(GOOGLEFINANCE(B452,""close"",EDATE(TODAY(),-36),TODAY()),2,2),"""")","=IFERROR(INDEX(GOOGLEFINANCE(B452,""close"",EDATE(TODAY(),-60),TODAY()),2,2),"""")","=IFERROR(INDEX(GOOGLEFINANCE(B452,""close"",DATE(1970,1,1),TODAY()),2,2),"""")"
TFC,TFC,Truist Financial,Financials,"=IFERROR(GOOGLEFINANCE(B453,""price""),"""")","=IFERROR(GOOGLEFINANCE(B453,""marketcap""),"""")","=IFERROR(GOOGLEFINANCE(B453,""volume""),"""")","=IFERROR(INDEX(GOOGLEFINANCE(B453,""close"",WORKDAY(TODAY(),-1),TODAY()),2,2),"""")","=IFERROR(INDEX(GOOGLEFINANCE(B453,""close"",WORKDAY(TODAY(),-5),TODAY()),2,2),"""")","=IFERROR(INDEX(GOOGLEFINANCE(B453,""close"",EDATE(TODAY(),-1),TODAY()),2,2),"""")","=IFERROR(INDEX(GOOGLEFINANCE(B453,""close"",EDATE(TODAY(),-3),TODAY()),2,2),"""")","=IFERROR(INDEX(GOOGLEFINANCE(B453,""close"",EDATE(TODAY(),-12),TODAY()),2,2),"""")","=IFERROR(INDEX(GOOGLEFINANCE(B453,""close"",EDATE(TODAY(),-24),TODAY()),2,2),"""")","=IFERROR(INDEX(GOOGLEFINANCE(B453,""close"",EDATE(TODAY(),-36),TODAY()),2,2),"""")","=IFERROR(INDEX(GOOGLEFINANCE(B453,""close"",EDATE(TODAY(),-60),TODAY()),2,2),"""")","=IFERROR(INDEX(GOOGLEFINANCE(B453,""close"",DATE(1970,1,1),TODAY()),2,2),"""")"
TYL,TYL,Tyler Technologies,Information Technology,"=IFERROR(GOOGLEFINANCE(B454,""price""),"""")","=IFERROR(GOOGLEFINANCE(B454,""marketcap""),"""")","=IFERROR(GOOGLEFINANCE(B454,""volume""),"""")","=IFERROR(INDEX(GOOGLEFINANCE(B454,""close"",WORKDAY(TODAY(),-1),TODAY()),2,2),"""")","=IFERROR(INDEX(GOOGLEFINANCE(B454,""close"",WORKDAY(TODAY(),-5),TODAY()),2,2),"""")","=IFERROR(INDEX(GOOGLEFINANCE(B454,""close"",EDATE(TODAY(),-1),TODAY()),2,2),"""")","=IFERROR(INDEX(GOOGLEFINANCE(B454,""close"",EDATE(TODAY(),-3),TODAY()),2,2),"""")","=IFERROR(INDEX(GOOGLEFINANCE(B454,""close"",EDATE(TODAY(),-12),TODAY()),2,2),"""")","=IFERROR(INDEX(GOOGLEFINANCE(B454,""close"",EDATE(TODAY(),-24),TODAY()),2,2),"""")","=IFERROR(INDEX(GOOGLEFINANCE(B454,""close"",EDATE(TODAY(),-36),TODAY()),2,2),"""")","=IFERROR(INDEX(GOOGLEFINANCE(B454,""close"",EDATE(TODAY(),-60),TODAY()),2,2),"""")","=IFERROR(INDEX(GOOGLEFINANCE(B454,""close"",DATE(1970,1,1),TODAY()),2,2),"""")"
TSN,TSN,Tyson Foods,Consumer Staples,"=IFERROR(GOOGLEFINANCE(B455,""price""),"""")","=IFERROR(GOOGLEFINANCE(B455,""marketcap""),"""")","=IFERROR(GOOGLEFINANCE(B455,""volume""),"""")","=IFERROR(INDEX(GOOGLEFINANCE(B455,""close"",WORKDAY(TODAY(),-1),TODAY()),2,2),"""")","=IFERROR(INDEX(GOOGLEFINANCE(B455,""close"",WORKDAY(TODAY(),-5),TODAY()),2,2),"""")","=IFERROR(INDEX(GOOGLEFINANCE(B455,""close"",EDATE(TODAY(),-1),TODAY()),2,2),"""")","=IFERROR(INDEX(GOOGLEFINANCE(B455,""close"",EDATE(TODAY(),-3),TODAY()),2,2),"""")","=IFERROR(INDEX(GOOGLEFINANCE(B455,""close"",EDATE(TODAY(),-12),TODAY()),2,2),"""")","=IFERROR(INDEX(GOOGLEFINANCE(B455,""close"",EDATE(TODAY(),-24),TODAY()),2,2),"""")","=IFERROR(INDEX(GOOGLEFINANCE(B455,""close"",EDATE(TODAY(),-36),TODAY()),2,2),"""")","=IFERROR(INDEX(GOOGLEFINANCE(B455,""close"",EDATE(TODAY(),-60),TODAY()),2,2),"""")","=IFERROR(INDEX(GOOGLEFINANCE(B455,""close"",DATE(1970,1,1),TODAY()),2,2),"""")"
USB,USB,U.S. Bancorp,Financials,"=IFERROR(GOOGLEFINANCE(B456,""price""),"""")","=IFERROR(GOOGLEFINANCE(B456,""marketcap""),"""")","=IFERROR(GOOGLEFINANCE(B456,""volume""),"""")","=IFERROR(INDEX(GOOGLEFINANCE(B456,""close"",WORKDAY(TODAY(),-1),TODAY()),2,2),"""")","=IFERROR(INDEX(GOOGLEFINANCE(B456,""close"",WORKDAY(TODAY(),-5),TODAY()),2,2),"""")","=IFERROR(INDEX(GOOGLEFINANCE(B456,""close"",EDATE(TODAY(),-1),TODAY()),2,2),"""")","=IFERROR(INDEX(GOOGLEFINANCE(B456,""close"",EDATE(TODAY(),-3),TODAY()),2,2),"""")","=IFERROR(INDEX(GOOGLEFINANCE(B456,""close"",EDATE(TODAY(),-12),TODAY()),2,2),"""")","=IFERROR(INDEX(GOOGLEFINANCE(B456,""close"",EDATE(TODAY(),-24),TODAY()),2,2),"""")","=IFERROR(INDEX(GOOGLEFINANCE(B456,""close"",EDATE(TODAY(),-36),TODAY()),2,2),"""")","=IFERROR(INDEX(GOOGLEFINANCE(B456,""close"",EDATE(TODAY(),-60),TODAY()),2,2),"""")","=IFERROR(INDEX(GOOGLEFINANCE(B456,""close"",DATE(1970,1,1),TODAY()),2,2),"""")"
UBER,UBER,Uber,Industrials,"=IFERROR(GOOGLEFINANCE(B457,""price""),"""")","=IFERROR(GOOGLEFINANCE(B457,""marketcap""),"""")","=IFERROR(GOOGLEFINANCE(B457,""volume""),"""")","=IFERROR(INDEX(GOOGLEFINANCE(B457,""close"",WORKDAY(TODAY(),-1),TODAY()),2,2),"""")","=IFERROR(INDEX(GOOGLEFINANCE(B457,""close"",WORKDAY(TODAY(),-5),TODAY()),2,2),"""")","=IFERROR(INDEX(GOOGLEFINANCE(B457,""close"",EDATE(TODAY(),-1),TODAY()),2,2),"""")","=IFERROR(INDEX(GOOGLEFINANCE(B457,""close"",EDATE(TODAY(),-3),TODAY()),2,2),"""")","=IFERROR(INDEX(GOOGLEFINANCE(B457,""close"",EDATE(TODAY(),-12),TODAY()),2,2),"""")","=IFERROR(INDEX(GOOGLEFINANCE(B457,""close"",EDATE(TODAY(),-24),TODAY()),2,2),"""")","=IFERROR(INDEX(GOOGLEFINANCE(B457,""close"",EDATE(TODAY(),-36),TODAY()),2,2),"""")","=IFERROR(INDEX(GOOGLEFINANCE(B457,""close"",EDATE(TODAY(),-60),TODAY()),2,2),"""")","=IFERROR(INDEX(GOOGLEFINANCE(B457,""close"",DATE(1970,1,1),TODAY()),2,2),"""")"
UDR,UDR,"UDR, Inc.",Real Estate,"=IFERROR(GOOGLEFINANCE(B458,""price""),"""")","=IFERROR(GOOGLEFINANCE(B458,""marketcap""),"""")","=IFERROR(GOOGLEFINANCE(B458,""volume""),"""")","=IFERROR(INDEX(GOOGLEFINANCE(B458,""close"",WORKDAY(TODAY(),-1),TODAY()),2,2),"""")","=IFERROR(INDEX(GOOGLEFINANCE(B458,""close"",WORKDAY(TODAY(),-5),TODAY()),2,2),"""")","=IFERROR(INDEX(GOOGLEFINANCE(B458,""close"",EDATE(TODAY(),-1),TODAY()),2,2),"""")","=IFERROR(INDEX(GOOGLEFINANCE(B458,""close"",EDATE(TODAY(),-3),TODAY()),2,2),"""")","=IFERROR(INDEX(GOOGLEFINANCE(B458,""close"",EDATE(TODAY(),-12),TODAY()),2,2),"""")","=IFERROR(INDEX(GOOGLEFINANCE(B458,""close"",EDATE(TODAY(),-24),TODAY()),2,2),"""")","=IFERROR(INDEX(GOOGLEFINANCE(B458,""close"",EDATE(TODAY(),-36),TODAY()),2,2),"""")","=IFERROR(INDEX(GOOGLEFINANCE(B458,""close"",EDATE(TODAY(),-60),TODAY()),2,2),"""")","=IFERROR(INDEX(GOOGLEFINANCE(B458,""close"",DATE(1970,1,1),TODAY()),2,2),"""")"
ULTA,ULTA,Ulta Beauty,Consumer Discretionary,"=IFERROR(GOOGLEFINANCE(B459,""price""),"""")","=IFERROR(GOOGLEFINANCE(B459,""marketcap""),"""")","=IFERROR(GOOGLEFINANCE(B459,""volume""),"""")","=IFERROR(INDEX(GOOGLEFINANCE(B459,""close"",WORKDAY(TODAY(),-1),TODAY()),2,2),"""")","=IFERROR(INDEX(GOOGLEFINANCE(B459,""close"",WORKDAY(TODAY(),-5),TODAY()),2,2),"""")","=IFERROR(INDEX(GOOGLEFINANCE(B459,""close"",EDATE(TODAY(),-1),TODAY()),2,2),"""")","=IFERROR(INDEX(GOOGLEFINANCE(B459,""close"",EDATE(TODAY(),-3),TODAY()),2,2),"""")","=IFERROR(INDEX(GOOGLEFINANCE(B459,""close"",EDATE(TODAY(),-12),TODAY()),2,2),"""")","=IFERROR(INDEX(GOOGLEFINANCE(B459,""close"",EDATE(TODAY(),-24),TODAY()),2,2),"""")","=IFERROR(INDEX(GOOGLEFINANCE(B459,""close"",EDATE(TODAY(),-36),TODAY()),2,2),"""")","=IFERROR(INDEX(GOOGLEFINANCE(B459,""close"",EDATE(TODAY(),-60),TODAY()),2,2),"""")","=IFERROR(INDEX(GOOGLEFINANCE(B459,""close"",DATE(1970,1,1),TODAY()),2,2),"""")"
UNP,UNP,Union Pacific Corporation,Industrials,"=IFERROR(GOOGLEFINANCE(B460,""price""),"""")","=IFERROR(GOOGLEFINANCE(B460,""marketcap""),"""")","=IFERROR(GOOGLEFINANCE(B460,""volume""),"""")","=IFERROR(INDEX(GOOGLEFINANCE(B460,""close"",WORKDAY(TODAY(),-1),TODAY()),2,2),"""")","=IFERROR(INDEX(GOOGLEFINANCE(B460,""close"",WORKDAY(TODAY(),-5),TODAY()),2,2),"""")","=IFERROR(INDEX(GOOGLEFINANCE(B460,""close"",EDATE(TODAY(),-1),TODAY()),2,2),"""")","=IFERROR(INDEX(GOOGLEFINANCE(B460,""close"",EDATE(TODAY(),-3),TODAY()),2,2),"""")","=IFERROR(INDEX(GOOGLEFINANCE(B460,""close"",EDATE(TODAY(),-12),TODAY()),2,2),"""")","=IFERROR(INDEX(GOOGLEFINANCE(B460,""close"",EDATE(TODAY(),-24),TODAY()),2,2),"""")","=IFERROR(INDEX(GOOGLEFINANCE(B460,""close"",EDATE(TODAY(),-36),TODAY()),2,2),"""")","=IFERROR(INDEX(GOOGLEFINANCE(B460,""close"",EDATE(TODAY(),-60),TODAY()),2,2),"""")","=IFERROR(INDEX(GOOGLEFINANCE(B460,""close"",DATE(1970,1,1),TODAY()),2,2),"""")"
UAL,UAL,United Airlines Holdings,Industrials,"=IFERROR(GOOGLEFINANCE(B461,""price""),"""")","=IFERROR(GOOGLEFINANCE(B461,""marketcap""),"""")","=IFERROR(GOOGLEFINANCE(B461,""volume""),"""")","=IFERROR(INDEX(GOOGLEFINANCE(B461,""close"",WORKDAY(TODAY(),-1),TODAY()),2,2),"""")","=IFERROR(INDEX(GOOGLEFINANCE(B461,""close"",WORKDAY(TODAY(),-5),TODAY()),2,2),"""")","=IFERROR(INDEX(GOOGLEFINANCE(B461,""close"",EDATE(TODAY(),-1),TODAY()),2,2),"""")","=IFERROR(INDEX(GOOGLEFINANCE(B461,""close"",EDATE(TODAY(),-3),TODAY()),2,2),"""")","=IFERROR(INDEX(GOOGLEFINANCE(B461,""close"",EDATE(TODAY(),-12),TODAY()),2,2),"""")","=IFERROR(INDEX(GOOGLEFINANCE(B461,""close"",EDATE(TODAY(),-24),TODAY()),2,2),"""")","=IFERROR(INDEX(GOOGLEFINANCE(B461,""close"",EDATE(TODAY(),-36),TODAY()),2,2),"""")","=IFERROR(INDEX(GOOGLEFINANCE(B461,""close"",EDATE(TODAY(),-60),TODAY()),2,2),"""")","=IFERROR(INDEX(GOOGLEFINANCE(B461,""close"",DATE(1970,1,1),TODAY()),2,2),"""")"
UPS,UPS,United Parcel Service,Industrials,"=IFERROR(GOOGLEFINANCE(B462,""price""),"""")","=IFERROR(GOOGLEFINANCE(B462,""marketcap""),"""")","=IFERROR(GOOGLEFINANCE(B462,""volume""),"""")","=IFERROR(INDEX(GOOGLEFINANCE(B462,""close"",WORKDAY(TODAY(),-1),TODAY()),2,2),"""")","=IFERROR(INDEX(GOOGLEFINANCE(B462,""close"",WORKDAY(TODAY(),-5),TODAY()),2,2),"""")","=IFERROR(INDEX(GOOGLEFINANCE(B462,""close"",EDATE(TODAY(),-1),TODAY()),2,2),"""")","=IFERROR(INDEX(GOOGLEFINANCE(B462,""close"",EDATE(TODAY(),-3),TODAY()),2,2),"""")","=IFERROR(INDEX(GOOGLEFINANCE(B462,""close"",EDATE(TODAY(),-12),TODAY()),2,2),"""")","=IFERROR(INDEX(GOOGLEFINANCE(B462,""close"",EDATE(TODAY(),-24),TODAY()),2,2),"""")","=IFERROR(INDEX(GOOGLEFINANCE(B462,""close"",EDATE(TODAY(),-36),TODAY()),2,2),"""")","=IFERROR(INDEX(GOOGLEFINANCE(B462,""close"",EDATE(TODAY(),-60),TODAY()),2,2),"""")","=IFERROR(INDEX(GOOGLEFINANCE(B462,""close"",DATE(1970,1,1),TODAY()),2,2),"""")"
URI,URI,United Rentals,Industrials,"=IFERROR(GOOGLEFINANCE(B463,""price""),"""")","=IFERROR(GOOGLEFINANCE(B463,""marketcap""),"""")","=IFERROR(GOOGLEFINANCE(B463,""volume""),"""")","=IFERROR(INDEX(GOOGLEFINANCE(B463,""close"",WORKDAY(TODAY(),-1),TODAY()),2,2),"""")","=IFERROR(INDEX(GOOGLEFINANCE(B463,""close"",WORKDAY(TODAY(),-5),TODAY()),2,2),"""")","=IFERROR(INDEX(GOOGLEFINANCE(B463,""close"",EDATE(TODAY(),-1),TODAY()),2,2),"""")","=IFERROR(INDEX(GOOGLEFINANCE(B463,""close"",EDATE(TODAY(),-3),TODAY()),2,2),"""")","=IFERROR(INDEX(GOOGLEFINANCE(B463,""close"",EDATE(TODAY(),-12),TODAY()),2,2),"""")","=IFERROR(INDEX(GOOGLEFINANCE(B463,""close"",EDATE(TODAY(),-24),TODAY()),2,2),"""")","=IFERROR(INDEX(GOOGLEFINANCE(B463,""close"",EDATE(TODAY(),-36),TODAY()),2,2),"""")","=IFERROR(INDEX(GOOGLEFINANCE(B463,""close"",EDATE(TODAY(),-60),TODAY()),2,2),"""")","=IFERROR(INDEX(GOOGLEFINANCE(B463,""close"",DATE(1970,1,1),TODAY()),2,2),"""")"
UNH,UNH,UnitedHealth Group,Health Care,"=IFERROR(GOOGLEFINANCE(B464,""price""),"""")","=IFERROR(GOOGLEFINANCE(B464,""marketcap""),"""")","=IFERROR(GOOGLEFINANCE(B464,""volume""),"""")","=IFERROR(INDEX(GOOGLEFINANCE(B464,""close"",WORKDAY(TODAY(),-1),TODAY()),2,2),"""")","=IFERROR(INDEX(GOOGLEFINANCE(B464,""close"",WORKDAY(TODAY(),-5),TODAY()),2,2),"""")","=IFERROR(INDEX(GOOGLEFINANCE(B464,""close"",EDATE(TODAY(),-1),TODAY()),2,2),"""")","=IFERROR(INDEX(GOOGLEFINANCE(B464,""close"",EDATE(TODAY(),-3),TODAY()),2,2),"""")","=IFERROR(INDEX(GOOGLEFINANCE(B464,""close"",EDATE(TODAY(),-12),TODAY()),2,2),"""")","=IFERROR(INDEX(GOOGLEFINANCE(B464,""close"",EDATE(TODAY(),-24),TODAY()),2,2),"""")","=IFERROR(INDEX(GOOGLEFINANCE(B464,""close"",EDATE(TODAY(),-36),TODAY()),2,2),"""")","=IFERROR(INDEX(GOOGLEFINANCE(B464,""close"",EDATE(TODAY(),-60),TODAY()),2,2),"""")","=IFERROR(INDEX(GOOGLEFINANCE(B464,""close"",DATE(1970,1,1),TODAY()),2,2),"""")"
UHS,UHS,Universal Health Services,Health Care,"=IFERROR(GOOGLEFINANCE(B465,""price""),"""")","=IFERROR(GOOGLEFINANCE(B465,""marketcap""),"""")","=IFERROR(GOOGLEFINANCE(B465,""volume""),"""")","=IFERROR(INDEX(GOOGLEFINANCE(B465,""close"",WORKDAY(TODAY(),-1),TODAY()),2,2),"""")","=IFERROR(INDEX(GOOGLEFINANCE(B465,""close"",WORKDAY(TODAY(),-5),TODAY()),2,2),"""")","=IFERROR(INDEX(GOOGLEFINANCE(B465,""close"",EDATE(TODAY(),-1),TODAY()),2,2),"""")","=IFERROR(INDEX(GOOGLEFINANCE(B465,""close"",EDATE(TODAY(),-3),TODAY()),2,2),"""")","=IFERROR(INDEX(GOOGLEFINANCE(B465,""close"",EDATE(TODAY(),-12),TODAY()),2,2),"""")","=IFERROR(INDEX(GOOGLEFINANCE(B465,""close"",EDATE(TODAY(),-24),TODAY()),2,2),"""")","=IFERROR(INDEX(GOOGLEFINANCE(B465,""close"",EDATE(TODAY(),-36),TODAY()),2,2),"""")","=IFERROR(INDEX(GOOGLEFINANCE(B465,""close"",EDATE(TODAY(),-60),TODAY()),2,2),"""")","=IFERROR(INDEX(GOOGLEFINANCE(B465,""close"",DATE(1970,1,1),TODAY()),2,2),"""")"
VLO,VLO,Valero Energy,Energy,"=IFERROR(GOOGLEFINANCE(B466,""price""),"""")","=IFERROR(GOOGLEFINANCE(B466,""marketcap""),"""")","=IFERROR(GOOGLEFINANCE(B466,""volume""),"""")","=IFERROR(INDEX(GOOGLEFINANCE(B466,""close"",WORKDAY(TODAY(),-1),TODAY()),2,2),"""")","=IFERROR(INDEX(GOOGLEFINANCE(B466,""close"",WORKDAY(TODAY(),-5),TODAY()),2,2),"""")","=IFERROR(INDEX(GOOGLEFINANCE(B466,""close"",EDATE(TODAY(),-1),TODAY()),2,2),"""")","=IFERROR(INDEX(GOOGLEFINANCE(B466,""close"",EDATE(TODAY(),-3),TODAY()),2,2),"""")","=IFERROR(INDEX(GOOGLEFINANCE(B466,""close"",EDATE(TODAY(),-12),TODAY()),2,2),"""")","=IFERROR(INDEX(GOOGLEFINANCE(B466,""close"",EDATE(TODAY(),-24),TODAY()),2,2),"""")","=IFERROR(INDEX(GOOGLEFINANCE(B466,""close"",EDATE(TODAY(),-36),TODAY()),2,2),"""")","=IFERROR(INDEX(GOOGLEFINANCE(B466,""close"",EDATE(TODAY(),-60),TODAY()),2,2),"""")","=IFERROR(INDEX(GOOGLEFINANCE(B466,""close"",DATE(1970,1,1),TODAY()),2,2),"""")"
VEEV,VEEV,Veeva Systems,Health Care,"=IFERROR(GOOGLEFINANCE(B467,""price""),"""")","=IFERROR(GOOGLEFINANCE(B467,""marketcap""),"""")","=IFERROR(GOOGLEFINANCE(B467,""volume""),"""")","=IFERROR(INDEX(GOOGLEFINANCE(B467,""close"",WORKDAY(TODAY(),-1),TODAY()),2,2),"""")","=IFERROR(INDEX(GOOGLEFINANCE(B467,""close"",WORKDAY(TODAY(),-5),TODAY()),2,2),"""")","=IFERROR(INDEX(GOOGLEFINANCE(B467,""close"",EDATE(TODAY(),-1),TODAY()),2,2),"""")","=IFERROR(INDEX(GOOGLEFINANCE(B467,""close"",EDATE(TODAY(),-3),TODAY()),2,2),"""")","=IFERROR(INDEX(GOOGLEFINANCE(B467,""close"",EDATE(TODAY(),-12),TODAY()),2,2),"""")","=IFERROR(INDEX(GOOGLEFINANCE(B467,""close"",EDATE(TODAY(),-24),TODAY()),2,2),"""")","=IFERROR(INDEX(GOOGLEFINANCE(B467,""close"",EDATE(TODAY(),-36),TODAY()),2,2),"""")","=IFERROR(INDEX(GOOGLEFINANCE(B467,""close"",EDATE(TODAY(),-60),TODAY()),2,2),"""")","=IFERROR(INDEX(GOOGLEFINANCE(B467,""close"",DATE(1970,1,1),TODAY()),2,2),"""")"
VTR,VTR,Ventas,Real Estate,"=IFERROR(GOOGLEFINANCE(B468,""price""),"""")","=IFERROR(GOOGLEFINANCE(B468,""marketcap""),"""")","=IFERROR(GOOGLEFINANCE(B468,""volume""),"""")","=IFERROR(INDEX(GOOGLEFINANCE(B468,""close"",WORKDAY(TODAY(),-1),TODAY()),2,2),"""")","=IFERROR(INDEX(GOOGLEFINANCE(B468,""close"",WORKDAY(TODAY(),-5),TODAY()),2,2),"""")","=IFERROR(INDEX(GOOGLEFINANCE(B468,""close"",EDATE(TODAY(),-1),TODAY()),2,2),"""")","=IFERROR(INDEX(GOOGLEFINANCE(B468,""close"",EDATE(TODAY(),-3),TODAY()),2,2),"""")","=IFERROR(INDEX(GOOGLEFINANCE(B468,""close"",EDATE(TODAY(),-12),TODAY()),2,2),"""")","=IFERROR(INDEX(GOOGLEFINANCE(B468,""close"",EDATE(TODAY(),-24),TODAY()),2,2),"""")","=IFERROR(INDEX(GOOGLEFINANCE(B468,""close"",EDATE(TODAY(),-36),TODAY()),2,2),"""")","=IFERROR(INDEX(GOOGLEFINANCE(B468,""close"",EDATE(TODAY(),-60),TODAY()),2,2),"""")","=IFERROR(INDEX(GOOGLEFINANCE(B468,""close"",DATE(1970,1,1),TODAY()),2,2),"""")"
VLTO,VLTO,Veralto,Industrials,"=IFERROR(GOOGLEFINANCE(B469,""price""),"""")","=IFERROR(GOOGLEFINANCE(B469,""marketcap""),"""")","=IFERROR(GOOGLEFINANCE(B469,""volume""),"""")","=IFERROR(INDEX(GOOGLEFINANCE(B469,""close"",WORKDAY(TODAY(),-1),TODAY()),2,2),"""")","=IFERROR(INDEX(GOOGLEFINANCE(B469,""close"",WORKDAY(TODAY(),-5),TODAY()),2,2),"""")","=IFERROR(INDEX(GOOGLEFINANCE(B469,""close"",EDATE(TODAY(),-1),TODAY()),2,2),"""")","=IFERROR(INDEX(GOOGLEFINANCE(B469,""close"",EDATE(TODAY(),-3),TODAY()),2,2),"""")","=IFERROR(INDEX(GOOGLEFINANCE(B469,""close"",EDATE(TODAY(),-12),TODAY()),2,2),"""")","=IFERROR(INDEX(GOOGLEFINANCE(B469,""close"",EDATE(TODAY(),-24),TODAY()),2,2),"""")","=IFERROR(INDEX(GOOGLEFINANCE(B469,""close"",EDATE(TODAY(),-36),TODAY()),2,2),"""")","=IFERROR(INDEX(GOOGLEFINANCE(B469,""close"",EDATE(TODAY(),-60),TODAY()),2,2),"""")","=IFERROR(INDEX(GOOGLEFINANCE(B469,""close"",DATE(1970,1,1),TODAY()),2,2),"""")"
VRSN,VRSN,Verisign,Information Technology,"=IFERROR(GOOGLEFINANCE(B470,""price""),"""")","=IFERROR(GOOGLEFINANCE(B470,""marketcap""),"""")","=IFERROR(GOOGLEFINANCE(B470,""volume""),"""")","=IFERROR(INDEX(GOOGLEFINANCE(B470,""close"",WORKDAY(TODAY(),-1),TODAY()),2,2),"""")","=IFERROR(INDEX(GOOGLEFINANCE(B470,""close"",WORKDAY(TODAY(),-5),TODAY()),2,2),"""")","=IFERROR(INDEX(GOOGLEFINANCE(B470,""close"",EDATE(TODAY(),-1),TODAY()),2,2),"""")","=IFERROR(INDEX(GOOGLEFINANCE(B470,""close"",EDATE(TODAY(),-3),TODAY()),2,2),"""")","=IFERROR(INDEX(GOOGLEFINANCE(B470,""close"",EDATE(TODAY(),-12),TODAY()),2,2),"""")","=IFERROR(INDEX(GOOGLEFINANCE(B470,""close"",EDATE(TODAY(),-24),TODAY()),2,2),"""")","=IFERROR(INDEX(GOOGLEFINANCE(B470,""close"",EDATE(TODAY(),-36),TODAY()),2,2),"""")","=IFERROR(INDEX(GOOGLEFINANCE(B470,""close"",EDATE(TODAY(),-60),TODAY()),2,2),"""")","=IFERROR(INDEX(GOOGLEFINANCE(B470,""close"",DATE(1970,1,1),TODAY()),2,2),"""")"
VRSK,VRSK,Verisk Analytics,Industrials,"=IFERROR(GOOGLEFINANCE(B471,""price""),"""")","=IFERROR(GOOGLEFINANCE(B471,""marketcap""),"""")","=IFERROR(GOOGLEFINANCE(B471,""volume""),"""")","=IFERROR(INDEX(GOOGLEFINANCE(B471,""close"",WORKDAY(TODAY(),-1),TODAY()),2,2),"""")","=IFERROR(INDEX(GOOGLEFINANCE(B471,""close"",WORKDAY(TODAY(),-5),TODAY()),2,2),"""")","=IFERROR(INDEX(GOOGLEFINANCE(B471,""close"",EDATE(TODAY(),-1),TODAY()),2,2),"""")","=IFERROR(INDEX(GOOGLEFINANCE(B471,""close"",EDATE(TODAY(),-3),TODAY()),2,2),"""")","=IFERROR(INDEX(GOOGLEFINANCE(B471,""close"",EDATE(TODAY(),-12),TODAY()),2,2),"""")","=IFERROR(INDEX(GOOGLEFINANCE(B471,""close"",EDATE(TODAY(),-24),TODAY()),2,2),"""")","=IFERROR(INDEX(GOOGLEFINANCE(B471,""close"",EDATE(TODAY(),-36),TODAY()),2,2),"""")","=IFERROR(INDEX(GOOGLEFINANCE(B471,""close"",EDATE(TODAY(),-60),TODAY()),2,2),"""")","=IFERROR(INDEX(GOOGLEFINANCE(B471,""close"",DATE(1970,1,1),TODAY()),2,2),"""")"
VZ,VZ,Verizon,Communication Services,"=IFERROR(GOOGLEFINANCE(B472,""price""),"""")","=IFERROR(GOOGLEFINANCE(B472,""marketcap""),"""")","=IFERROR(GOOGLEFINANCE(B472,""volume""),"""")","=IFERROR(INDEX(GOOGLEFINANCE(B472,""close"",WORKDAY(TODAY(),-1),TODAY()),2,2),"""")","=IFERROR(INDEX(GOOGLEFINANCE(B472,""close"",WORKDAY(TODAY(),-5),TODAY()),2,2),"""")","=IFERROR(INDEX(GOOGLEFINANCE(B472,""close"",EDATE(TODAY(),-1),TODAY()),2,2),"""")","=IFERROR(INDEX(GOOGLEFINANCE(B472,""close"",EDATE(TODAY(),-3),TODAY()),2,2),"""")","=IFERROR(INDEX(GOOGLEFINANCE(B472,""close"",EDATE(TODAY(),-12),TODAY()),2,2),"""")","=IFERROR(INDEX(GOOGLEFINANCE(B472,""close"",EDATE(TODAY(),-24),TODAY()),2,2),"""")","=IFERROR(INDEX(GOOGLEFINANCE(B472,""close"",EDATE(TODAY(),-36),TODAY()),2,2),"""")","=IFERROR(INDEX(GOOGLEFINANCE(B472,""close"",EDATE(TODAY(),-60),TODAY()),2,2),"""")","=IFERROR(INDEX(GOOGLEFINANCE(B472,""close"",DATE(1970,1,1),TODAY()),2,2),"""")"
VRTX,VRTX,Vertex Pharmaceuticals,Health Care,"=IFERROR(GOOGLEFINANCE(B473,""price""),"""")","=IFERROR(GOOGLEFINANCE(B473,""marketcap""),"""")","=IFERROR(GOOGLEFINANCE(B473,""volume""),"""")","=IFERROR(INDEX(GOOGLEFINANCE(B473,""close"",WORKDAY(TODAY(),-1),TODAY()),2,2),"""")","=IFERROR(INDEX(GOOGLEFINANCE(B473,""close"",WORKDAY(TODAY(),-5),TODAY()),2,2),"""")","=IFERROR(INDEX(GOOGLEFINANCE(B473,""close"",EDATE(TODAY(),-1),TODAY()),2,2),"""")","=IFERROR(INDEX(GOOGLEFINANCE(B473,""close"",EDATE(TODAY(),-3),TODAY()),2,2),"""")","=IFERROR(INDEX(GOOGLEFINANCE(B473,""close"",EDATE(TODAY(),-12),TODAY()),2,2),"""")","=IFERROR(INDEX(GOOGLEFINANCE(B473,""close"",EDATE(TODAY(),-24),TODAY()),2,2),"""")","=IFERROR(INDEX(GOOGLEFINANCE(B473,""close"",EDATE(TODAY(),-36),TODAY()),2,2),"""")","=IFERROR(INDEX(GOOGLEFINANCE(B473,""close"",EDATE(TODAY(),-60),TODAY()),2,2),"""")","=IFERROR(INDEX(GOOGLEFINANCE(B473,""close"",DATE(1970,1,1),TODAY()),2,2),"""")"
VRT,VRT,Vertiv,Industrials,"=IFERROR(GOOGLEFINANCE(B474,""price""),"""")","=IFERROR(GOOGLEFINANCE(B474,""marketcap""),"""")","=IFERROR(GOOGLEFINANCE(B474,""volume""),"""")","=IFERROR(INDEX(GOOGLEFINANCE(B474,""close"",WORKDAY(TODAY(),-1),TODAY()),2,2),"""")","=IFERROR(INDEX(GOOGLEFINANCE(B474,""close"",WORKDAY(TODAY(),-5),TODAY()),2,2),"""")","=IFERROR(INDEX(GOOGLEFINANCE(B474,""close"",EDATE(TODAY(),-1),TODAY()),2,2),"""")","=IFERROR(INDEX(GOOGLEFINANCE(B474,""close"",EDATE(TODAY(),-3),TODAY()),2,2),"""")","=IFERROR(INDEX(GOOGLEFINANCE(B474,""close"",EDATE(TODAY(),-12),TODAY()),2,2),"""")","=IFERROR(INDEX(GOOGLEFINANCE(B474,""close"",EDATE(TODAY(),-24),TODAY()),2,2),"""")","=IFERROR(INDEX(GOOGLEFINANCE(B474,""close"",EDATE(TODAY(),-36),TODAY()),2,2),"""")","=IFERROR(INDEX(GOOGLEFINANCE(B474,""close"",EDATE(TODAY(),-60),TODAY()),2,2),"""")","=IFERROR(INDEX(GOOGLEFINANCE(B474,""close"",DATE(1970,1,1),TODAY()),2,2),"""")"
VTRS,VTRS,Viatris,Health Care,"=IFERROR(GOOGLEFINANCE(B475,""price""),"""")","=IFERROR(GOOGLEFINANCE(B475,""marketcap""),"""")","=IFERROR(GOOGLEFINANCE(B475,""volume""),"""")","=IFERROR(INDEX(GOOGLEFINANCE(B475,""close"",WORKDAY(TODAY(),-1),TODAY()),2,2),"""")","=IFERROR(INDEX(GOOGLEFINANCE(B475,""close"",WORKDAY(TODAY(),-5),TODAY()),2,2),"""")","=IFERROR(INDEX(GOOGLEFINANCE(B475,""close"",EDATE(TODAY(),-1),TODAY()),2,2),"""")","=IFERROR(INDEX(GOOGLEFINANCE(B475,""close"",EDATE(TODAY(),-3),TODAY()),2,2),"""")","=IFERROR(INDEX(GOOGLEFINANCE(B475,""close"",EDATE(TODAY(),-12),TODAY()),2,2),"""")","=IFERROR(INDEX(GOOGLEFINANCE(B475,""close"",EDATE(TODAY(),-24),TODAY()),2,2),"""")","=IFERROR(INDEX(GOOGLEFINANCE(B475,""close"",EDATE(TODAY(),-36),TODAY()),2,2),"""")","=IFERROR(INDEX(GOOGLEFINANCE(B475,""close"",EDATE(TODAY(),-60),TODAY()),2,2),"""")","=IFERROR(INDEX(GOOGLEFINANCE(B475,""close"",DATE(1970,1,1),TODAY()),2,2),"""")"
VICI,VICI,Vici Properties,Real Estate,"=IFERROR(GOOGLEFINANCE(B476,""price""),"""")","=IFERROR(GOOGLEFINANCE(B476,""marketcap""),"""")","=IFERROR(GOOGLEFINANCE(B476,""volume""),"""")","=IFERROR(INDEX(GOOGLEFINANCE(B476,""close"",WORKDAY(TODAY(),-1),TODAY()),2,2),"""")","=IFERROR(INDEX(GOOGLEFINANCE(B476,""close"",WORKDAY(TODAY(),-5),TODAY()),2,2),"""")","=IFERROR(INDEX(GOOGLEFINANCE(B476,""close"",EDATE(TODAY(),-1),TODAY()),2,2),"""")","=IFERROR(INDEX(GOOGLEFINANCE(B476,""close"",EDATE(TODAY(),-3),TODAY()),2,2),"""")","=IFERROR(INDEX(GOOGLEFINANCE(B476,""close"",EDATE(TODAY(),-12),TODAY()),2,2),"""")","=IFERROR(INDEX(GOOGLEFINANCE(B476,""close"",EDATE(TODAY(),-24),TODAY()),2,2),"""")","=IFERROR(INDEX(GOOGLEFINANCE(B476,""close"",EDATE(TODAY(),-36),TODAY()),2,2),"""")","=IFERROR(INDEX(GOOGLEFINANCE(B476,""close"",EDATE(TODAY(),-60),TODAY()),2,2),"""")","=IFERROR(INDEX(GOOGLEFINANCE(B476,""close"",DATE(1970,1,1),TODAY()),2,2),"""")"
V,V,Visa Inc.,Financials,"=IFERROR(GOOGLEFINANCE(B477,""price""),"""")","=IFERROR(GOOGLEFINANCE(B477,""marketcap""),"""")","=IFERROR(GOOGLEFINANCE(B477,""volume""),"""")","=IFERROR(INDEX(GOOGLEFINANCE(B477,""close"",WORKDAY(TODAY(),-1),TODAY()),2,2),"""")","=IFERROR(INDEX(GOOGLEFINANCE(B477,""close"",WORKDAY(TODAY(),-5),TODAY()),2,2),"""")","=IFERROR(INDEX(GOOGLEFINANCE(B477,""close"",EDATE(TODAY(),-1),TODAY()),2,2),"""")","=IFERROR(INDEX(GOOGLEFINANCE(B477,""close"",EDATE(TODAY(),-3),TODAY()),2,2),"""")","=IFERROR(INDEX(GOOGLEFINANCE(B477,""close"",EDATE(TODAY(),-12),TODAY()),2,2),"""")","=IFERROR(INDEX(GOOGLEFINANCE(B477,""close"",EDATE(TODAY(),-24),TODAY()),2,2),"""")","=IFERROR(INDEX(GOOGLEFINANCE(B477,""close"",EDATE(TODAY(),-36),TODAY()),2,2),"""")","=IFERROR(INDEX(GOOGLEFINANCE(B477,""close"",EDATE(TODAY(),-60),TODAY()),2,2),"""")","=IFERROR(INDEX(GOOGLEFINANCE(B477,""close"",DATE(1970,1,1),TODAY()),2,2),"""")"
VST,VST,Vistra Corp.,Utilities,"=IFERROR(GOOGLEFINANCE(B478,""price""),"""")","=IFERROR(GOOGLEFINANCE(B478,""marketcap""),"""")","=IFERROR(GOOGLEFINANCE(B478,""volume""),"""")","=IFERROR(INDEX(GOOGLEFINANCE(B478,""close"",WORKDAY(TODAY(),-1),TODAY()),2,2),"""")","=IFERROR(INDEX(GOOGLEFINANCE(B478,""close"",WORKDAY(TODAY(),-5),TODAY()),2,2),"""")","=IFERROR(INDEX(GOOGLEFINANCE(B478,""close"",EDATE(TODAY(),-1),TODAY()),2,2),"""")","=IFERROR(INDEX(GOOGLEFINANCE(B478,""close"",EDATE(TODAY(),-3),TODAY()),2,2),"""")","=IFERROR(INDEX(GOOGLEFINANCE(B478,""close"",EDATE(TODAY(),-12),TODAY()),2,2),"""")","=IFERROR(INDEX(GOOGLEFINANCE(B478,""close"",EDATE(TODAY(),-24),TODAY()),2,2),"""")","=IFERROR(INDEX(GOOGLEFINANCE(B478,""close"",EDATE(TODAY(),-36),TODAY()),2,2),"""")","=IFERROR(INDEX(GOOGLEFINANCE(B478,""close"",EDATE(TODAY(),-60),TODAY()),2,2),"""")","=IFERROR(INDEX(GOOGLEFINANCE(B478,""close"",DATE(1970,1,1),TODAY()),2,2),"""")"
VMC,VMC,Vulcan Materials Company,Materials,"=IFERROR(GOOGLEFINANCE(B479,""price""),"""")","=IFERROR(GOOGLEFINANCE(B479,""marketcap""),"""")","=IFERROR(GOOGLEFINANCE(B479,""volume""),"""")","=IFERROR(INDEX(GOOGLEFINANCE(B479,""close"",WORKDAY(TODAY(),-1),TODAY()),2,2),"""")","=IFERROR(INDEX(GOOGLEFINANCE(B479,""close"",WORKDAY(TODAY(),-5),TODAY()),2,2),"""")","=IFERROR(INDEX(GOOGLEFINANCE(B479,""close"",EDATE(TODAY(),-1),TODAY()),2,2),"""")","=IFERROR(INDEX(GOOGLEFINANCE(B479,""close"",EDATE(TODAY(),-3),TODAY()),2,2),"""")","=IFERROR(INDEX(GOOGLEFINANCE(B479,""close"",EDATE(TODAY(),-12),TODAY()),2,2),"""")","=IFERROR(INDEX(GOOGLEFINANCE(B479,""close"",EDATE(TODAY(),-24),TODAY()),2,2),"""")","=IFERROR(INDEX(GOOGLEFINANCE(B479,""close"",EDATE(TODAY(),-36),TODAY()),2,2),"""")","=IFERROR(INDEX(GOOGLEFINANCE(B479,""close"",EDATE(TODAY(),-60),TODAY()),2,2),"""")","=IFERROR(INDEX(GOOGLEFINANCE(B479,""close"",DATE(1970,1,1),TODAY()),2,2),"""")"
WRB,WRB,W. R. Berkley Corporation,Financials,"=IFERROR(GOOGLEFINANCE(B480,""price""),"""")","=IFERROR(GOOGLEFINANCE(B480,""marketcap""),"""")","=IFERROR(GOOGLEFINANCE(B480,""volume""),"""")","=IFERROR(INDEX(GOOGLEFINANCE(B480,""close"",WORKDAY(TODAY(),-1),TODAY()),2,2),"""")","=IFERROR(INDEX(GOOGLEFINANCE(B480,""close"",WORKDAY(TODAY(),-5),TODAY()),2,2),"""")","=IFERROR(INDEX(GOOGLEFINANCE(B480,""close"",EDATE(TODAY(),-1),TODAY()),2,2),"""")","=IFERROR(INDEX(GOOGLEFINANCE(B480,""close"",EDATE(TODAY(),-3),TODAY()),2,2),"""")","=IFERROR(INDEX(GOOGLEFINANCE(B480,""close"",EDATE(TODAY(),-12),TODAY()),2,2),"""")","=IFERROR(INDEX(GOOGLEFINANCE(B480,""close"",EDATE(TODAY(),-24),TODAY()),2,2),"""")","=IFERROR(INDEX(GOOGLEFINANCE(B480,""close"",EDATE(TODAY(),-36),TODAY()),2,2),"""")","=IFERROR(INDEX(GOOGLEFINANCE(B480,""close"",EDATE(TODAY(),-60),TODAY()),2,2),"""")","=IFERROR(INDEX(GOOGLEFINANCE(B480,""close"",DATE(1970,1,1),TODAY()),2,2),"""")"
GWW,GWW,W. W. Grainger,Industrials,"=IFERROR(GOOGLEFINANCE(B481,""price""),"""")","=IFERROR(GOOGLEFINANCE(B481,""marketcap""),"""")","=IFERROR(GOOGLEFINANCE(B481,""volume""),"""")","=IFERROR(INDEX(GOOGLEFINANCE(B481,""close"",WORKDAY(TODAY(),-1),TODAY()),2,2),"""")","=IFERROR(INDEX(GOOGLEFINANCE(B481,""close"",WORKDAY(TODAY(),-5),TODAY()),2,2),"""")","=IFERROR(INDEX(GOOGLEFINANCE(B481,""close"",EDATE(TODAY(),-1),TODAY()),2,2),"""")","=IFERROR(INDEX(GOOGLEFINANCE(B481,""close"",EDATE(TODAY(),-3),TODAY()),2,2),"""")","=IFERROR(INDEX(GOOGLEFINANCE(B481,""close"",EDATE(TODAY(),-12),TODAY()),2,2),"""")","=IFERROR(INDEX(GOOGLEFINANCE(B481,""close"",EDATE(TODAY(),-24),TODAY()),2,2),"""")","=IFERROR(INDEX(GOOGLEFINANCE(B481,""close"",EDATE(TODAY(),-36),TODAY()),2,2),"""")","=IFERROR(INDEX(GOOGLEFINANCE(B481,""close"",EDATE(TODAY(),-60),TODAY()),2,2),"""")","=IFERROR(INDEX(GOOGLEFINANCE(B481,""close"",DATE(1970,1,1),TODAY()),2,2),"""")"
WAB,WAB,Wabtec,Industrials,"=IFERROR(GOOGLEFINANCE(B482,""price""),"""")","=IFERROR(GOOGLEFINANCE(B482,""marketcap""),"""")","=IFERROR(GOOGLEFINANCE(B482,""volume""),"""")","=IFERROR(INDEX(GOOGLEFINANCE(B482,""close"",WORKDAY(TODAY(),-1),TODAY()),2,2),"""")","=IFERROR(INDEX(GOOGLEFINANCE(B482,""close"",WORKDAY(TODAY(),-5),TODAY()),2,2),"""")","=IFERROR(INDEX(GOOGLEFINANCE(B482,""close"",EDATE(TODAY(),-1),TODAY()),2,2),"""")","=IFERROR(INDEX(GOOGLEFINANCE(B482,""close"",EDATE(TODAY(),-3),TODAY()),2,2),"""")","=IFERROR(INDEX(GOOGLEFINANCE(B482,""close"",EDATE(TODAY(),-12),TODAY()),2,2),"""")","=IFERROR(INDEX(GOOGLEFINANCE(B482,""close"",EDATE(TODAY(),-24),TODAY()),2,2),"""")","=IFERROR(INDEX(GOOGLEFINANCE(B482,""close"",EDATE(TODAY(),-36),TODAY()),2,2),"""")","=IFERROR(INDEX(GOOGLEFINANCE(B482,""close"",EDATE(TODAY(),-60),TODAY()),2,2),"""")","=IFERROR(INDEX(GOOGLEFINANCE(B482,""close"",DATE(1970,1,1),TODAY()),2,2),"""")"
WMT,WMT,Walmart,Consumer Staples,"=IFERROR(GOOGLEFINANCE(B483,""price""),"""")","=IFERROR(GOOGLEFINANCE(B483,""marketcap""),"""")","=IFERROR(GOOGLEFINANCE(B483,""volume""),"""")","=IFERROR(INDEX(GOOGLEFINANCE(B483,""close"",WORKDAY(TODAY(),-1),TODAY()),2,2),"""")","=IFERROR(INDEX(GOOGLEFINANCE(B483,""close"",WORKDAY(TODAY(),-5),TODAY()),2,2),"""")","=IFERROR(INDEX(GOOGLEFINANCE(B483,""close"",EDATE(TODAY(),-1),TODAY()),2,2),"""")","=IFERROR(INDEX(GOOGLEFINANCE(B483,""close"",EDATE(TODAY(),-3),TODAY()),2,2),"""")","=IFERROR(INDEX(GOOGLEFINANCE(B483,""close"",EDATE(TODAY(),-12),TODAY()),2,2),"""")","=IFERROR(INDEX(GOOGLEFINANCE(B483,""close"",EDATE(TODAY(),-24),TODAY()),2,2),"""")","=IFERROR(INDEX(GOOGLEFINANCE(B483,""close"",EDATE(TODAY(),-36),TODAY()),2,2),"""")","=IFERROR(INDEX(GOOGLEFINANCE(B483,""close"",EDATE(TODAY(),-60),TODAY()),2,2),"""")","=IFERROR(INDEX(GOOGLEFINANCE(B483,""close"",DATE(1970,1,1),TODAY()),2,2),"""")"
DIS,DIS,Walt Disney Company (The),Communication Services,"=IFERROR(GOOGLEFINANCE(B484,""price""),"""")","=IFERROR(GOOGLEFINANCE(B484,""marketcap""),"""")","=IFERROR(GOOGLEFINANCE(B484,""volume""),"""")","=IFERROR(INDEX(GOOGLEFINANCE(B484,""close"",WORKDAY(TODAY(),-1),TODAY()),2,2),"""")","=IFERROR(INDEX(GOOGLEFINANCE(B484,""close"",WORKDAY(TODAY(),-5),TODAY()),2,2),"""")","=IFERROR(INDEX(GOOGLEFINANCE(B484,""close"",EDATE(TODAY(),-1),TODAY()),2,2),"""")","=IFERROR(INDEX(GOOGLEFINANCE(B484,""close"",EDATE(TODAY(),-3),TODAY()),2,2),"""")","=IFERROR(INDEX(GOOGLEFINANCE(B484,""close"",EDATE(TODAY(),-12),TODAY()),2,2),"""")","=IFERROR(INDEX(GOOGLEFINANCE(B484,""close"",EDATE(TODAY(),-24),TODAY()),2,2),"""")","=IFERROR(INDEX(GOOGLEFINANCE(B484,""close"",EDATE(TODAY(),-36),TODAY()),2,2),"""")","=IFERROR(INDEX(GOOGLEFINANCE(B484,""close"",EDATE(TODAY(),-60),TODAY()),2,2),"""")","=IFERROR(INDEX(GOOGLEFINANCE(B484,""close"",DATE(1970,1,1),TODAY()),2,2),"""")"
WBD,WBD,Warner Bros. Discovery,Communication Services,"=IFERROR(GOOGLEFINANCE(B485,""price""),"""")","=IFERROR(GOOGLEFINANCE(B485,""marketcap""),"""")","=IFERROR(GOOGLEFINANCE(B485,""volume""),"""")","=IFERROR(INDEX(GOOGLEFINANCE(B485,""close"",WORKDAY(TODAY(),-1),TODAY()),2,2),"""")","=IFERROR(INDEX(GOOGLEFINANCE(B485,""close"",WORKDAY(TODAY(),-5),TODAY()),2,2),"""")","=IFERROR(INDEX(GOOGLEFINANCE(B485,""close"",EDATE(TODAY(),-1),TODAY()),2,2),"""")","=IFERROR(INDEX(GOOGLEFINANCE(B485,""close"",EDATE(TODAY(),-3),TODAY()),2,2),"""")","=IFERROR(INDEX(GOOGLEFINANCE(B485,""close"",EDATE(TODAY(),-12),TODAY()),2,2),"""")","=IFERROR(INDEX(GOOGLEFINANCE(B485,""close"",EDATE(TODAY(),-24),TODAY()),2,2),"""")","=IFERROR(INDEX(GOOGLEFINANCE(B485,""close"",EDATE(TODAY(),-36),TODAY()),2,2),"""")","=IFERROR(INDEX(GOOGLEFINANCE(B485,""close"",EDATE(TODAY(),-60),TODAY()),2,2),"""")","=IFERROR(INDEX(GOOGLEFINANCE(B485,""close"",DATE(1970,1,1),TODAY()),2,2),"""")"
WM,WM,Waste Management,Industrials,"=IFERROR(GOOGLEFINANCE(B486,""price""),"""")","=IFERROR(GOOGLEFINANCE(B486,""marketcap""),"""")","=IFERROR(GOOGLEFINANCE(B486,""volume""),"""")","=IFERROR(INDEX(GOOGLEFINANCE(B486,""close"",WORKDAY(TODAY(),-1),TODAY()),2,2),"""")","=IFERROR(INDEX(GOOGLEFINANCE(B486,""close"",WORKDAY(TODAY(),-5),TODAY()),2,2),"""")","=IFERROR(INDEX(GOOGLEFINANCE(B486,""close"",EDATE(TODAY(),-1),TODAY()),2,2),"""")","=IFERROR(INDEX(GOOGLEFINANCE(B486,""close"",EDATE(TODAY(),-3),TODAY()),2,2),"""")","=IFERROR(INDEX(GOOGLEFINANCE(B486,""close"",EDATE(TODAY(),-12),TODAY()),2,2),"""")","=IFERROR(INDEX(GOOGLEFINANCE(B486,""close"",EDATE(TODAY(),-24),TODAY()),2,2),"""")","=IFERROR(INDEX(GOOGLEFINANCE(B486,""close"",EDATE(TODAY(),-36),TODAY()),2,2),"""")","=IFERROR(INDEX(GOOGLEFINANCE(B486,""close"",EDATE(TODAY(),-60),TODAY()),2,2),"""")","=IFERROR(INDEX(GOOGLEFINANCE(B486,""close"",DATE(1970,1,1),TODAY()),2,2),"""")"
WAT,WAT,Waters Corporation,Health Care,"=IFERROR(GOOGLEFINANCE(B487,""price""),"""")","=IFERROR(GOOGLEFINANCE(B487,""marketcap""),"""")","=IFERROR(GOOGLEFINANCE(B487,""volume""),"""")","=IFERROR(INDEX(GOOGLEFINANCE(B487,""close"",WORKDAY(TODAY(),-1),TODAY()),2,2),"""")","=IFERROR(INDEX(GOOGLEFINANCE(B487,""close"",WORKDAY(TODAY(),-5),TODAY()),2,2),"""")","=IFERROR(INDEX(GOOGLEFINANCE(B487,""close"",EDATE(TODAY(),-1),TODAY()),2,2),"""")","=IFERROR(INDEX(GOOGLEFINANCE(B487,""close"",EDATE(TODAY(),-3),TODAY()),2,2),"""")","=IFERROR(INDEX(GOOGLEFINANCE(B487,""close"",EDATE(TODAY(),-12),TODAY()),2,2),"""")","=IFERROR(INDEX(GOOGLEFINANCE(B487,""close"",EDATE(TODAY(),-24),TODAY()),2,2),"""")","=IFERROR(INDEX(GOOGLEFINANCE(B487,""close"",EDATE(TODAY(),-36),TODAY()),2,2),"""")","=IFERROR(INDEX(GOOGLEFINANCE(B487,""close"",EDATE(TODAY(),-60),TODAY()),2,2),"""")","=IFERROR(INDEX(GOOGLEFINANCE(B487,""close"",DATE(1970,1,1),TODAY()),2,2),"""")"
WEC,WEC,WEC Energy Group,Utilities,"=IFERROR(GOOGLEFINANCE(B488,""price""),"""")","=IFERROR(GOOGLEFINANCE(B488,""marketcap""),"""")","=IFERROR(GOOGLEFINANCE(B488,""volume""),"""")","=IFERROR(INDEX(GOOGLEFINANCE(B488,""close"",WORKDAY(TODAY(),-1),TODAY()),2,2),"""")","=IFERROR(INDEX(GOOGLEFINANCE(B488,""close"",WORKDAY(TODAY(),-5),TODAY()),2,2),"""")","=IFERROR(INDEX(GOOGLEFINANCE(B488,""close"",EDATE(TODAY(),-1),TODAY()),2,2),"""")","=IFERROR(INDEX(GOOGLEFINANCE(B488,""close"",EDATE(TODAY(),-3),TODAY()),2,2),"""")","=IFERROR(INDEX(GOOGLEFINANCE(B488,""close"",EDATE(TODAY(),-12),TODAY()),2,2),"""")","=IFERROR(INDEX(GOOGLEFINANCE(B488,""close"",EDATE(TODAY(),-24),TODAY()),2,2),"""")","=IFERROR(INDEX(GOOGLEFINANCE(B488,""close"",EDATE(TODAY(),-36),TODAY()),2,2),"""")","=IFERROR(INDEX(GOOGLEFINANCE(B488,""close"",EDATE(TODAY(),-60),TODAY()),2,2),"""")","=IFERROR(INDEX(GOOGLEFINANCE(B488,""close"",DATE(1970,1,1),TODAY()),2,2),"""")"
WFC,WFC,Wells Fargo,Financials,"=IFERROR(GOOGLEFINANCE(B489,""price""),"""")","=IFERROR(GOOGLEFINANCE(B489,""marketcap""),"""")","=IFERROR(GOOGLEFINANCE(B489,""volume""),"""")","=IFERROR(INDEX(GOOGLEFINANCE(B489,""close"",WORKDAY(TODAY(),-1),TODAY()),2,2),"""")","=IFERROR(INDEX(GOOGLEFINANCE(B489,""close"",WORKDAY(TODAY(),-5),TODAY()),2,2),"""")","=IFERROR(INDEX(GOOGLEFINANCE(B489,""close"",EDATE(TODAY(),-1),TODAY()),2,2),"""")","=IFERROR(INDEX(GOOGLEFINANCE(B489,""close"",EDATE(TODAY(),-3),TODAY()),2,2),"""")","=IFERROR(INDEX(GOOGLEFINANCE(B489,""close"",EDATE(TODAY(),-12),TODAY()),2,2),"""")","=IFERROR(INDEX(GOOGLEFINANCE(B489,""close"",EDATE(TODAY(),-24),TODAY()),2,2),"""")","=IFERROR(INDEX(GOOGLEFINANCE(B489,""close"",EDATE(TODAY(),-36),TODAY()),2,2),"""")","=IFERROR(INDEX(GOOGLEFINANCE(B489,""close"",EDATE(TODAY(),-60),TODAY()),2,2),"""")","=IFERROR(INDEX(GOOGLEFINANCE(B489,""close"",DATE(1970,1,1),TODAY()),2,2),"""")"
WELL,WELL,Welltower,Real Estate,"=IFERROR(GOOGLEFINANCE(B490,""price""),"""")","=IFERROR(GOOGLEFINANCE(B490,""marketcap""),"""")","=IFERROR(GOOGLEFINANCE(B490,""volume""),"""")","=IFERROR(INDEX(GOOGLEFINANCE(B490,""close"",WORKDAY(TODAY(),-1),TODAY()),2,2),"""")","=IFERROR(INDEX(GOOGLEFINANCE(B490,""close"",WORKDAY(TODAY(),-5),TODAY()),2,2),"""")","=IFERROR(INDEX(GOOGLEFINANCE(B490,""close"",EDATE(TODAY(),-1),TODAY()),2,2),"""")","=IFERROR(INDEX(GOOGLEFINANCE(B490,""close"",EDATE(TODAY(),-3),TODAY()),2,2),"""")","=IFERROR(INDEX(GOOGLEFINANCE(B490,""close"",EDATE(TODAY(),-12),TODAY()),2,2),"""")","=IFERROR(INDEX(GOOGLEFINANCE(B490,""close"",EDATE(TODAY(),-24),TODAY()),2,2),"""")","=IFERROR(INDEX(GOOGLEFINANCE(B490,""close"",EDATE(TODAY(),-36),TODAY()),2,2),"""")","=IFERROR(INDEX(GOOGLEFINANCE(B490,""close"",EDATE(TODAY(),-60),TODAY()),2,2),"""")","=IFERROR(INDEX(GOOGLEFINANCE(B490,""close"",DATE(1970,1,1),TODAY()),2,2),"""")"
WST,WST,West Pharmaceutical Services,Health Care,"=IFERROR(GOOGLEFINANCE(B491,""price""),"""")","=IFERROR(GOOGLEFINANCE(B491,""marketcap""),"""")","=IFERROR(GOOGLEFINANCE(B491,""volume""),"""")","=IFERROR(INDEX(GOOGLEFINANCE(B491,""close"",WORKDAY(TODAY(),-1),TODAY()),2,2),"""")","=IFERROR(INDEX(GOOGLEFINANCE(B491,""close"",WORKDAY(TODAY(),-5),TODAY()),2,2),"""")","=IFERROR(INDEX(GOOGLEFINANCE(B491,""close"",EDATE(TODAY(),-1),TODAY()),2,2),"""")","=IFERROR(INDEX(GOOGLEFINANCE(B491,""close"",EDATE(TODAY(),-3),TODAY()),2,2),"""")","=IFERROR(INDEX(GOOGLEFINANCE(B491,""close"",EDATE(TODAY(),-12),TODAY()),2,2),"""")","=IFERROR(INDEX(GOOGLEFINANCE(B491,""close"",EDATE(TODAY(),-24),TODAY()),2,2),"""")","=IFERROR(INDEX(GOOGLEFINANCE(B491,""close"",EDATE(TODAY(),-36),TODAY()),2,2),"""")","=IFERROR(INDEX(GOOGLEFINANCE(B491,""close"",EDATE(TODAY(),-60),TODAY()),2,2),"""")","=IFERROR(INDEX(GOOGLEFINANCE(B491,""close"",DATE(1970,1,1),TODAY()),2,2),"""")"
WDC,WDC,Western Digital,Information Technology,"=IFERROR(GOOGLEFINANCE(B492,""price""),"""")","=IFERROR(GOOGLEFINANCE(B492,""marketcap""),"""")","=IFERROR(GOOGLEFINANCE(B492,""volume""),"""")","=IFERROR(INDEX(GOOGLEFINANCE(B492,""close"",WORKDAY(TODAY(),-1),TODAY()),2,2),"""")","=IFERROR(INDEX(GOOGLEFINANCE(B492,""close"",WORKDAY(TODAY(),-5),TODAY()),2,2),"""")","=IFERROR(INDEX(GOOGLEFINANCE(B492,""close"",EDATE(TODAY(),-1),TODAY()),2,2),"""")","=IFERROR(INDEX(GOOGLEFINANCE(B492,""close"",EDATE(TODAY(),-3),TODAY()),2,2),"""")","=IFERROR(INDEX(GOOGLEFINANCE(B492,""close"",EDATE(TODAY(),-12),TODAY()),2,2),"""")","=IFERROR(INDEX(GOOGLEFINANCE(B492,""close"",EDATE(TODAY(),-24),TODAY()),2,2),"""")","=IFERROR(INDEX(GOOGLEFINANCE(B492,""close"",EDATE(TODAY(),-36),TODAY()),2,2),"""")","=IFERROR(INDEX(GOOGLEFINANCE(B492,""close"",EDATE(TODAY(),-60),TODAY()),2,2),"""")","=IFERROR(INDEX(GOOGLEFINANCE(B492,""close"",DATE(1970,1,1),TODAY()),2,2),"""")"
WY,WY,Weyerhaeuser,Real Estate,"=IFERROR(GOOGLEFINANCE(B493,""price""),"""")","=IFERROR(GOOGLEFINANCE(B493,""marketcap""),"""")","=IFERROR(GOOGLEFINANCE(B493,""volume""),"""")","=IFERROR(INDEX(GOOGLEFINANCE(B493,""close"",WORKDAY(TODAY(),-1),TODAY()),2,2),"""")","=IFERROR(INDEX(GOOGLEFINANCE(B493,""close"",WORKDAY(TODAY(),-5),TODAY()),2,2),"""")","=IFERROR(INDEX(GOOGLEFINANCE(B493,""close"",EDATE(TODAY(),-1),TODAY()),2,2),"""")","=IFERROR(INDEX(GOOGLEFINANCE(B493,""close"",EDATE(TODAY(),-3),TODAY()),2,2),"""")","=IFERROR(INDEX(GOOGLEFINANCE(B493,""close"",EDATE(TODAY(),-12),TODAY()),2,2),"""")","=IFERROR(INDEX(GOOGLEFINANCE(B493,""close"",EDATE(TODAY(),-24),TODAY()),2,2),"""")","=IFERROR(INDEX(GOOGLEFINANCE(B493,""close"",EDATE(TODAY(),-36),TODAY()),2,2),"""")","=IFERROR(INDEX(GOOGLEFINANCE(B493,""close"",EDATE(TODAY(),-60),TODAY()),2,2),"""")","=IFERROR(INDEX(GOOGLEFINANCE(B493,""close"",DATE(1970,1,1),TODAY()),2,2),"""")"
WSM,WSM,"Williams-Sonoma, Inc.",Consumer Discretionary,"=IFERROR(GOOGLEFINANCE(B494,""price""),"""")","=IFERROR(GOOGLEFINANCE(B494,""marketcap""),"""")","=IFERROR(GOOGLEFINANCE(B494,""volume""),"""")","=IFERROR(INDEX(GOOGLEFINANCE(B494,""close"",WORKDAY(TODAY(),-1),TODAY()),2,2),"""")","=IFERROR(INDEX(GOOGLEFINANCE(B494,""close"",WORKDAY(TODAY(),-5),TODAY()),2,2),"""")","=IFERROR(INDEX(GOOGLEFINANCE(B494,""close"",EDATE(TODAY(),-1),TODAY()),2,2),"""")","=IFERROR(INDEX(GOOGLEFINANCE(B494,""close"",EDATE(TODAY(),-3),TODAY()),2,2),"""")","=IFERROR(INDEX(GOOGLEFINANCE(B494,""close"",EDATE(TODAY(),-12),TODAY()),2,2),"""")","=IFERROR(INDEX(GOOGLEFINANCE(B494,""close"",EDATE(TODAY(),-24),TODAY()),2,2),"""")","=IFERROR(INDEX(GOOGLEFINANCE(B494,""close"",EDATE(TODAY(),-36),TODAY()),2,2),"""")","=IFERROR(INDEX(GOOGLEFINANCE(B494,""close"",EDATE(TODAY(),-60),TODAY()),2,2),"""")","=IFERROR(INDEX(GOOGLEFINANCE(B494,""close"",DATE(1970,1,1),TODAY()),2,2),"""")"
WMB,WMB,Williams Companies,Energy,"=IFERROR(GOOGLEFINANCE(B495,""price""),"""")","=IFERROR(GOOGLEFINANCE(B495,""marketcap""),"""")","=IFERROR(GOOGLEFINANCE(B495,""volume""),"""")","=IFERROR(INDEX(GOOGLEFINANCE(B495,""close"",WORKDAY(TODAY(),-1),TODAY()),2,2),"""")","=IFERROR(INDEX(GOOGLEFINANCE(B495,""close"",WORKDAY(TODAY(),-5),TODAY()),2,2),"""")","=IFERROR(INDEX(GOOGLEFINANCE(B495,""close"",EDATE(TODAY(),-1),TODAY()),2,2),"""")","=IFERROR(INDEX(GOOGLEFINANCE(B495,""close"",EDATE(TODAY(),-3),TODAY()),2,2),"""")","=IFERROR(INDEX(GOOGLEFINANCE(B495,""close"",EDATE(TODAY(),-12),TODAY()),2,2),"""")","=IFERROR(INDEX(GOOGLEFINANCE(B495,""close"",EDATE(TODAY(),-24),TODAY()),2,2),"""")","=IFERROR(INDEX(GOOGLEFINANCE(B495,""close"",EDATE(TODAY(),-36),TODAY()),2,2),"""")","=IFERROR(INDEX(GOOGLEFINANCE(B495,""close"",EDATE(TODAY(),-60),TODAY()),2,2),"""")","=IFERROR(INDEX(GOOGLEFINANCE(B495,""close"",DATE(1970,1,1),TODAY()),2,2),"""")"
WTW,WTW,Willis Towers Watson,Financials,"=IFERROR(GOOGLEFINANCE(B496,""price""),"""")","=IFERROR(GOOGLEFINANCE(B496,""marketcap""),"""")","=IFERROR(GOOGLEFINANCE(B496,""volume""),"""")","=IFERROR(INDEX(GOOGLEFINANCE(B496,""close"",WORKDAY(TODAY(),-1),TODAY()),2,2),"""")","=IFERROR(INDEX(GOOGLEFINANCE(B496,""close"",WORKDAY(TODAY(),-5),TODAY()),2,2),"""")","=IFERROR(INDEX(GOOGLEFINANCE(B496,""close"",EDATE(TODAY(),-1),TODAY()),2,2),"""")","=IFERROR(INDEX(GOOGLEFINANCE(B496,""close"",EDATE(TODAY(),-3),TODAY()),2,2),"""")","=IFERROR(INDEX(GOOGLEFINANCE(B496,""close"",EDATE(TODAY(),-12),TODAY()),2,2),"""")","=IFERROR(INDEX(GOOGLEFINANCE(B496,""close"",EDATE(TODAY(),-24),TODAY()),2,2),"""")","=IFERROR(INDEX(GOOGLEFINANCE(B496,""close"",EDATE(TODAY(),-36),TODAY()),2,2),"""")","=IFERROR(INDEX(GOOGLEFINANCE(B496,""close"",EDATE(TODAY(),-60),TODAY()),2,2),"""")","=IFERROR(INDEX(GOOGLEFINANCE(B496,""close"",DATE(1970,1,1),TODAY()),2,2),"""")"
WDAY,WDAY,"Workday, Inc.",Information Technology,"=IFERROR(GOOGLEFINANCE(B497,""price""),"""")","=IFERROR(GOOGLEFINANCE(B497,""marketcap""),"""")","=IFERROR(GOOGLEFINANCE(B497,""volume""),"""")","=IFERROR(INDEX(GOOGLEFINANCE(B497,""close"",WORKDAY(TODAY(),-1),TODAY()),2,2),"""")","=IFERROR(INDEX(GOOGLEFINANCE(B497,""close"",WORKDAY(TODAY(),-5),TODAY()),2,2),"""")","=IFERROR(INDEX(GOOGLEFINANCE(B497,""close"",EDATE(TODAY(),-1),TODAY()),2,2),"""")","=IFERROR(INDEX(GOOGLEFINANCE(B497,""close"",EDATE(TODAY(),-3),TODAY()),2,2),"""")","=IFERROR(INDEX(GOOGLEFINANCE(B497,""close"",EDATE(TODAY(),-12),TODAY()),2,2),"""")","=IFERROR(INDEX(GOOGLEFINANCE(B497,""close"",EDATE(TODAY(),-24),TODAY()),2,2),"""")","=IFERROR(INDEX(GOOGLEFINANCE(B497,""close"",EDATE(TODAY(),-36),TODAY()),2,2),"""")","=IFERROR(INDEX(GOOGLEFINANCE(B497,""close"",EDATE(TODAY(),-60),TODAY()),2,2),"""")","=IFERROR(INDEX(GOOGLEFINANCE(B497,""close"",DATE(1970,1,1),TODAY()),2,2),"""")"
WYNN,WYNN,Wynn Resorts,Consumer Discretionary,"=IFERROR(GOOGLEFINANCE(B498,""price""),"""")","=IFERROR(GOOGLEFINANCE(B498,""marketcap""),"""")","=IFERROR(GOOGLEFINANCE(B498,""volume""),"""")","=IFERROR(INDEX(GOOGLEFINANCE(B498,""close"",WORKDAY(TODAY(),-1),TODAY()),2,2),"""")","=IFERROR(INDEX(GOOGLEFINANCE(B498,""close"",WORKDAY(TODAY(),-5),TODAY()),2,2),"""")","=IFERROR(INDEX(GOOGLEFINANCE(B498,""close"",EDATE(TODAY(),-1),TODAY()),2,2),"""")","=IFERROR(INDEX(GOOGLEFINANCE(B498,""close"",EDATE(TODAY(),-3),TODAY()),2,2),"""")","=IFERROR(INDEX(GOOGLEFINANCE(B498,""close"",EDATE(TODAY(),-12),TODAY()),2,2),"""")","=IFERROR(INDEX(GOOGLEFINANCE(B498,""close"",EDATE(TODAY(),-24),TODAY()),2,2),"""")","=IFERROR(INDEX(GOOGLEFINANCE(B498,""close"",EDATE(TODAY(),-36),TODAY()),2,2),"""")","=IFERROR(INDEX(GOOGLEFINANCE(B498,""close"",EDATE(TODAY(),-60),TODAY()),2,2),"""")","=IFERROR(INDEX(GOOGLEFINANCE(B498,""close"",DATE(1970,1,1),TODAY()),2,2),"""")"
XEL,XEL,Xcel Energy,Utilities,"=IFERROR(GOOGLEFINANCE(B499,""price""),"""")","=IFERROR(GOOGLEFINANCE(B499,""marketcap""),"""")","=IFERROR(GOOGLEFINANCE(B499,""volume""),"""")","=IFERROR(INDEX(GOOGLEFINANCE(B499,""close"",WORKDAY(TODAY(),-1),TODAY()),2,2),"""")","=IFERROR(INDEX(GOOGLEFINANCE(B499,""close"",WORKDAY(TODAY(),-5),TODAY()),2,2),"""")","=IFERROR(INDEX(GOOGLEFINANCE(B499,""close"",EDATE(TODAY(),-1),TODAY()),2,2),"""")","=IFERROR(INDEX(GOOGLEFINANCE(B499,""close"",EDATE(TODAY(),-3),TODAY()),2,2),"""")","=IFERROR(INDEX(GOOGLEFINANCE(B499,""close"",EDATE(TODAY(),-12),TODAY()),2,2),"""")","=IFERROR(INDEX(GOOGLEFINANCE(B499,""close"",EDATE(TODAY(),-24),TODAY()),2,2),"""")","=IFERROR(INDEX(GOOGLEFINANCE(B499,""close"",EDATE(TODAY(),-36),TODAY()),2,2),"""")","=IFERROR(INDEX(GOOGLEFINANCE(B499,""close"",EDATE(TODAY(),-60),TODAY()),2,2),"""")","=IFERROR(INDEX(GOOGLEFINANCE(B499,""close"",DATE(1970,1,1),TODAY()),2,2),"""")"
XYL,XYL,Xylem Inc.,Industrials,"=IFERROR(GOOGLEFINANCE(B500,""price""),"""")","=IFERROR(GOOGLEFINANCE(B500,""marketcap""),"""")","=IFERROR(GOOGLEFINANCE(B500,""volume""),"""")","=IFERROR(INDEX(GOOGLEFINANCE(B500,""close"",WORKDAY(TODAY(),-1),TODAY()),2,2),"""")","=IFERROR(INDEX(GOOGLEFINANCE(B500,""close"",WORKDAY(TODAY(),-5),TODAY()),2,2),"""")","=IFERROR(INDEX(GOOGLEFINANCE(B500,""close"",EDATE(TODAY(),-1),TODAY()),2,2),"""")","=IFERROR(INDEX(GOOGLEFINANCE(B500,""close"",EDATE(TODAY(),-3),TODAY()),2,2),"""")","=IFERROR(INDEX(GOOGLEFINANCE(B500,""close"",EDATE(TODAY(),-12),TODAY()),2,2),"""")","=IFERROR(INDEX(GOOGLEFINANCE(B500,""close"",EDATE(TODAY(),-24),TODAY()),2,2),"""")","=IFERROR(INDEX(GOOGLEFINANCE(B500,""close"",EDATE(TODAY(),-36),TODAY()),2,2),"""")","=IFERROR(INDEX(GOOGLEFINANCE(B500,""close"",EDATE(TODAY(),-60),TODAY()),2,2),"""")","=IFERROR(INDEX(GOOGLEFINANCE(B500,""close"",DATE(1970,1,1),TODAY()),2,2),"""")"
YUM,YUM,Yum! Brands,Consumer Discretionary,"=IFERROR(GOOGLEFINANCE(B501,""price""),"""")","=IFERROR(GOOGLEFINANCE(B501,""marketcap""),"""")","=IFERROR(GOOGLEFINANCE(B501,""volume""),"""")","=IFERROR(INDEX(GOOGLEFINANCE(B501,""close"",WORKDAY(TODAY(),-1),TODAY()),2,2),"""")","=IFERROR(INDEX(GOOGLEFINANCE(B501,""close"",WORKDAY(TODAY(),-5),TODAY()),2,2),"""")","=IFERROR(INDEX(GOOGLEFINANCE(B501,""close"",EDATE(TODAY(),-1),TODAY()),2,2),"""")","=IFERROR(INDEX(GOOGLEFINANCE(B501,""close"",EDATE(TODAY(),-3),TODAY()),2,2),"""")","=IFERROR(INDEX(GOOGLEFINANCE(B501,""close"",EDATE(TODAY(),-12),TODAY()),2,2),"""")","=IFERROR(INDEX(GOOGLEFINANCE(B501,""close"",EDATE(TODAY(),-24),TODAY()),2,2),"""")","=IFERROR(INDEX(GOOGLEFINANCE(B501,""close"",EDATE(TODAY(),-36),TODAY()),2,2),"""")","=IFERROR(INDEX(GOOGLEFINANCE(B501,""close"",EDATE(TODAY(),-60),TODAY()),2,2),"""")","=IFERROR(INDEX(GOOGLEFINANCE(B501,""close"",DATE(1970,1,1),TODAY()),2,2),"""")"
ZBRA,ZBRA,Zebra Technologies,Information Technology,"=IFERROR(GOOGLEFINANCE(B502,""price""),"""")","=IFERROR(GOOGLEFINANCE(B502,""marketcap""),"""")","=IFERROR(GOOGLEFINANCE(B502,""volume""),"""")","=IFERROR(INDEX(GOOGLEFINANCE(B502,""close"",WORKDAY(TODAY(),-1),TODAY()),2,2),"""")","=IFERROR(INDEX(GOOGLEFINANCE(B502,""close"",WORKDAY(TODAY(),-5),TODAY()),2,2),"""")","=IFERROR(INDEX(GOOGLEFINANCE(B502,""close"",EDATE(TODAY(),-1),TODAY()),2,2),"""")","=IFERROR(INDEX(GOOGLEFINANCE(B502,""close"",EDATE(TODAY(),-3),TODAY()),2,2),"""")","=IFERROR(INDEX(GOOGLEFINANCE(B502,""close"",EDATE(TODAY(),-12),TODAY()),2,2),"""")","=IFERROR(INDEX(GOOGLEFINANCE(B502,""close"",EDATE(TODAY(),-24),TODAY()),2,2),"""")","=IFERROR(INDEX(GOOGLEFINANCE(B502,""close"",EDATE(TODAY(),-36),TODAY()),2,2),"""")","=IFERROR(INDEX(GOOGLEFINANCE(B502,""close"",EDATE(TODAY(),-60),TODAY()),2,2),"""")","=IFERROR(INDEX(GOOGLEFINANCE(B502,""close"",DATE(1970,1,1),TODAY()),2,2),"""")"
ZBH,ZBH,Zimmer Biomet,Health Care,"=IFERROR(GOOGLEFINANCE(B503,""price""),"""")","=IFERROR(GOOGLEFINANCE(B503,""marketcap""),"""")","=IFERROR(GOOGLEFINANCE(B503,""volume""),"""")","=IFERROR(INDEX(GOOGLEFINANCE(B503,""close"",WORKDAY(TODAY(),-1),TODAY()),2,2),"""")","=IFERROR(INDEX(GOOGLEFINANCE(B503,""close"",WORKDAY(TODAY(),-5),TODAY()),2,2),"""")","=IFERROR(INDEX(GOOGLEFINANCE(B503,""close"",EDATE(TODAY(),-1),TODAY()),2,2),"""")","=IFERROR(INDEX(GOOGLEFINANCE(B503,""close"",EDATE(TODAY(),-3),TODAY()),2,2),"""")","=IFERROR(INDEX(GOOGLEFINANCE(B503,""close"",EDATE(TODAY(),-12),TODAY()),2,2),"""")","=IFERROR(INDEX(GOOGLEFINANCE(B503,""close"",EDATE(TODAY(),-24),TODAY()),2,2),"""")","=IFERROR(INDEX(GOOGLEFINANCE(B503,""close"",EDATE(TODAY(),-36),TODAY()),2,2),"""")","=IFERROR(INDEX(GOOGLEFINANCE(B503,""close"",EDATE(TODAY(),-60),TODAY()),2,2),"""")","=IFERROR(INDEX(GOOGLEFINANCE(B503,""close"",DATE(1970,1,1),TODAY()),2,2),"""")"
ZTS,ZTS,Zoetis,Health Care,"=IFERROR(GOOGLEFINANCE(B504,""price""),"""")","=IFERROR(GOOGLEFINANCE(B504,""marketcap""),"""")","=IFERROR(GOOGLEFINANCE(B504,""volume""),"""")","=IFERROR(INDEX(GOOGLEFINANCE(B504,""close"",WORKDAY(TODAY(),-1),TODAY()),2,2),"""")","=IFERROR(INDEX(GOOGLEFINANCE(B504,""close"",WORKDAY(TODAY(),-5),TODAY()),2,2),"""")","=IFERROR(INDEX(GOOGLEFINANCE(B504,""close"",EDATE(TODAY(),-1),TODAY()),2,2),"""")","=IFERROR(INDEX(GOOGLEFINANCE(B504,""close"",EDATE(TODAY(),-3),TODAY()),2,2),"""")","=IFERROR(INDEX(GOOGLEFINANCE(B504,""close"",EDATE(TODAY(),-12),TODAY()),2,2),"""")","=IFERROR(INDEX(GOOGLEFINANCE(B504,""close"",EDATE(TODAY(),-24),TODAY()),2,2),"""")","=IFERROR(INDEX(GOOGLEFINANCE(B504,""close"",EDATE(TODAY(),-36),TODAY()),2,2),"""")","=IFERROR(INDEX(GOOGLEFINANCE(B504,""close"",EDATE(TODAY(),-60),TODAY()),2,2),"""")","=IFERROR(INDEX(GOOGLEFINANCE(B504,""close"",DATE(1970,1,1),TODAY()),2,2),"""")"
